00000000: 4e 5c 04 57 88 ab 8e a2 d9 f4 6b 3e 44 6c 4f 60  N\.W......k>DlO`
00000010: 9a 92 e2 37 7f b7 38 4d cf 83 18 58 10 32 d4 d2  ...7..8M...X.2..
00000020: ca 95 c2 43 bf 50 41 44 9c 04 42 db 16 62 81 3b  ...C.PAD..B..b.;
00000030: e1 94 01 d8 47 84 7a db 19 ee 7e a7 38 79 44 15  ....G.z...~.8yD.
00000040: 19 3d 0a 3d 6d 79 95 da f0 cd 25 c6 d0 14 5e 67  .=.=my....%...^g
00000050: c4 ff 54 f3 30 ff 4f ff 80 da 1c 42 c5 37 90 a7  ..T.0.O....B.7..
00000060: b5 5e 35 9c 40 bb 09 65 d0 f6 b1 bc 96 ea 17 a4  .^5.@..e........
00000070: ea 1e e9 f0 e4 df d9 a3 a5 7c c8 c5 94 5e 81 76  .........|...^.v
00000080: fe 0e e2 24 c2 36 38 f8 54 36 44 b3 11 3f 10 27  ...$.68.T6D..?.'
00000090: e2 51 51 83 ad cd e2 67 d6 31 22 23 02 4e 49 cd  .QQ....g.1"#.NI.
000000a0: 03 d1 95 fc 8a 48 5c bd 90 ec c5 9c cc ca a5 f2  .....H\.........
000000b0: 65 2e c9 1c 1b 5e 68 61 37 38 48 0c 65 fe 01 a2  e....^ha78H.e...
000000c0: 71 f0 34 60 53 bb 21 33 7a 9b 9f f0 93 93 6b e1  q.4`S.!3z.....k.
000000d0: 99 6c bc 0a d1 a7 f9 6a 12 42 c8 e0 23 87 22 49  .l.....j.B..#."I
000000e0: 91 73 aa 36 98 4d 45 f4 c7 5c 03 1d 92 9c 3d e8  .s.6.ME..\....=.
000000f0: 48 1c 91 1f cd 89 51 8f a1 26 59 72 5b c9 f6 20  H.....Q..&Yr[.. 
00000100: 39 ba 66 92 c3 11 a5 2f 7a 00 fc 40 6f a6 2a 7c  9.f..../z..@o.*|
00000110: a3 26 9f 3c 46 42 9c 16 48 81 76 bc d9 e2 45 6a  .&.<FB..H.v...Ej
00000120: 9c 57 96 80 52 20 59 fd d5 74 90 a9 34 eb 06 7f  .W..R Y..t..4...
00000130: 1d c8 fc cf cd b6 e5 27 48 df 4b 4f 59 fe 3b 16  .......'H.KOY.;.
00000140: 5d e2 fa ad e7 3c 3c 90 a7 f6 7a 76 f9 21 a6 ca  ]....<<...zv.!..
00000150: c1 33 1d 6c 9f 5e 71 f9 e2 da 1e 54 75 ea 17 02  .3.l.^q....Tu...
00000160: 8a 9f ea d2 f2 01 ba 75 76 6e 9b 8d 2c 22 9a 85  .......uvn..,"..
00000170: f9 05 0c 71 14 86 1f 9d e7 28 b3 39 3e 1e 79 87  ...q.....(.9>.y.
00000180: 86 cd 95 bc 08 95 93 63 d5 e4 75 cf 90 94 79 a0  .......c..u...y.
00000190: 86 54 3b ed be b4 3d 49 74 c9 6b ac 9c e5 9e 73  .T;...=It.k....s
000001a0: 1e 9d 97 2f be 60 1e 53 c5 08 af e2 8b 16 84 26  .../.`.S.......&
000001b0: ca e9 ec 25 75 8a 9b 90 b5 61 99 66 4f d8 07 2f  ...%u....a.fO../
000001c0: c1 c4 c0 9d 62 c1 22 7e 6f 50 f0 2b ad 17 db eb  ....b."~oP.+....
000001d0: fe e3 aa 86 59 ee 15 14 66 5e ab 3d 9b 32 33 d8  ....Y...f^.=.23.
000001e0: 75 55 6e e8 e4 3e cd c7 fe 3b 56 b8 de ce fd 26  uUn..>...;V....&
000001f0: 0a e3 ee 02 ce f6 bc d8 d6 be 29 ee e7 cc 3f 33  ..........)...?3
00000200: 84 a2 eb 9b 08 eb ac de de 5a d1 0b 77 5e 69 e6  .........Z..w^i.
00000210: ce c9 0b a5 68 3c a4 7f ef 0e 9c d9 dd 5a c7 56  ....h<.......Z.V
00000220: 7e 94 8f 57 89 5c 67 80 ed 0d d6 70 7c 4f d8 9a  ~..W.\g....p|O..
00000230: d5 0d 91 e1 f8 c7 11 9c 76 f1 4e 3d 2e a7 66 40  ........v.N=..f@
00000240: 22 51 48 2d 44 86 10 90 e4 31 fd 86 53 44 f4 30  "QH-D....1..SD.0
00000250: 2c 20 83 3a 8f 89 93 bd 97 78 8a 2e dc d0 50 72  , .:.....x....Pr
00000260: a3 f1 15 b4 3d 82 0c 9c 6a 7c ce 20 53 29 ad a2  ....=...j|. S)..
00000270: 49 a7 72 5d 6a 3f 94 91 55 fa a3 d0 34 39 b3 27  I.r]j?..U...49.'
00000280: ee d0 8a 2e 94 f3 17 6c f2 f5 ad 6c 6a e0 a8 7d  .......l...lj..}
00000290: db f7 ed a8 ca 61 ca b8 69 74 59 00 2b b0 51 e2  .....a..itY.+.Q.
000002a0: eb 1f 1b 3c d6 38 e8 42 df 63 26 0c 41 fe f2 a8  ...<.8.B.c&.A...
000002b0: 04 f6 5e 7b 29 06 2a 51 3b fc 49 34 a6 82 23 09  ..^{).*Q;.I4..#.
000002c0: ec 40 56 93 3d 4b f1 5a 53 bd e2 98 13 fc 9b 01  .@V.=K.ZS.......
000002d0: 5a fb 8b 15 35 d1 82 01 50 55 01 18 82 a2 f6 4a  Z...5...PU.....J
000002e0: 5f 19 12 17 8d 0a c2 c5 fa 65 fb 37 45 3b eb 9b  _........e.7E;..
000002f0: 62 d1 7b 52 00 b6 50 3a 18 94 51 73 da 6e 4b b3  b.{R..P:..Qs.nK.
00000300: ec f5 41 7a b2 e2 e1 61 35 51 c7 09 e1 7c 6d 1b  ..Az...a5Q...|m.
00000310: 76 d8 49 98 33 64 3e f4 4d 3b a8 e4 0a 80 01 59  v.I.3d>.M;.....Y
00000320: f1 b0 fa bf 8f b8 22 b1 c9 25 6b fe e1 c3 7a 67  ......"..%k...zg
00000330: c7 61 e9 bf 9d 7d fc cd ac 42 18 d1 ff d5 07 c3  .a...}...B......
00000340: 7f 59 0b ff 9d 4e b9 2d e7 2a 9b d5 c4 23 6b 8b  .Y...N.-.*...#k.
00000350: 9c 6b 0c 35 f3 2c 87 df cf 4f ce d8 fc 90 5b 10  .k.5.,...O....[.
00000360: ef 8e 73 d8 c5 d7 50 9d 8b e1 5a 5b e9 53 ff 83  ..s...P...Z[.S..
00000370: 5c ea ba 6e 87 f2 63 c9 3b 80 4c c8 fa 9e 5d 7a  \..n..c.;.L...]z
00000380: 3b c1 a2 df 14 75 06 dc af 25 59 84 98 79 f0 7b  ;....u...%Y..y.{
00000390: 71 49 af 72 b6 e9 b5 bc 4d c8 7d 07 07 0b 8f d5  qI.r....M.}.....
000003a0: 45 6f 99 f8 77 89 b6 6f 4f c9 87 75 49 56 63 b0  Eo..w..oO..uIVc.
000003b0: 80 da 56 91 75 31 b6 90 33 0b 40 f1 bd c5 bd ed  ..V.u1..3.@.....
000003c0: de d1 16 47 90 12 c4 b6 7f 8f c6 f5 a7 4d 62 05  ...G.........Mb.
000003d0: 38 3a f1 fe 62 13 94 31 a9 91 db 1d 0e ec c2 88  8:..b..1........
000003e0: d3 b0 46 22 e8 29 da c8 37 17 81 c7 b2 83 44 94  ..F".)..7.....D.
000003f0: 6f 71 65 9d 93 bf 3b 23 33 74 f7 87 a3 a8 9c 0d  oqe...;#3t......
00000400: bb 81 a6 45 da ba ae 20 53 d1 ae 4b c3 a0 b0 88  ...E... S..K....
00000410: e1 3a b3 8e 56 99 7d cc 93 75 c9 be 28 bc ba ff  .:..V.}..u..(...
00000420: 12 56 a4 b8 7a 1a d0 07 71 8e 83 25 36 b9 4f 47  .V..z...q..%6.OG
00000430: f5 3e 1c e5 e8 86 48 dc 75 94 a2 d3 22 60 e9 e1  .>....H.u..."`..
00000440: 78 e0 a1 be 94 8b 18 3e a7 02 a0 60 b7 09 fe dd  x......>...`....
00000450: 32 f4 2b 5f 9d 43 79 dc 4a 25 5b a4 7d 63 3e c7  2.+_.Cy.J%[.}c>.
00000460: f8 c2 a0 9d 9e b7 c3 0d 72 e4 fc 7b 8a 6e 66 2b  ........r..{.nf+
00000470: c0 d0 45 11 7c 6b 27 0a f3 8e 30 44 ff d2 11 1c  ..E.|k'...0D....
00000480: 31 66 6d 21 14 10 c5 b4 0d 48 74 2e ee ec 62 ab  1fm!.....Ht...b.
00000490: 60 a4 79 89 12 d3 e3 91 69 c8 77 d9 88 2d bc a4  `.y.....i.w..-..
000004a0: d8 a9 fa 30 38 4b ad 38 00 dc 08 b1 d8 b8 ee 1e  ...08K.8........
000004b0: b1 2e d5 6d 62 4b ba 7b d7 7b 78 d2 b9 f2 0d 8f  ...mbK.{.{x.....
000004c0: 8f 26 16 23 d1 00 31 3e 0b ca 86 c4 19 5a f2 6e  .&.#..1>.....Z.n
000004d0: e0 2f 18 8a d8 e8 4d 20 0d 38 fc 37 5b cf 3e 09  ./....M .8.7[.>.
000004e0: 5b 64 bf 85 c2 16 c5 70 a3 5d 39 7d 91 19 a3 8b  [d.....p.]9}....
000004f0: 57 aa be 43 53 ac 6d 23 9f a2 61 ed ad fa 3d 28  W..CS.m#..a...=(
00000500: 31 09 91 24 8c da e9 af a1 3c 4f 71 a4 78 ca cf  1..$.....<Oq.x..
00000510: 0d 83 32 78 3c 54 82 61 66 bf 1e a4 68 65 f0 99  ..2x<T.af...he..
00000520: 14 dd 99 6c 40 f5 28 1f e2 92 2c 08 54 e5 63 51  ...l@.(...,.T.cQ
00000530: 63 e2 82 a2 f9 cb ce 81 57 cb 62 d0 9a 50 92 92  c.......W.b..P..
00000540: 1d 45 27 0f 24 43 7e e7 13 69 e0 21 94 5c 6d 9e  .E'.$C~..i.!.\m.
00000550: 92 5a eb a5 03 b5 aa 7b 6d 75 80 2c cb 72 f7 1a  .Z.....{mu.,.r..
00000560: 73 f0 a9 21 08 c4 39 87 0b f6 32 f2 4a bb 3f c9  s..!..9...2.J.?.
00000570: 83 ce 37 84 ba e3 62 f7 c7 4e 36 dc 52 7e da 77  ..7...b..N6.R~.w
00000580: 5c d2 11 b0 bb 23 cd a5 27 c5 0e e2 2f 61 c4 01  \....#..'.../a..
00000590: 5e 33 57 13 06 99 17 1d 9f 63 b5 40 d0 1e 3c 4f  ^3W......c.@..<O
000005a0: 07 47 2c ab e3 82 b3 a9 68 7e a8 b3 42 1d f7 c4  .G,.....h~..B...
000005b0: d4 c5 12 c1 c8 96 35 9b 02 fa b2 bd dd 01 05 f9  ......5.........
000005c0: 67 33 54 6f d9 ff 48 42 d9 72 89 1c 73 16 f5 16  g3To..HB.r..s...
000005d0: c4 27 02 d3 a3 5d 62 93 24 c7 88 07 78 a8 71 f7  .'...]b.$...x.q.
000005e0: f6 46 da 4c 29 78 ff 28 b5 8a c5 e8 d4 a6 7a e3  .F.L)x.(......z.
000005f0: b8 10 46 fb 9a 90 09 63 57 64 a1 4c e4 0f 45 57  ..F....cWd.L..EW
00000600: e0 aa cf 89 d7 51 dd ca 12 95 16 e0 16 c0 5b db  .....Q........[.
00000610: eb 57 28 82 12 ec 17 ad e2 33 cc e0 f0 62 db 60  .W(......3...b.`
00000620: 27 92 35 18 ed 1e 73 0b 33 39 0d d2 de 4c 38 0a  '.5...s.39...L8.
00000630: 41 55 b2 1d 0b eb b8 48 46 27 c5 30 f6 ab 6d 81  AU.....HF'.0..m.
00000640: 88 63 c6 1b 9f 47 5a cb 19 b3 c0 66 08 e4 a8 20  .c...GZ....f... 
00000650: eb b7 82 e8 2d 2c e3 af de 06 2c e6 31 66 4d d4  ....-,....,.1fM.
00000660: 45 69 a8 fd 54 18 3b c9 59 2f fc b3 6b 40 07 c7  Ei..T.;.Y/..k@..
00000670: af b1 d8 67 49 34 71 08 45 4a 5b 30 08 21 65 26  ...gI4q.EJ[0.!e&
00000680: bc cf a7 92 c5 77 34 94 cd 7d 60 96 d5 5f a5 a2  .....w4..}`.._..
00000690: b7 f0 14 78 ff 3c 8b b5 3b d7 cc b4 c7 9a 62 3f  ...x.<..;.....b?
000006a0: 58 ce dc 2c dd 8a be a6 95 96 b6 51 33 04 7a 19  X..,.......Q3.z.
000006b0: 9c 61 22 cf 76 c4 ce 47 a6 95 f6 12 df a2 0e b9  .a".v..G........
000006c0: 23 9b 27 f3 9f 72 91 06 96 64 fd c4 18 95 56 e5  #.'..r...d....V.
000006d0: 7f 67 06 f5 11 ee 09 42 60 8b 06 45 89 2d b1 60  .g.....B`..E.-.`
000006e0: 96 22 ba d5 2b 2f b3 4a 86 0a bd aa b9 fd d5 e1  ."..+/.J........
000006f0: 19 40 27 d1 f7 1d 3d c8 43 e0 f0 16 be 96 8c 44  .@'...=.C......D
00000700: f7 99 46 bb ed d9 d7 8d d3 61 b4 f2 59 59 e8 9a  ..F......a..YY..
00000710: 1f e1 93 d4 f2 7e 6b 7a d5 6b 1f 6e 43 a1 13 ca  .....~kz.k.nC...
00000720: d5 1e 5c 1a 8f 84 35 3a 58 eb 4a c9 20 9c a6 b3  ..\...5:X.J. ...
00000730: 90 56 99 8b 9d e0 ce 24 e2 fd 5b 6e d8 a8 e5 ba  .V.....$..[n....
00000740: b4 3d 6a 24 8c 61 48 57 01 a3 c2 7f 00 2c b5 68  .=j$.aHW.....,.h
00000750: 6f 4b 2e 65 4f 51 f6 9a ea a9 72 e7 b1 39 f8 07  oK.eOQ....r..9..
00000760: df 1f 8f ce f2 f7 48 98 45 4b 0d a4 b4 94 12 86  ......H.EK......
00000770: fb 72 67 a6 89 74 b8 cc 1e c9 cb 97 93 7c a5 ca  .rg..t.......|..
00000780: 60 41 a6 03 94 42 83 83 0d 7f bb f0 52 3d ee 2b  `A...B......R=.+
00000790: 64 01 35 b6 d5 00 40 94 3b 56 bd 3d 39 99 a4 7c  d.5...@.;V.=9..|
000007a0: ed 8d f2 fd 46 c9 36 22 61 1f e6 27 ee 1d 53 b9  ....F.6"a..'..S.
000007b0: 4c 09 4a 03 cf a4 6f af 8e 46 08 bb ce b5 41 52  L.J...o..F....AR
000007c0: 25 e6 cf 11 22 ed a8 15 c2 fa a0 52 4a 3b 64 36  %..."......RJ;d6
000007d0: 95 4e 61 89 0f 68 84 43 28 51 f5 a6 ba ae e1 f0  .Na..h.C(Q......
000007e0: 30 31 61 92 5c 8a 63 3a 6a 06 cb cc 4c 87 d8 44  01a.\.c:j...L..D
000007f0: 2b 21 41 6d 19 10 f3 41 34 b2 27 f7 ce e4 91 da  +!Am...A4.'.....
00000800: 1c d6 b5 22 c6 da e0 89 27 75 5c 38 2f ee e0 42  ..."....'u\8/..B
00000810: d1 a7 0e 2c 41 82 48 68 94 b6 d9 84 10 c2 1c 00  ...,A.Hh........
00000820: ac 73 dd 51 34 71 79 bf 2c d1 e3 73 ef 34 9c 7e  .s.Q4qy.,..s.4.~
00000830: c2 ff 42 ce b0 f3 28 5d 5e e5 bc d6 fa ad 1a 94  ..B...(]^.......
00000840: 61 13 0b e9 0b d8 88 a7 c2 e2 51 cd 12 8e 0f 64  a.........Q....d
00000850: 50 4c b3 5a 52 c7 49 96 59 2f 71 de b1 09 08 35  PL.ZR.I.Y/q....5
00000860: 3c 0e 4c 8a 53 9a 6d 02 cf bc 07 7a 9e 47 04 86  <.L.S.m....z.G..
00000870: 96 48 88 b2 78 09 25 4e 9d 79 9d 81 61 04 a8 ed  .H..x.%N.y..a...
00000880: 41 0e 8c dd 00 6f c7 7d 3c 01 6a 83 f7 97 4f 1a  A....o.}<.j...O.
00000890: c2 e9 e8 47 5a d3 e4 22 95 d5 bc 53 7a 5f bb e2  ...GZ.."...Sz_..
000008a0: e3 ec 67 31 67 85 41 b9 ad 84 22 b7 66 95 32 cd  ..g1g.A...".f.2.
000008b0: 4f 11 74 0e 56 d3 75 20 bb 02 db 3d 83 ab fc d2  O.t.V.u ...=....
000008c0: a6 ac 0c 25 98 2f b8 b1 ea 9c fe a4 04 43 45 6e  ...%./.......CEn
000008d0: d0 4c 9b 6a 35 f7 11 21 d2 ff 8a 16 bf 62 34 78  .L.j5..!.....b4x
000008e0: f2 76 5b b8 f4 50 12 d0 8d 34 9f 08 b7 47 1a 3c  .v[..P...4...G.<
000008f0: 29 5c 85 b4 1c c6 ad 4a 29 a0 3c a9 ad 27 55 12  )\.....J).<..'U.
00000900: 3f 8e 77 ad 80 af e0 33 36 4d f5 5b 91 81 9f d3  ?.w....36M.[....
00000910: 17 54 c7 74 97 56 08 db 52 0a dd 41 2f 60 4f 8c  .T.t.V..R..A/`O.
00000920: 8c e6 7f 78 90 93 eb 19 e8 cf 22 bd 60 60 09 66  ...x......".``.f
00000930: 0b 02 2c 02 d9 4e d1 3f 2a e8 87 00 a6 82 52 85  ..,..N.?*.....R.
00000940: 87 66 36 10 f0 99 04 bc dd 42 1e e1 80 5a fa 10  .f6......B...Z..
00000950: 3c c8 0e 57 b1 55 24 4e d3 d1 88 da 15 60 28 d5  <..W.U$N.....`(.
00000960: 4b 6b 77 40 e1 c4 68 f3 38 83 c0 94 df 14 90 74  Kkw@..h.8......t
00000970: e2 83 73 b0 fc ef 10 e5 f8 8c e6 2c ef e3 31 31  ..s........,..11
00000980: 1f 61 09 ee 36 a9 15 da 2c 03 4e 7e ac c5 2d ad  .a..6...,.N~..-.
00000990: c6 76 31 0c c7 6c 7e cb d3 56 07 e1 22 c0 51 70  .v1..l~..V..".Qp
000009a0: 8a 21 dd 1d 02 d0 3c 8a 14 58 93 5c d0 ea 9c 26  .!....<..X.\...&
000009b0: 8f a0 cb eb 32 a6 d9 90 26 80 44 e4 08 cb 0f 29  ....2...&.D....)
000009c0: ce ec 35 d3 d6 87 3a a5 50 de d4 16 fa 63 90 58  ..5...:.P....c.X
000009d0: ad 02 9a 4d f4 e1 5a 48 c5 88 f7 d1 6b e0 1c ac  ...M..ZH....k...
000009e0: 05 8a 2d cd d9 a0 f9 df 81 26 04 9d 36 1e ae 29  ..-......&..6..)
000009f0: b4 ee 92 28 a6 f6 bf 53 3e c6 31 f5 19 e8 5d aa  ...(...S>.1...].
00000a00: 2c 25 32 91 6b a2 ac c3 79 37 e6 bb e6 98 58 31  ,%2.k...y7....X1
00000a10: a2 e9 1a 0e 8e 9c bb 31 d5 7f ae 96 af 3f 35 49  .......1.....?5I
00000a20: ec 5d d3 58 c9 2f 12 de 71 06 89 cc b3 39 db 57  .].X./..q....9.W
00000a30: bc de b7 f9 d6 0d f2 c0 76 12 db 51 fb 62 03 ef  ........v..Q.b..
00000a40: 53 57 45 f8 90 7c 3b c2 19 5f 67 79 a9 bb 43 a2  SWE..|;.._gy..C.
00000a50: 63 e2 4e 8c 2d 25 3a 62 b8 1d 9b 68 dd d3 b0 54  c.N.-%:b...h...T
00000a60: 3e 8f 8c a7 cf 81 c3 dd 9a f6 24 11 49 50 b9 36  >.........$.IP.6
00000a70: f1 77 7f 49 7d e2 9b 4e 24 95 b0 56 87 69 f9 01  .w.I}..N$..V.i..
00000a80: 33 aa 24 e9 de 02 09 81 47 d3 d7 fd e7 78 29 03  3.$.....G....x).
00000a90: be 10 2d 5d 1b d6 11 e8 c2 61 da 00 ef 5d 2d 74  ..-].....a...]-t
00000aa0: 10 fa 7e 34 9c 11 b0 10 b6 2c f7 56 91 4d 8d 8e  ..~4.....,.V.M..
00000ab0: 8d 35 2b 98 94 89 dc e3 a0 a9 29 81 c1 da 71 2c  .5+.......)...q,
00000ac0: 27 fa 42 8a 91 fb 1f be f5 9c 9a f3 48 85 08 b6  '.B.........H...
00000ad0: 2a be 71 8b 29 da 26 81 9b d5 ce d2 f6 d1 b4 e0  *.q.).&.........
00000ae0: 89 df 50 cf f7 3a 9d 51 b1 f0 58 23 ba 3f 63 e5  ..P..:.Q..X#.?c.
00000af0: 43 c7 e9 5c 8e 02 fe 51 1b 67 9b f8 1e 39 12 25  C..\...Q.g...9.%
00000b00: d2 b9 e6 46 ec 8d 03 76 78 51 0e d9 d4 a5 6f c2  ...F...vxQ....o.
00000b10: 76 7a c0 92 a4 aa 04 d1 38 73 92 4b e8 4a a7 37  vz......8s.K.J.7
00000b20: ee 48 eb ad c6 59 5c 1c 98 67 ba da dc fd 99 f3  .H...Y\..g......
00000b30: f3 d7 6d 84 84 2e 1f 9c e8 ac 0a 0f 7f 00 d7 8a  ..m.............
00000b40: 0d be 07 f0 67 4a 79 ab 69 a1 5b b3 b4 18 78 de  ....gJy.i.[...x.
00000b50: 9f ee bd 93 96 8f 59 79 4d 1b 8e 36 c2 bc 1f 81  ......YyM..6....
00000b60: e4 b6 18 d0 6c df 5e 0a ad b0 54 71 64 3f be 25  ....l.^...Tqd?.%
00000b70: 7b d0 56 17 40 9e a1 87 2b cc 97 2d 09 9b 65 cc  {.V.@...+..-..e.
00000b80: b1 ae b9 48 b6 88 20 c7 40 9b d9 23 c6 48 7d a8  ...H.. .@..#.H}.
00000b90: 9c 6e 8d f8 67 af f1 24 ce 3a 67 f2 0a ea 84 8d  .n..g..$.:g.....
00000ba0: 5a e1 c4 ce 94 7b 17 1b 90 3b 9e f6 0d 27 7c 18  Z....{...;...'|.
00000bb0: 52 60 85 2a e1 27 a4 8e bf 42 b1 09 80 91 54 61  R`.*.'...B....Ta
00000bc0: 47 68 0c f2 84 a9 b1 04 bf 74 b7 4f 2a ef 72 b6  Gh.......t.O*.r.
00000bd0: e7 5d c8 32 10 45 17 5c f7 f2 e9 df 30 f4 8c 46  .].2.E.\....0..F
00000be0: 11 e5 89 dd 40 0d 8f 2b fe 8b 16 15 ad 21 5d 2c  ....@..+.....!],
00000bf0: 78 22 4c 79 67 d8 ca 13 b9 bf 07 28 1d 99 68 55  x"Lyg......(..hU
00000c00: f5 e9 b8 d0 70 89 72 58 0c a5 4f c8 ab 7f bb d8  ....p.rX..O.....
00000c10: 2d 26 ab ec 2e 16 2a fc e7 5a 1d 29 48 c4 08 f1  -&....*..Z.)H...
00000c20: 04 cb 4e 68 25 e7 63 4b ab 6b 6c 23 ce 60 f6 89  ..Nh%.cK.kl#.`..
00000c30: 88 ee 48 c5 33 cf da 69 7e f4 76 e7 f2 23 eb 0f  ..H.3..i~.v..#..
00000c40: de f3 fa 9a f3 ae d5 b9 11 55 a1 c1 16 c6 a7 43  .........U.....C
00000c50: 4f 26 9a 98 fb f7 3a c5 f2 15 c9 5a e2 45 1c dc  O&....:....Z.E..
00000c60: ee e7 7e fb 79 98 cd 17 5f 6f 11 1e 66 73 c9 8d  ..~.y..._o..fs..
00000c70: c5 87 68 3e 49 ed 2d 19 a7 99 13 cc e4 31 cc fa  ..h>I.-......1..
00000c80: 03 ad ea af 5c fc be b5 a3 5c cf 0c 5a ee 8b 78  ....\....\..Z..x
00000c90: 3c a7 0d b1 28 0f b7 60 42 fc 0c fd 13 35 f8 41  <...(..`B....5.A
00000ca0: b3 f6 61 cd c2 de 9b 20 fc 4b d4 5a f6 f0 08 60  ..a.... .K.Z...`
00000cb0: e2 6a b6 d8 54 95 ab 41 d2 a8 8d 24 a8 26 8a d3  .j..T..A...$.&..
00000cc0: c3 d1 b2 94 f4 22 13 46 06 75 cb b1 ac 77 f2 47  .....".F.u...w.G
00000cd0: fb 9b 2f ab de b8 22 a8 f4 cd 10 54 4f 12 04 ba  ../..."....TO...
00000ce0: d5 6c 01 64 2e 3d e3 b4 b3 55 98 4f 5a b4 6c 22  .l.d.=...U.OZ.l"
00000cf0: 9a 24 af 69 21 d6 10 58 19 f4 cd 31 8d 6e 5e 7e  .$.i!..X...1.n^~
00000d00: 24 7b cb 25 a6 51 c6 89 e1 ad 5c 17 28 d5 cd d1  ${.%.Q....\.(...
00000d10: ae 26 40 f9 10 4f 03 37 1f c2 44 ce c0 c7 ff 56  .&@..O.7..D....V
00000d20: d3 13 22 40 7f 6b 29 78 b4 78 d4 2c ca 03 db 31  .."@.k)x.x.,...1
00000d30: 39 ee f6 b1 4c 2c 25 6d 74 5f 9e 51 27 34 af c4  9...L,%mt_.Q'4..
00000d40: ca db fb b2 12 79 26 9f 43 0d c2 e0 d9 b6 59 f9  .....y&.C.....Y.
00000d50: e0 cd dd 14 10 24 18 46 34 79 1f a2 7b 4e cc 84  .....$.F4y..{N..
00000d60: 95 b4 61 2c 83 5d 06 5c 9e 99 80 dc ae 0c 44 f8  ..a,.].\......D.
00000d70: cd 77 30 ea c8 3f d5 30 fe 65 4f 1b 2f 99 5c 61  .w0..?.0.eO./.\a
00000d80: 18 f3 f6 01 63 d4 55 27 a2 f5 bd 33 89 17 4c 58  ....c.U'...3..LX
00000d90: 69 ce 43 c6 2f d1 82 7d ee 62 28 57 ae e0 d8 c0  i.C./..}.b(W....
00000da0: 3c 99 12 9f 50 80 80 29 1a 81 57 4a b2 27 15 36  <...P..)..WJ.'.6
00000db0: 3f 96 03 e0 aa 30 dc aa 7b 66 f0 5c 21 3d 9d 63  ?....0..{f.\!=.c
00000dc0: 32 5f 75 e7 07 96 0d c9 ae bd e7 80 dc 39 39 ab  2_u..........99.
00000dd0: e1 fa b4 cd ba 2b a1 c3 72 4e 42 d5 28 65 11 ba  .....+..rNB.(e..
00000de0: 34 fc 5c 7f 1d 56 8d 10 58 b0 99 b3 c8 cd fa a1  4.\..V..X.......
00000df0: c6 05 ed 01 dc 7d d5 ee 47 e6 91 93 fc f3 27 a1  .....}..G.....'.
00000e00: e6 2a 48 4b d0 e3 0d b0 bd ca 20 2f 82 87 a7 83  .*HK...... /....
00000e10: 3d 79 36 3d 45 e0 63 af b9 80 a4 e7 2a ea 1b 88  =y6=E.c.....*...
00000e20: 96 ef 90 4f 88 df ff f1 24 6d aa d8 dc b8 c7 f5  ...O....$m......
00000e30: 57 a4 3d 2e 1f 86 52 3a 03 63 88 00 dd 99 c8 9d  W.=...R:.c......
00000e40: af a9 cc 56 4f ea 32 64 b6 1b 4e 60 78 a0 e6 f2  ...VO.2d..N`x...
00000e50: 97 f6 4e 14 3d 19 4e a8 2e e7 68 01 b9 77 a8 23  ..N.=.N...h..w.#
00000e60: da 3a eb 40 86 98 c8 56 35 30 1c 74 a3 3b 3e fb  .:.@...V50.t.;>.
00000e70: 24 02 fb c8 41 af 8c 50 94 77 d0 79 33 4f 13 aa  $...A..P.w.y3O..
00000e80: 75 27 30 8e 46 e2 99 70 60 50 fb 62 78 5e 0d 68  u'0.F..p`P.bx^.h
00000e90: 9d 4b cd f5 5c 6d 7f ba 82 12 60 b5 1d 00 bc 85  .K..\m....`.....
00000ea0: 5d a5 18 29 ca fd ca 73 e3 1b ef be 1d b7 b2 4f  ]..)...s.......O
00000eb0: 24 c1 0c d2 0e 52 24 bc 09 25 61 d7 db 4d 50 6c  $....R$..%a..MPl
00000ec0: 15 7f 88 e5 72 8a e5 aa a3 76 15 d1 83 6c 15 3b  ....r....v...l.;
00000ed0: 9f c6 61 8a 8c 16 05 65 cb 63 54 1a d5 28 99 dc  ..a....e.cT..(..
00000ee0: 49 8b 32 1f eb 13 34 51 e2 62 ca 94 62 e3 a8 59  I.2...4Q.b..b..Y
00000ef0: b6 9e 98 26 f7 26 03 48 c8 3a f7 5e 2c d2 c8 79  ...&.&.H.:.^,..y
00000f00: 0a 71 2a fd 62 e3 08 23 ab 22 98 12 c5 cf 14 7d  .q*.b..#.".....}
00000f10: 6a 54 83 4d f3 22 ca 54 f7 8f 25 fb 0d 46 07 c7  jT.M.".T..%..F..
00000f20: a8 7f f5 d1 82 62 94 15 01 96 42 81 ae eb db 98  .....b....B.....
00000f30: 75 1e b0 30 32 fc 07 58 c8 d7 3c df a0 c5 9b 0c  u..02..X..<.....
00000f40: c5 18 e2 ef 4b d2 24 d7 55 1c 70 94 d9 a9 1f 0b  ....K.$.U.p.....
00000f50: 6c 5a 3c e2 7a 8c ac a8 f8 dc ae 95 cc 89 67 dd  lZ<.z.........g.
00000f60: 99 ef c5 99 fa b0 aa 09 ca ff e8 51 6d e4 8d 7a  ...........Qm..z
00000f70: d5 92 f3 a8 8f f8 db 84 ec 57 4d 7e 9f a8 20 13  .........WM~.. .
00000f80: 49 db bf da 33 47 78 60 9f 86 ba bb d8 37 a2 8b  I...3Gx`.....7..
00000f90: a1 66 d9 80 a7 4f bc 18 9b 69 46 09 f9 a1 84 13  .f...O...iF.....
00000fa0: de bd 78 49 16 63 09 0e c8 04 ac 77 bc ea 7d 53  ..xI.c.....w..}S
00000fb0: 4c ca 21 38 85 38 f7 ab 38 0d c7 7e 84 6b e5 89  L.!8.8..8..~.k..
00000fc0: 1a 11 dd 18 a5 f5 23 2f d3 38 26 9e ee 87 75 33  ......#/.8&...u3
00000fd0: 70 6d 89 dc 8a 23 73 dd 1b 28 33 bf 02 cf d5 b7  pm...#s..(3.....
00000fe0: 9c f7 58 85 52 04 29 40 da d3 ed e3 8c ee 3f 5e  ..X.R.)@......?^
00000ff0: b9 ce ff ad f8 a3 e7 a8 98 7b 87 ba 41 bd 60 f9  .........{..A.`.
00001000: 90 51 d9 b7 35 46 b1 23 b2 52 b5 d5 73 23 77 9d  .Q..5F.#.R..s#w.
00001010: f6 b0 b7 8b 89 92 88 b3 6c 40 49 c6 fd 65 8d 28  ........l@I..e.(
00001020: 7b 6d cf 99 3e 1c ed b8 28 b0 45 3b 8f de 20 fe  {m..>...(.E;.. .
00001030: a1 2b 62 8d 74 b8 a8 d7 6d 34 6c e0 ce be 36 46  .+b.t...m4l...6F
00001040: c0 a0 46 8e bf 73 aa 01 93 ff 54 ed 20 35 a4 9a  ..F..s....T. 5..
00001050: 2e ed 5d 30 b3 0d fb ea 68 ee 05 10 e4 fd 37 c4  ..]0....h.....7.
00001060: e0 d5 60 bf e0 d0 0b 03 8a 01 9f c9 d5 ef ea 8c  ..`.............
00001070: 5d a8 c6 aa b3 0a f0 3b 00 82 64 a3 aa 2d 0a 20  ]......;..d..-. 
00001080: 82 81 0c 52 be 0f 93 92 6c 7c b9 a1 66 b4 57 c8  ...R....l|..f.W.
00001090: f9 eb 10 67 38 a7 03 37 a6 57 20 a3 6b 11 43 6a  ...g8..7.W .k.Cj
000010a0: 72 68 ea fa 62 c9 4c d1 1f eb e7 73 f3 4d 53 bd  rh..b.L....s.MS.
000010b0: 78 a3 04 dd 60 10 3b a1 6d 35 2a 38 3b a1 c1 ab  x...`.;.m5*8;...
000010c0: aa fd f2 34 ee ec 07 f5 e1 c0 6a 11 d3 f2 04 f2  ...4......j.....
000010d0: 0c 3a 47 bd 4a 3b b8 b8 dc ec d6 62 e5 d1 3b 3a  .:G.J;.....b..;:
000010e0: 1a 1e a3 e3 cd ee 30 83 b1 fb 2f 19 ca e0 4f bb  ......0.../...O.
000010f0: c5 ec f6 b3 2f b2 24 22 ec 6a 68 53 ac f5 b0 42  ..../.$".jhS...B
00001100: 27 0d d7 c2 0e a6 02 96 2c df fb 18 ef f2 ad 53  '.......,......S
00001110: 08 e1 9e e2 35 72 d6 80 4b c7 a8 1b d1 a8 16 36  ....5r..K......6
00001120: 36 66 3d 98 9d 28 a9 1b c9 a7 b6 07 40 7c a6 88  6f=..(......@|..
00001130: 5d 93 a1 3a 61 1a 6d 84 c7 c9 18 14 88 91 78 fb  ]..:a.m.......x.
00001140: ee 57 9f e5 0d a8 d7 ee db bb 9b 23 0c 3d b1 ed  .W.........#.=..
00001150: 00 66 66 6a e0 c0 3d e7 e2 9c b0 88 5c f1 05 db  .ffj..=.....\...
00001160: 25 c1 2c c8 90 8a ce ca 35 8b 70 1e 70 e0 cc 9f  %.,.....5.p.p...
00001170: 4d ec 0b b4 bd 3c 89 29 44 f8 e3 96 c0 68 09 3e  M....<.)D....h.>
00001180: 2a 30 11 5d 71 23 26 94 fc 4f bf 91 83 94 ab 6f  *0.]q#&..O.....o
00001190: 42 a1 4d fe 15 1f c3 bd d9 f0 f8 af 1c a4 17 72  B.M............r
000011a0: 42 e5 94 4c bd f7 be eb 78 1b 32 c9 5b 6f f7 61  B..L....x.2.[o.a
000011b0: b6 08 69 f6 ad 72 3e ee 27 cb 41 44 33 47 1a 45  ..i..r>.'.AD3G.E
000011c0: 43 b8 7a 0b ef bb 33 ef 9a 47 79 79 da fa 36 cc  C.z...3..Gyy..6.
000011d0: 7f 0f b8 1d 42 e5 06 ba f1 fb 55 e6 7c 23 f2 ec  ....B.....U.|#..
000011e0: b5 e9 23 d8 31 5f 9b 33 34 c6 07 26 07 ba a5 09  ..#.1_.34..&....
000011f0: dc 0b 3e 81 72 c7 ec ae 50 c6 ac 71 ab 31 31 a7  ..>.r...P..q.11.
00001200: 4f 93 45 f4 b9 0d 66 d9 3a 49 08 05 5f d1 4d b8  O.E...f.:I.._.M.
00001210: 45 f2 7b dc cf a9 a9 b4 2a 3c 75 31 4f c4 d1 02  E.{.....*<u1O...
00001220: d9 97 d7 c7 23 0c 93 f9 0f 00 ce fe 00 ff a7 ea  ....#...........
00001230: e2 d1 d8 ee 88 ca 2e e3 5d de 68 94 2c ba c3 4b  ........].h.,..K
00001240: 9f e5 a4 b7 2e 94 03 a6 7b f3 71 75 d3 57 6a 1a  ........{.qu.Wj.
00001250: df f3 2c 78 b6 2b 07 22 33 0b 3b 13 5b bf 64 56  ..,x.+."3.;.[.dV
00001260: 13 76 45 55 3b 36 d5 3a a5 a5 2b a6 ed a8 0c f0  .vEU;6.:..+.....
00001270: 59 cc b8 65 60 57 7f 49 54 81 21 9a 30 c7 41 15  Y..e`W.IT.!.0.A.
00001280: c0 dc c2 8f 03 d3 2d d3 cc 76 f5 db 3d 35 44 f4  ......-..v..=5D.
00001290: e7 36 c2 47 72 e1 39 29 5c 31 2b e8 cc 76 5c e7  .6.Gr.9)\1+..v\.
000012a0: 06 b2 e8 dc 11 9b 9a 58 11 81 ec a6 20 db 49 7b  .......X.... .I{
000012b0: 09 c0 71 0c b6 aa 91 6f 18 4e ff 97 a5 71 e5 25  ..q....o.N...q.%
000012c0: 80 59 33 e1 49 d5 70 07 3c ca 22 0b d9 70 d0 ee  .Y3.I.p.<."..p..
000012d0: 0c 92 8e 27 86 31 c6 5a f5 77 6a 76 47 49 a6 db  ...'.1.Z.wjvGI..
000012e0: ef b4 08 44 14 b5 83 39 d5 ef 50 df 1c 6d eb a2  ...D...9..P..m..
000012f0: 81 a3 c9 c5 55 46 ed 03 7e fa 74 0f fa c6 4a a2  ....UF..~.t...J.
00001300: bf 02 29 17 b5 ae db e7 83 ce 68 07 53 0b 7d fc  ..).......h.S.}.
00001310: a1 99 8a a5 de 6d 90 ca 85 09 f4 78 ec 5d 4b f1  .....m.....x.]K.
00001320: 49 c6 a9 24 68 88 b7 f3 38 b6 f6 c6 c0 3c 99 98  I..$h...8....<..
00001330: 56 79 e4 98 bd 81 bc 30 90 df f0 65 6a ce 06 75  Vy.....0...ej..u
00001340: 0f 76 df 9d 27 5a 68 bf 62 69 cb 67 55 cd c0 22  .v..'Zh.bi.gU.."
00001350: e6 fd 24 0e 91 85 99 64 50 97 60 4c 63 7b be 87  ..$....dP.`Lc{..
00001360: 8e a8 5c eb 4f 58 bc 15 f9 ac 95 54 66 55 e7 02  ..\.OX.....TfU..
00001370: ed bd 29 eb 6b 44 73 05 e8 68 60 cb a6 7c ac 70  ..).kDs..h`..|.p
00001380: 9c 98 07 89 83 aa 51 26 bc 4d c0 f1 a9 ba f6 4a  ......Q&.M.....J
00001390: 86 c2 b5 67 05 33 cf 41 a2 d5 57 e4 e8 82 fc ca  ...g.3.A..W.....
000013a0: 13 75 5f ec 34 74 e9 8b db 36 52 e4 9f 74 b7 b5  .u_.4t...6R..t..
000013b0: 80 d6 75 6c 7a 2a 4f 18 7c 50 51 e1 07 8d 04 3f  ..ulz*O.|PQ....?
000013c0: c7 ba c2 54 88 e8 47 06 44 71 d6 37 f9 78 16 54  ...T..G.Dq.7.x.T
000013d0: 35 09 55 a5 f0 0c d0 f8 90 0f 46 74 7a 4a b1 71  5.U.......FtzJ.q
000013e0: ed b2 89 35 32 38 9e 8e ec 8a 5d ec 58 8e 35 a9  ...528....].X.5.
000013f0: 0b 95 04 2b dd e6 be 81 fa d9 da b5 3e 6e a5 c3  ...+........>n..
00001400: ee 26 8d 0c 5e d6 55 e6 6a 39 62 8e f4 b1 5b 73  .&..^.U.j9b...[s
00001410: b5 12 0e f0 b1 44 ef 9f 9f f1 51 03 2b 53 0b 9d  .....D....Q.+S..
00001420: 80 a3 59 17 97 93 75 02 9d 5d db 09 65 da ab 24  ..Y...u..]..e..$
00001430: f2 a6 e5 53 dd 87 3e 18 dd bb 03 8c 71 f0 53 70  ...S..>.....q.Sp
00001440: cb 5f 3c cf 5b 9e 76 5b b9 f9 c0 cd 88 de 0a 4d  ._<.[.v[.......M
00001450: e9 9f 1a da 93 d9 4d bc af f8 25 82 6c 3b 27 1d  ......M...%.l;'.
00001460: 99 aa 59 c7 62 28 24 0a 30 da e9 85 80 f2 55 bd  ..Y.b($.0.....U.
00001470: 86 82 b0 bd 8d bb 19 ac 43 cd 2c 9c 93 6e 49 78  ........C.,..nIx
00001480: 2b 6c fa d3 d4 64 38 45 ad 61 03 20 95 77 5c 70  +l...d8E.a. .w\p
00001490: 7a 07 50 e3 31 61 1c 7e d4 b3 3a f0 20 8c 81 95  z.P.1a.~..:. ...
000014a0: 7c 74 4f 42 47 ed 91 3a 45 32 ca 63 56 2f ff 8d  |tOBG..:E2.cV/..
000014b0: 76 28 7a 1b ff ef 33 31 10 19 cf 70 a9 04 d9 23  v(z...31...p...#
000014c0: d2 7d 92 d3 4d c0 f0 1a 3d ec 4c 02 32 51 f8 4a  .}..M...=.L.2Q.J
000014d0: 59 04 28 b4 f5 5c 2d 0f ac 8f 6c 2a 24 01 19 f0  Y.(..\-...l*$...
000014e0: 5e 82 e1 06 8a d3 e9 cf f0 6f a9 a8 b8 55 ee 49  ^........o...U.I
000014f0: 0c 3a c1 e5 bd 9f b7 f4 ed 90 35 15 59 3d 89 98  .:........5.Y=..
00001500: 31 91 0e f4 a4 3e 8e 59 74 a6 e8 2f 8b db aa f6  1....>.Yt../....
00001510: df 54 06 8f d4 6d 97 13 5e cf 55 ed 68 98 c7 1b  .T...m..^.U.h...
00001520: ee e5 35 d8 96 bf 93 77 08 4d f6 17 28 06 0c 31  ..5....w.M..(..1
00001530: 24 82 42 cb cd 06 04 4a 66 06 65 70 36 15 ae b0  $.B....Jf.ep6...
00001540: c0 b4 af a4 22 c6 0b 9e ec a5 18 dc 84 ba ae 63  ...."..........c
00001550: 3f 95 46 64 a1 11 14 3c af cd 6f d7 a9 a2 89 56  ?.Fd...<..o....V
00001560: 86 26 b9 43 76 f7 e4 3e 2f f5 1c ce 22 2a a2 a1  .&.Cv..>/..."*..
00001570: 82 c2 e8 52 af bf 30 28 98 cd 06 ba 4e 09 54 a5  ...R..0(....N.T.
00001580: 44 6e af c2 e7 e5 55 3f 05 46 18 1c 90 d2 69 95  Dn....U?.F....i.
00001590: 02 7c 0e 58 60 2f 76 f3 a5 cb f8 34 d0 6d 6e 19  .|.X`/v....4.mn.
000015a0: bd d8 23 c2 a9 ef 63 86 83 c1 78 cd 08 f6 d3 81  ..#...c...x.....
000015b0: 63 60 0d 92 3c f6 5d 63 fc 39 32 ef 1c a5 e7 85  c`..<.]c.92.....
000015c0: c7 e1 d8 d7 a1 b1 fa 2b da 09 b7 4b b3 64 88 81  .......+...K.d..
000015d0: 9e 04 5c c3 e8 9d b3 8c 6a 98 a3 3a f8 45 28 27  ..\.....j..:.E('
000015e0: 56 5c 69 c5 4f 28 ab 33 a7 45 ff fa 31 2c 0b bf  V\i.O(.3.E..1,..
000015f0: f8 de 4b eb 08 2d 83 6c 12 76 36 4c 7e 22 68 46  ..K..-.l.v6L~"hF
00001600: 25 f4 f9 dd b8 f9 70 77 11 0e 73 70 ae d7 50 a2  %.....pw..sp..P.
00001610: 52 57 fa 92 c3 85 54 69 06 b0 ce 06 cd a2 d5 e4  RW....Ti........
00001620: c4 6e 53 ad 40 7b c9 fa 15 f4 e4 e1 bf eb 0a 9b  .nS.@{..........
00001630: 57 ac 29 f9 bf bb 96 c0 97 ce 04 79 f6 30 8a 66  W.)........y.0.f
00001640: 86 d7 2c 10 50 f6 c2 db 4d 55 91 ec 29 95 52 87  ..,.P...MU..).R.
00001650: 3e 46 76 c5 f1 23 66 8a da 7c 50 be 8c c0 86 e1  >Fv..#f..|P.....
00001660: 41 c6 2f 55 ef 69 ca f3 50 ee 56 d5 a4 4d c2 e2  A./U.i..P.V..M..
00001670: 91 4f c2 06 87 ba 05 c8 7f 07 29 b0 85 75 c6 0c  .O........)..u..
00001680: d8 ad ce 11 b7 1a 2d ea f4 8c e2 4f 3e ac c1 5e  ......-....O>..^
00001690: 0c ff bf 9a 98 dc 36 e6 7c cb ec 07 f5 5f 02 67  ......6.|...._.g
000016a0: aa 77 c9 44 ce 65 a1 da cf 10 84 38 3b ee 45 52  .w.D.e.....8;.ER
000016b0: b8 d9 81 c2 53 78 a9 8d 96 bc 6a 33 07 d5 02 c5  ....Sx....j3....
000016c0: 53 45 b5 eb 69 a8 9a 2e cf 47 0e c0 c4 da 53 b4  SE..i....G....S.
000016d0: df fa 2d bd 3e eb 84 5f dc 64 c5 aa cf 17 c5 48  ..-.>.._.d.....H
000016e0: 3d 72 fd 94 88 58 53 9b 04 13 8a 49 10 f8 48 20  =r...XS....I..H 
000016f0: b0 2d 3d c0 e5 dd fd 75 fa de f0 b6 34 c3 7f 44  .-=....u....4..D
00001700: bd 89 5b 62 d2 eb 36 72 cc bf bc a8 d0 92 66 7a  ..[b..6r......fz
00001710: 76 74 45 d4 a4 17 74 22 99 0f 3c 7f 6d 3e 2e 4f  vtE...t"..<.m>.O
00001720: aa d8 8d a1 45 7f 3f 30 9a b7 9b 68 e9 79 74 8b  ....E.?0...h.yt.
00001730: 96 be ee ab 99 0b b5 bf db f8 ad 2b 63 6b be 07  ...........+ck..
00001740: a1 c2 77 6b 36 4d 12 36 27 5a 60 34 e3 75 dd bd  ..wk6M.6'Z`4.u..
00001750: 18 c9 dc 1a 39 2e dd 89 14 be 90 3b 36 a2 89 4c  ....9......;6..L
00001760: 82 76 ac be 3b a0 1b 41 b7 83 68 d5 af 37 7a 65  .v..;..A..h..7ze
00001770: 92 2a 51 a0 f5 81 97 a4 f2 3e fb a0 7a 33 f7 6c  .*Q......>..z3.l
00001780: 9f b6 e4 45 50 8d 41 44 b2 2b bb 1f 4b f0 07 56  ...EP.AD.+..K..V
00001790: 18 0a 6a 5d 31 9f 65 9b dc 6e 8b 18 b7 6b d0 a7  ..j]1.e..n...k..
000017a0: bf 22 1d 9a bc 67 f3 7f 40 08 57 e4 aa 28 6a 5a  ."...g..@.W..(jZ
000017b0: 6b 6f 87 6d 84 11 62 61 a9 79 bd 5c d2 02 b8 8a  ko.m..ba.y.\....
000017c0: 46 32 8c 97 d8 59 e5 8d 2b 7f b8 31 14 e6 30 d2  F2...Y..+..1..0.
000017d0: 20 84 cb 94 38 32 e0 9e 30 21 d9 8e 1a e8 4e 17   ...82..0!....N.
000017e0: 3c 12 99 76 fb 70 da 98 dc a8 54 58 b2 98 f4 ed  <..v.p....TX....
000017f0: 44 11 40 92 de c5 d2 48 4f d6 ad 45 9a 9b 61 3c  D.@....HO..E..a<
00001800: 24 5b 83 0f 9c a8 7f 93 5d 32 84 4d 6b 1a 81 91  $[......]2.Mk...
00001810: 03 51 8a b3 78 e4 06 8b fa 9a f3 6b a3 74 71 ce  .Q..x......k.tq.
00001820: 4a 30 c2 0c 21 ce b0 83 4a 9c bd 0b fa 5b f6 56  J0..!...J....[.V
00001830: d7 02 00 4e e8 83 00 82 c9 ce 6e 85 ed 16 ac 93  ...N......n.....
00001840: 0e 68 1e ea 33 9b d9 76 5f 0e 93 3c f1 ed 35 c2  .h..3..v_..<..5.
00001850: e7 07 8a e9 14 a1 d4 25 e6 76 d5 a7 68 5a 9d e6  .......%.v..hZ..
00001860: b0 00 30 68 f8 e6 50 1e 78 e5 0f e8 a0 e5 77 ef  ..0h..P.x.....w.
00001870: 84 15 cf 83 0f fe 23 6a 70 45 c9 2e df f1 ad 91  ......#jpE......
00001880: 50 47 90 51 21 55 1a 9d be 1c b0 bb 05 3f 3d 82  PG.Q!U.......?=.
00001890: f4 d6 62 fe 4d 0c 1d 8c f9 30 36 56 d1 35 56 2a  ..b.M....06V.5V*
000018a0: c1 29 5c 00 a3 65 9d 2d 62 a0 cb 9e 7e d6 94 3a  .)\..e.-b...~..:
000018b0: 54 d4 52 50 c9 2d 69 ed 08 31 5b a0 8e 12 84 2b  T.RP.-i..1[....+
000018c0: 6c c7 0f b0 95 63 6b af 44 3b 0e e6 e2 c0 d2 b6  l....ck.D;......
000018d0: c6 71 fe cd 67 05 48 78 bf df 79 af f2 16 5a 47  .q..g.Hx..y...ZG
000018e0: 15 42 b1 57 3f ff 20 76 7b 20 7f 40 53 ce b5 62  .B.W?. v{ .@S..b
000018f0: 4f f5 79 11 39 c9 dc 4e 88 19 d4 22 04 77 24 92  O.y.9..N...".w$.
00001900: 1b 04 30 93 b7 0b 60 f2 b0 e0 6e 4a f4 97 d3 3d  ..0...`...nJ...=
00001910: 75 50 9f 43 3d 2a bb 54 49 3b 41 62 b6 2d 0a 25  uP.C=*.TI;Ab.-.%
00001920: 75 01 bf 9b c8 67 0a ad cf a0 09 15 cb 39 7e dd  u....g.......9~.
00001930: 68 65 06 68 0b 0e a2 e2 af 4a 69 9f 4f 2e dd ef  he.h.....Ji.O...
00001940: a7 cb 16 e5 00 98 5a 10 a5 bb 8c 91 69 2e 8e 85  ......Z.....i...
00001950: dc 4d 38 ee ac 81 dc 73 b2 93 c2 90 03 21 5f 57  .M8....s.....!_W
00001960: ed cc 20 84 dd 31 12 80 22 b3 8e 80 4c bc 0e d3  .. ..1.."...L...
00001970: c8 56 68 00 2b a5 60 9b db 2b 98 1e 58 14 cd c1  .Vh.+.`..+..X...
00001980: 69 8c 57 02 ca d1 eb 13 d4 6c 5a 42 03 ae 98 12  i.W......lZB....
00001990: 9d 4e 34 a5 ba 0a e6 72 90 95 aa 49 14 2c 2b ef  .N4....r...I.,+.
000019a0: da 84 4b 1e 6a 4f 49 8b ae de ec 40 7e a9 74 ba  ..K.jOI....@~.t.
000019b0: 19 39 ac 82 fd c6 d9 17 e7 6e 0d 66 2f c1 22 de  .9.......n.f/.".
000019c0: 55 16 44 d4 bc 03 66 d6 7e 39 04 82 32 50 62 07  U.D...f.~9..2Pb.
000019d0: 6d 90 56 2f c3 6e bb cd d5 e5 6d f8 6f 19 e9 64  m.V/.n....m.o..d
000019e0: b8 f2 2c a0 27 bb 68 34 aa 78 34 48 42 75 d3 b5  ..,.'.h4.x4HBu..
000019f0: 79 c1 dd a6 16 22 12 cb 40 f8 50 79 02 c6 da 49  y...."..@.Py...I
00001a00: dc bc 75 18 09 cc 14 0b 58 76 a0 63 42 5b 5a 85  ..u.....Xv.cB[Z.
00001a10: ef fe 3d f0 91 13 11 35 d7 8f ad 65 75 3d f4 a8  ..=....5...eu=..
00001a20: 2b af ea 21 aa 41 d8 a6 81 bf 8e e0 16 c2 16 f9  +..!.A..........
00001a30: 61 6b 71 80 6b ad ce 4f 6e 11 50 0d 45 13 5b 51  akq.k..On.P.E.[Q
00001a40: f6 d8 7c ba 65 b5 28 34 a9 a3 24 3f 59 84 dc fd  ..|.e.(4..$?Y...
00001a50: 0e 2d 5b ae 9a 64 60 1e 81 b2 ba 62 ef 33 10 00  .-[..d`....b.3..
00001a60: 88 ee 1d 7f d8 f1 62 27 6b b6 bd 89 f3 ea b1 88  ......b'k.......
00001a70: b1 61 0b 65 90 12 75 e6 9f 62 3e 41 5e 58 00 a3  .a.e..u..b>A^X..
00001a80: 26 36 5a 5f 20 92 26 97 02 53 b7 fd 27 b7 9d 36  &6Z_ .&..S..'..6
00001a90: 7c b4 4a 78 e7 ca ee c3 ce c5 37 60 f4 e3 1f 87  |.Jx......7`....
00001aa0: b8 cd 04 f1 cf c5 c3 88 bb 59 15 c4 7b d0 f6 f0  .........Y..{...
00001ab0: 45 39 d6 aa e0 43 01 7a c2 bf 4a ed 87 06 f2 61  E9...C.z..J....a
00001ac0: ff 5a 64 97 4a 9c 07 29 3b 57 bc 8c 71 ad 58 91  .Zd.J..);W..q.X.
00001ad0: 47 23 e1 33 ff e6 c1 ad 17 60 32 28 5a 86 76 90  G#.3.....`2(Z.v.
00001ae0: a2 ac 03 d5 76 36 1a 20 a1 89 16 2d 88 aa 59 92  ....v6. ...-..Y.
00001af0: 64 76 82 41 a6 c6 92 e5 eb 19 64 6b b7 c8 57 f7  dv.A......dk..W.
00001b00: 73 79 d6 f4 16 91 6c c6 5f 12 e8 9f 54 83 2b 7e  sy....l._...T.+~
00001b10: 5b 97 e1 3c c3 2e 8b c1 d8 5b 4a e5 b6 7c 07 95  [..<.....[J..|..
00001b20: ae e2 16 6f 34 ba b4 5f 6e f6 c5 bf d4 bb 76 57  ...o4.._n.....vW
00001b30: 34 3e 75 c7 4e 5c 8c 1b 4b af e2 ad 3b af 95 a6  4>u.N\..K...;...
00001b40: 73 32 c5 ea eb 4d 49 68 f9 ba 13 8a ac 88 b0 ac  s2...MIh........
00001b50: 98 39 98 7b d0 17 3d 5c 5f 69 bc 85 b3 22 24 af  .9.{..=\_i..."$.
00001b60: 2c 42 91 99 be f8 2c 98 a4 76 7b 6b 75 da 43 90  ,B....,..v{ku.C.
00001b70: 05 01 d2 f1 6f e5 52 25 a0 59 66 d4 63 f2 85 9a  ....o.R%.Yf.c...
00001b80: 80 e1 20 73 5e 67 20 a9 58 e2 40 73 30 75 d8 78  .. s^g .X.@s0u.x
00001b90: 5e 71 bd 24 b5 db 0d 34 16 84 1b 9a 63 92 05 73  ^q.$...4....c..s
00001ba0: df e1 4a 58 b7 bc 0e 53 b0 f1 1b 04 d8 0a 3f cc  ..JX...S......?.
00001bb0: e2 fc 40 c8 e6 c7 f9 f1 12 ff 4b 60 ef 56 4d 87  ..@.......K`.VM.
00001bc0: 4f 80 0a 1e 1b 6d c7 5d 87 ec f5 64 71 08 be ec  O....m.]...dq...
00001bd0: e1 b7 eb 5f d7 0c cf f1 e0 90 0f 8a 01 48 29 c0  ..._.........H).
00001be0: 29 ba 62 a8 6b 16 9c 36 56 01 31 d8 be ac 50 51  ).b.k..6V.1...PQ
00001bf0: e6 7a 0c b1 62 61 84 68 22 bb 5e c6 35 94 88 fe  .z..ba.h".^.5...
00001c00: 85 48 bc a2 69 a0 2b 9f 4a 41 4e 4d 95 55 0f d7  .H..i.+.JANM.U..
00001c10: 5c aa 4e 67 ad 02 80 d8 cb be d4 e1 25 23 0e ee  \.Ng........%#..
00001c20: 67 ac 4b 54 f8 83 d3 bc 21 99 fa 2c 78 61 e2 9d  g.KT....!..,xa..
00001c30: b0 d2 e1 b7 2e 63 f0 e7 a6 64 2d c6 d6 e7 2b 85  .....c...d-...+.
00001c40: 9b b3 54 b2 77 05 39 01 fb 00 dc 58 79 8c c6 f0  ..T.w.9....Xy...
00001c50: 8f d1 3b f2 ab 7a c7 28 4c a9 ee 1b 77 d5 22 03  ..;..z.(L...w.".
00001c60: 16 82 1a 1a 2d fb de bd ba f5 9b d9 9f c7 cb 86  ....-...........
00001c70: 0b 42 3e ea 7e 49 b9 80 5d 0c 42 19 80 6d bc 6e  .B>.~I..].B..m.n
00001c80: 07 08 d7 09 83 42 13 a6 90 5b 3a 4d 2a a7 82 b0  .....B...[:M*...
00001c90: 40 6c 9b 43 75 8a e4 4e 3d 44 5b f6 cb f4 24 58  @l.Cu..N=D[...$X
00001ca0: 64 eb d6 41 9f 3c 9d a8 29 91 17 7c 38 76 92 52  d..A.<..)..|8v.R
00001cb0: ae ac 56 e0 22 0f 4b 70 dc 37 5c 7f 9d c2 76 2a  ..V.".Kp.7\...v*
00001cc0: 7d 54 7d ff 3f 59 ca cc 6f ac 3c e0 98 47 6d b8  }T}.?Y..o.<..Gm.
00001cd0: 54 6a ba 1d e9 4b b3 b3 5b 59 1f 68 f5 9b c2 fb  Tj...K..[Y.h....
00001ce0: a5 b0 91 2a 7e 1d f9 18 e6 15 9d 89 c2 db cb 16  ...*~...........
00001cf0: 3b 1b 9c 39 26 92 82 83 f1 20 18 ab 50 ca bf 20  ;..9&.... ..P.. 
00001d00: 37 97 77 5b b0 5e a7 85 7e b6 43 ac ba 3f 22 1a  7.w[.^..~.C..?".
00001d10: 5c f0 d4 31 8d c2 b2 ce 59 30 37 24 45 39 50 54  \..1....Y07$E9PT
00001d20: 1d 0c 21 33 fd 43 ca 7a 91 f9 ab 38 a3 26 1c 55  ..!3.C.z...8.&.U
00001d30: 3f 40 e7 80 78 18 1e a7 d5 4f bc 56 a5 63 43 00  ?@..x....O.V.cC.
00001d40: 11 9c 0f a8 4c b7 0e f1 b6 51 f3 9d 68 08 70 de  ....L....Q..h.p.
00001d50: d7 34 de 91 5b 02 5f 63 87 f3 cf 39 ac 31 f6 e0  .4..[._c...9.1..
00001d60: dd 3c 6b 33 44 10 18 0c ea 8d 92 ff e0 5a 5e 6c  .<k3D........Z^l
00001d70: 8e 90 d4 65 42 67 a8 d9 96 ca 2d dd d1 a7 10 99  ...eBg....-.....
00001d80: 66 35 86 9a 77 64 98 64 0c 6e 81 b4 2e 6f 67 7f  f5..wd.d.n...og.
00001d90: 73 50 66 ad 0c 57 c6 48 6a 3f f8 4f bf 5d 5b 5a  sPf..W.Hj?.O.][Z
00001da0: 33 00 8f e7 d2 0b 52 52 e7 ee 2a bd 61 39 c5 78  3.....RR..*.a9.x
00001db0: ed 1b 40 0f a2 2a 88 1b 01 a9 28 54 6f b4 80 eb  ..@..*....(To...
00001dc0: a4 0e 25 a0 51 a1 c4 ea 85 b2 c5 98 f5 de 27 e8  ..%.Q.........'.
00001dd0: 36 73 9c 93 91 53 6b 2d ad bb 97 e0 2e 20 81 4a  6s...Sk-..... .J
00001de0: 58 31 26 40 86 d7 5c a9 a4 81 4c af d4 0d ef ad  X1&@..\...L.....
00001df0: 6f 98 03 9c 5f 89 46 60 c4 d7 ae 10 06 b2 e2 62  o..._.F`.......b
00001e00: 9e 63 ea cf b5 e8 01 03 ae 34 85 55 b1 40 73 09  .c.......4.U.@s.
00001e10: dc f0 81 d9 61 7d 3f 95 80 64 41 71 bc 01 88 2a  ....a}?..dAq...*
00001e20: cb 4e cd b8 04 9b dd b2 28 03 a1 9d 85 0b 7d 23  .N......(.....}#
00001e30: 06 3f db 78 e9 a4 20 fe 58 7a 65 c2 3d 8a bb 0f  .?.x.. .Xze.=...
00001e40: fb 5d 9d 20 86 8c 56 09 e9 22 dd 12 a5 b3 42 45  .]. ..V.."....BE
00001e50: 90 ce c0 e6 24 b2 ca e5 ba f0 bf 4b 76 06 1c 21  ....$......Kv..!
00001e60: 23 1d 21 d0 1d f4 d3 c6 68 50 f7 46 4f c7 59 51  #.!.....hP.FO.YQ
00001e70: ce d8 e7 44 99 52 d2 4f 2f 9b 70 59 95 4a d7 ba  ...D.R.O/.pY.J..
00001e80: 1b b2 f8 fc 23 4b 25 02 6f c3 ea 13 7a 08 6a f0  ....#K%.o...z.j.
00001e90: 0f d2 1e ba 7f d5 78 6f 36 df 3d 1b ce 8e cf f4  ......xo6.=.....
00001ea0: 9f b1 dd 91 68 2c b6 b9 79 d5 90 36 7f ae 48 7b  ....h,..y..6..H{
00001eb0: 97 ef 5c dd 42 b7 1d 73 c3 da 57 0e b4 1a 84 a4  ..\.B..s..W.....
00001ec0: 81 c7 3c be 63 bc 71 b4 87 2b 1b 2c c4 01 b9 7f  ..<.c.q..+.,....
00001ed0: 92 8c 7e c7 a2 37 a1 86 3f 63 17 f8 81 38 be 11  ..~..7..?c...8..
00001ee0: be d3 e2 e2 74 e0 fd 32 2b 14 00 f2 1b bc 5a cd  ....t..2+.....Z.
00001ef0: 26 3e 2b b6 04 5c 9d b6 a1 bc 3b 7b ee 95 4d 5f  &>+..\....;{..M_
00001f00: 4b 85 8b 9d a9 c3 c8 ee c2 f0 b2 14 d4 b1 92 46  K..............F
00001f10: c9 5c d7 70 57 26 f6 47 51 91 d4 85 b4 a7 8f d1  .\.pW&.GQ.......
00001f20: d5 78 bd bc 16 09 f7 59 30 61 92 74 da 7f 98 e0  .x.....Y0a.t....
00001f30: f9 28 11 2a b4 d7 11 9f f2 87 53 dc a8 d8 2e 19  .(.*......S.....
00001f40: 31 d9 8a e6 ba f8 73 80 74 f5 5b c9 dd e0 a5 01  1.....s.t.[.....
00001f50: 2a 09 cf b0 c0 70 31 f1 fd 6c 24 1a cc d7 59 db  *....p1..l$...Y.
00001f60: 06 a8 1f cb 75 a7 c4 f6 5d 57 2d 68 9f e1 bb 6b  ....u...]W-h...k
00001f70: a9 9c 56 3e 14 bd 25 1d 69 92 ae ea 94 b4 dd 52  ..V>..%.i......R
00001f80: 21 b1 09 92 c6 88 4c 53 2b b9 aa 0d 47 b3 50 3c  !.....LS+...G.P<
00001f90: 4e 88 2a b4 70 53 a2 54 d4 86 c0 0a cc a7 7f a9  N.*.pS.T........
00001fa0: 76 d6 65 c7 77 2f 4f 0c b8 04 d8 a2 ff 4b 01 50  v.e.w/O......K.P
00001fb0: 59 14 1d 3c 2d 4a b6 a6 38 c6 cc bc 05 65 75 2b  Y..<-J..8....eu+
00001fc0: 2b d4 28 47 15 15 de 9c 38 cc 76 26 e7 a6 23 6e  +.(G....8.v&..#n
00001fd0: 33 25 90 b0 8f 79 69 fd 36 25 df 92 02 22 da 47  3%...yi.6%...".G
00001fe0: a7 75 4a cb 4d 3b ce d0 3c c7 2f e8 61 da b7 9d  .uJ.M;..<./.a...
00001ff0: b7 f5 14 01 34 9c f8 53 9d 91 03 0d 63 eb 35 d6  ....4..S....c.5.
00002000: 65 2a ed ed 00 f0 b8 c0 df fc d1 e7 aa 4d eb 03  e*...........M..
00002010: 76 e4 3a 08 ee 47 da 1a 13 3e 48 83 8a 4f 66 4c  v.:..G...>H..OfL
00002020: 2b 79 eb 54 9b ac d5 64 75 e2 03 b0 60 b5 70 dc  +y.T...du...`.p.
00002030: c5 80 44 53 4a 99 b0 c2 a8 06 e5 17 54 6e 47 79  ..DSJ.......TnGy
00002040: 10 5a cf b4 df 71 24 48 ea 5f 4f 71 59 2d f5 8d  .Z...q$H._OqY-..
00002050: fc bb 6f 02 2a ec 68 0a ec b8 7e 74 2a b6 06 d2  ..o.*.h...~t*...
00002060: 4b 5b 2f c2 af 01 b1 78 50 11 cb 8d 53 f8 a8 42  K[/....xP...S..B
00002070: c8 cb 6a 9d a4 17 2a bc 7a cf a6 16 c0 bf 5a 86  ..j...*.z.....Z.
00002080: 58 ff a2 ef 63 3d 27 ba 2b a1 f7 02 dc 1d 60 d0  X...c='.+.....`.
00002090: 4d 7a d0 2d 7a 2e 34 7b 67 6a 68 1e f9 1e a0 05  Mz.-z.4{gjh.....
000020a0: 82 e8 42 d4 37 51 b4 50 c9 1f 44 da 1b 55 fd 88  ..B.7Q.P..D..U..
000020b0: 7f aa 46 bb 14 d1 26 1e 65 cd 9c c4 35 bf 3a 75  ..F...&.e...5.:u
000020c0: 21 2e 27 0c cc 86 f4 0a 58 e3 b0 ad dd 56 03 26  !.'.....X....V.&
000020d0: 1e 0b fc eb b3 42 d5 68 6e 68 9d 79 b2 dc c0 2d  .....B.hnh.y...-
000020e0: ef e3 10 bb 90 3b c4 35 ea 23 9d 11 37 8e 86 7e  .....;.5.#..7..~
000020f0: 24 5c a0 6c 73 b9 de a5 1b 15 c1 db 78 15 89 44  $\.ls.......x..D
00002100: ad c0 bc 99 e8 ee 9e 8c 01 a0 25 01 7d 3a c5 b7  ..........%.}:..
00002110: 56 bf c5 a2 4f ec e4 9c 01 9e 01 10 b9 5c b4 dc  V...O........\..
00002120: 38 e3 65 cc 4e 19 ff aa 85 b0 4c 0d e8 12 a3 e3  8.e.N.....L.....
00002130: bb 15 d5 42 d6 a6 65 6d 7f d7 c3 ae b9 9a 2c 9e  ...B..em......,.
00002140: cf d4 15 bb 75 90 3d 6c 14 bc 65 18 2a 65 6e 95  ....u.=l..e.*en.
00002150: 22 c5 5a d5 b4 60 c1 40 83 1f 71 e0 cf fd ff 5c  ".Z..`.@..q....\
00002160: 4b 51 e5 62 6d 1a 00 83 09 78 8a 0e 6e 3a a4 43  KQ.bm....x..n:.C
00002170: e0 a0 f9 58 59 5a 3c 7e 8d e8 eb 93 45 9f 69 86  ...XYZ<~....E.i.
00002180: c3 4c 2a c0 4f 21 f3 80 3d e2 b9 ad c8 3c 36 72  .L*.O!..=....<6r
00002190: ca 51 f4 4a 18 31 e2 31 e4 ea 36 2a cb 33 22 8d  .Q.J.1.1..6*.3".
000021a0: aa 7c d2 4d ee a0 78 2d 0e 80 54 84 ce 1e a9 2d  .|.M..x-..T....-
000021b0: 9b ef 4e 41 a1 e9 5e a8 db af a2 87 d8 14 e5 45  ..NA..^........E
000021c0: 42 56 8f f1 92 31 c6 81 6c 91 0d 91 64 af 81 a1  BV...1..l...d...
000021d0: a6 5e a1 17 27 7c 5c ea 40 e0 91 07 b6 a6 73 77  .^..'|\.@.....sw
000021e0: 93 38 31 e2 61 74 f9 46 62 b3 89 37 04 5f 14 8d  .81.at.Fb..7._..
000021f0: f0 6b 0e 60 a1 ab f4 15 93 e3 8b 3e 13 c8 23 5f  .k.`.......>..#_
00002200: 18 17 95 1f 89 d1 94 a8 5c 1e 65 12 76 5d 3a 57  ........\.e.v]:W
00002210: fb 35 f6 0a 63 2d d6 04 67 33 6a 49 1a a2 99 e0  .5..c-..g3jI....
00002220: 3a e6 38 04 92 59 ac 49 95 6d 98 81 bc 7a a9 1c  :.8..Y.I.m...z..
00002230: d1 c4 a9 c9 c7 b3 b9 2f 3f d9 ed 6c e3 e3 55 33  ......./?..l..U3
00002240: b9 52 65 62 b5 35 a2 14 f5 46 05 b0 f4 38 96 3d  .Reb.5...F...8.=
00002250: 8e b1 c9 b4 54 9f 57 fe cf 1c 28 f1 e9 a7 14 52  ....T.W...(....R
00002260: c8 b8 c6 17 69 9f e8 d2 1c 87 68 3b c6 69 75 ac  ....i.....h;.iu.
00002270: 9a 2f 0e a7 12 02 a3 a9 ec 9b fb 13 13 5c 4c 35  ./...........\L5
00002280: 4e 50 6a 98 75 57 5c 17 15 a3 ef 54 2c 57 e8 fa  NPj.uW\....T,W..
00002290: c6 39 78 1d aa b3 17 74 c6 b5 68 39 c7 ec ec 31  .9x....t..h9...1
000022a0: 02 bd f5 64 38 7a 8b a4 e0 50 b6 31 38 da 4b d5  ...d8z...P.18.K.
000022b0: fd b7 f9 75 4c 06 5c 93 16 35 e0 99 0d 53 77 58  ...uL.\..5...SwX
000022c0: ab c0 d1 f4 c2 b2 fc 57 d7 63 1e 10 fd 66 b6 ea  .......W.c...f..
000022d0: 2a 58 02 b3 6e a3 36 76 19 d9 80 6b a1 1c 0c 2b  *X..n.6v...k...+
000022e0: b9 cc 65 39 d7 13 e9 ec 8b 6a 9d bf f4 4b b2 5b  ..e9.....j...K.[
000022f0: 10 ea c8 d8 19 19 d6 09 e1 0e fa c6 17 b2 58 57  ..............XW
00002300: 6e 9f 38 b9 eb 10 ca e7 ae 03 25 a7 4b c5 27 35  n.8.......%.K.'5
00002310: 05 28 a2 d2 8a 1c cb 38 df 3c c6 da 7a 5a 73 7c  .(.....8.<..zZs|
00002320: 19 5e 99 a8 32 c7 61 64 fb af 72 03 28 be 72 5d  .^..2.ad..r.(.r]
00002330: 95 85 e7 83 17 f6 04 06 05 15 b1 ec 34 8e a5 12  ............4...
00002340: a8 e1 95 78 21 95 e4 35 42 58 c3 5b 8d d4 a8 11  ...x!..5BX.[....
00002350: 5f 35 0a 18 56 b3 ab 9e 75 09 84 02 ef 01 b2 d7  _5..V...u.......
00002360: 9b 92 76 d3 8c c3 68 20 50 bf 97 8c 1a b5 73 9c  ..v...h P.....s.
00002370: e2 3e 71 ce 95 1d 71 4d 4f fb cb f0 a8 eb 04 8f  .>q...qMO.......
00002380: ab c6 79 3c 9d eb fb 6d be 0a da c2 a9 63 cd 92  ..y<...m.....c..
00002390: a8 6d d2 dd 1a a3 7b 22 03 d5 78 c6 f2 70 a0 07  .m....{"..x..p..
000023a0: f1 77 49 f1 c1 2b 40 e9 a9 49 cc 12 a2 f8 e2 0e  .wI..+@..I......
000023b0: c3 df 59 4a e1 f8 bc b2 dd 58 3e a9 1e 68 5c 7e  ..YJ.....X>..h\~
000023c0: 81 ae 80 cc 9e 55 4f ab 97 ea e3 39 3d 83 65 87  .....UO....9=.e.
000023d0: b2 e4 90 4f 8c de d9 30 eb ce 27 9b e4 72 5a 57  ...O...0..'..rZW
000023e0: 6d 12 d8 ec d3 fa 2e ec 1e 5e 52 ef 23 42 dd 4b  m........^R.#B.K
000023f0: dc 80 55 64 e5 ec a3 14 89 2a 9c 8f 0c ce a6 23  ..Ud.....*.....#
00002400: 15 54 27 a9 a9 96 67 f2 ab 9c 38 d8 62 12 8f 86  .T'...g...8.b...
00002410: b9 d1 97 53 8d e9 c1 fc 8e 94 91 92 c8 c0 19 51  ...S...........Q
00002420: 33 28 4e 5e 1d 29 25 a9 2a fb a6 a6 d1 91 dc 5d  3(N^.)%.*......]
00002430: 6e 96 a3 92 73 a1 67 13 68 5d 4f 24 58 c8 3f 10  n...s.g.h]O$X.?.
00002440: 61 34 5a 7f 98 c9 10 3c 9a 1f 58 4c cc 85 7c 67  a4Z....<..XL..|g
00002450: 29 68 12 f3 c6 18 2c 42 32 b9 52 d3 06 37 7e 6f  )h....,B2.R..7~o
00002460: 9f 57 77 e3 db 5a 6e f8 89 a1 df 02 9b ad ce f4  .Ww..Zn.........
00002470: ca 04 0f f2 bf 47 08 1a 34 43 fa 82 56 4c db 14  .....G..4C..VL..
00002480: 81 a4 97 9b b4 64 a0 9c 77 2d 53 86 f5 02 ef 2a  .....d..w-S....*
00002490: b0 5a 24 dc 48 f5 26 0c bf 05 17 ce b3 0a 7d 41  .Z$.H.&.......}A
000024a0: 88 a5 fa a6 92 27 63 ea 76 4a 1a 6c 2a cd 01 3c  .....'c.vJ.l*..<
000024b0: 81 3f 30 6c 7a e1 a3 f5 ac 3a 25 32 a9 a8 0c 44  .?0lz....:%2...D
000024c0: 46 f4 ae d8 de b2 5e bf 35 dd b9 c0 50 56 b3 fa  F.....^.5...PV..
000024d0: 8d fc 09 3b 29 19 0a ad bf c9 cb 6e a5 5c 2e c4  ...;)......n.\..
000024e0: e9 74 90 70 e7 c9 8e f2 48 d7 23 ae 80 6d 92 f1  .t.p....H.#..m..
000024f0: c7 f0 1d 90 4e 26 60 62 9d bf 34 d9 cc e1 68 27  ....N&`b..4...h'
00002500: bd 6d 9d 1e 14 56 b9 09 51 8e ee c0 80 90 95 fc  .m...V..Q.......
00002510: 74 94 cd c3 8e 49 27 73 4d 35 8b 51 9d 13 71 09  t....I'sM5.Q..q.
00002520: e6 cb 50 e4 c7 0a aa fe 32 95 5a d0 68 e0 a2 a5  ..P.....2.Z.h...
00002530: 5c 64 83 b8 26 3f 97 18 f4 0d 74 29 7f df 56 c4  \d..&?....t)..V.
00002540: 61 b4 0c 43 cb d7 95 1d d5 30 31 c4 01 8e af 27  a..C.....01....'
00002550: b0 49 e9 b9 dd b0 82 29 9c 99 d1 29 f6 db 88 25  .I.....)...)...%
00002560: 15 48 1e 6c d4 86 95 87 51 98 89 98 91 bd 31 89  .H.l....Q.....1.
00002570: 96 9f 0b 79 b6 d9 e5 3b b6 b2 7b 0c 58 0a 9a 82  ...y...;..{.X...
00002580: 52 ff 9a ee b5 bd f2 c3 0d ef 07 78 e2 c5 90 72  R..........x...r
00002590: 45 43 a7 13 58 1c d3 ca 61 0e 25 6b 18 78 20 87  EC..X...a.%k.x .
000025a0: f7 2b 63 ee d3 0b 47 2d d5 04 61 c4 e9 4c ba d0  .+c...G-..a..L..
000025b0: 55 5f e8 9e 4e d1 ac c5 e8 fe c1 ec 56 7a 22 c9  U_..N.......Vz".
000025c0: 67 f7 cf e1 2d 19 6c 06 3f 83 2a 8f 5a 09 5c f3  g...-.l.?.*.Z.\.
000025d0: e7 df cc 22 7a ec b2 9a 5e 32 b1 d2 d1 ff f1 b5  ..."z...^2......
000025e0: 00 e8 ac b5 f8 0b cc f5 7d 38 ce 66 9c 38 ee 77  ........}8.f.8.w
000025f0: ca 13 14 55 46 dc 67 50 2f a1 49 07 b7 f3 19 38  ...UF.gP/.I....8
00002600: bb ff 5a ee d5 a0 ee c3 00 f8 0b 47 b9 3e 67 26  ..Z........G.>g&
00002610: ea 4e b9 89 24 37 85 8e 60 d7 15 51 a0 99 c4 0d  .N..$7..`..Q....
00002620: bd 87 d5 63 70 93 36 2a 1f e4 fd df 18 db 33 bb  ...cp.6*......3.
00002630: 19 63 ec 82 b8 0e 1f eb 4e 7a 54 72 9b 57 59 6f  .c......NzTr.WYo
00002640: 26 23 ad e3 fa 7d f3 9a d5 4d a7 f5 88 e6 92 00  &#...}...M......
00002650: fe 16 4e 41 89 37 f3 c0 cf 11 03 3e 19 26 32 c1  ..NA.7.....>.&2.
00002660: 0f 91 9d ce c9 39 36 33 ca af 48 44 bd 7d 14 0c  .....963..HD.}..
00002670: ed 46 b4 ab 02 f2 5a db 74 c2 80 be 34 99 a7 e2  .F....Z.t...4...
00002680: 77 d0 68 e8 f4 31 ff 10 d4 32 c1 3f 33 ff 9a 98  w.h..1...2.?3...
00002690: cb 2e 3e cd 35 65 67 a1 35 3c b6 91 80 d9 7e 7f  ..>.5eg.5<....~.
000026a0: 35 86 0b c1 7f 9c 4e 4e 8a 28 4c fe a9 64 eb 89  5.....NN.(L..d..
000026b0: 85 30 90 b3 dd 2b 7c f6 de 15 dd e8 bd b1 cd 76  .0...+|........v
000026c0: b0 03 cb c0 17 2b 92 8a 5e 62 bc f2 33 61 26 be  .....+..^b..3a&.
000026d0: 76 a1 4e e2 a6 ae 75 03 06 29 67 26 d4 ad 9c a0  v.N...u..)g&....
000026e0: ec 60 ea cb f0 5c 43 05 a3 57 05 9b 0f d5 51 3e  .`...\C..W....Q>
000026f0: 5f 0d 8d b0 88 9f 15 38 da e0 20 3c d6 db 6c a9  _......8.. <..l.
00002700: 33 d3 f4 87 14 62 b7 c8 27 ad 38 ee 86 3b a8 ea  3....b..'.8..;..
00002710: 34 66 a1 10 84 27 93 c7 ea b9 08 df 4e 6a f3 5b  4f...'......Nj.[
00002720: 28 52 06 33 42 47 10 a9 9f 96 b2 be 6b 85 64 fc  (R.3BG......k.d.
00002730: 88 c6 14 d1 a8 05 66 5c 79 9e 00 c5 bc 21 0b 6b  ......f\y....!.k
00002740: 63 24 fd 07 b8 5d 44 74 d4 b4 4a 4f 72 2f eb d0  c$...]Dt..JOr/..
00002750: a9 66 6d c0 dc e0 02 05 ca a2 e5 9e 61 89 77 5b  .fm.........a.w[
00002760: ac 22 e5 ce 47 22 9d 35 54 c1 86 b2 a9 e5 61 4f  ."..G".5T.....aO
00002770: 34 4e fb 1e 74 cc c4 4d 96 fc c0 09 96 d7 5c ed  4N..t..M......\.
00002780: aa 0e 6d 65 05 76 da a5 39 83 e0 bf 7f 78 4b 2e  ..me.v..9....xK.
00002790: 44 18 41 8d bd 36 bb 15 3c 0b 63 84 43 2f b3 97  D.A..6..<.c.C/..
000027a0: e7 65 6c 02 0f 15 22 a6 9e d9 77 d4 65 12 77 e2  .el..."...w.e.w.
000027b0: e4 3c 1b 0a ae 62 19 fe 08 92 d3 34 b0 2e 95 09  .<...b.....4....
000027c0: 88 34 84 29 87 3d 13 4e 45 81 05 51 95 00 01 3b  .4.).=.NE..Q...;
000027d0: 54 dc 3b 1d 88 e9 e9 b4 07 c4 4c 66 fb 53 64 1f  T.;.......Lf.Sd.
000027e0: 29 4f aa 82 55 0d 48 33 0a 5d 5d cd da 7c ee 96  )O..U.H3.]]..|..
000027f0: 4d 53 81 a0 9f 70 b8 e7 bd bc 32 93 44 56 4d 01  MS...p....2.DVM.
00002800: 88 3e 31 be 26 cf 13 8e c3 d8 8b 3d e9 bc b6 16  .>1.&......=....
00002810: 94 63 d3 b1 97 7c fc f3 27 e2 bd 25 fb 4b 4c 48  .c...|..'..%.KLH
00002820: a7 db 23 c7 54 3b 97 f7 82 46 e2 12 43 d1 9d a5  ..#.T;...F..C...
00002830: 79 26 2e 35 37 45 fd 11 2e 22 10 e0 f4 b8 91 87  y&.57E..."......
00002840: 34 4d 62 39 be 8a ae 7d 53 f4 80 fb 59 d7 05 8a  4Mb9...}S...Y...
00002850: f1 aa 0b 5f 39 7e e0 2d 07 44 9a a7 6c 2b 9f 0f  ..._9~.-.D..l+..
00002860: ea b0 84 28 e1 8c c0 71 c1 0a c3 18 1f 30 35 7b  ...(...q.....05{
00002870: 2c 67 75 f4 51 a9 55 4b cf cb e1 ef 4a 67 87 e0  ,gu.Q.UK....Jg..
00002880: 05 26 b8 eb ba d6 46 67 25 25 e3 3c a4 91 8a f0  .&....Fg%%.<....
00002890: 2d 9b 80 2b c1 df 58 1d 55 02 d2 4d 47 d1 a3 9d  -..+..X.U..MG...
000028a0: 97 04 ab 09 25 67 6d 8a a1 3e fb 9b 50 b9 72 29  ....%gm..>..P.r)
000028b0: 33 e6 70 83 02 d7 bb 60 17 3f 1b 88 ae 69 1a 8d  3.p....`.?...i..
000028c0: 13 dd d7 61 90 22 02 ef 18 7c ed fb d3 7b 58 11  ...a."...|...{X.
000028d0: 53 12 20 fc b8 1d 4f 71 0b 7c 93 96 66 95 eb 32  S. ...Oq.|..f..2
000028e0: c8 a7 af 86 41 78 a8 60 3d 51 ab 81 d6 09 10 3b  ....Ax.`=Q.....;
000028f0: 3f 9e 7e 60 c1 96 fc 69 87 7c 37 96 2d 2c b4 9f  ?.~`...i.|7.-,..
00002900: d1 2f a7 d5 ea db 4f ab 3b ff 0b 85 0b d0 0d 88  ./....O.;.......
00002910: b7 d2 02 0f 2e 2e 54 23 e4 c7 bd 74 2f 97 95 d1  ......T#...t/...
00002920: 13 13 90 f6 d1 03 86 29 e1 46 a5 af f5 99 3f 90  .......).F....?.
00002930: a2 25 d4 3d 8f 8c 73 1e 69 a0 64 15 79 93 93 66  .%.=..s.i.d.y..f
00002940: 3e fe c3 5a 69 1a ef 95 64 77 2a 36 88 27 55 9c  >..Zi...dw*6.'U.
00002950: 4a de 34 3d fb c9 c9 91 53 fb 3a d2 f2 e3 da 61  J.4=....S.:....a
00002960: 42 85 21 12 bd bb c3 7c cd 68 2f f4 21 67 67 96  B.!....|.h/.!gg.
00002970: d8 4c d4 60 de 85 5f 99 81 26 9e b5 e2 b7 e4 65  .L.`.._..&.....e
00002980: aa e2 10 13 91 a5 e9 40 3f 44 7c a0 23 d9 47 b7  .......@?D|.#.G.
00002990: 47 01 6e 48 7d 22 56 ef c8 cf df a6 93 1d 37 41  G.nH}"V.......7A
000029a0: 17 5d 19 3c ce cb e3 90 95 2f f1 d2 9a 74 db 44  .].<...../...t.D
000029b0: 6e 87 12 b4 ea f0 1e e1 7b 91 f9 53 ce 10 17 3e  n.......{..S...>
000029c0: c8 fa bc 21 63 ba 6a 85 97 55 3d a2 bf fe 40 89  ...!c.j..U=...@.
000029d0: f6 4e 47 15 8e 21 6c 9e 9e e3 ca 55 72 68 4d c8  .NG..!l....UrhM.
000029e0: 77 0d a2 82 e7 e1 34 a4 7b 6c 00 81 40 40 73 6d  w.....4.{l..@@sm
000029f0: 38 c9 d0 58 47 af 14 dd 5c cb 46 22 d8 39 57 e6  8..XG...\.F".9W.
00002a00: dc 5e 3e c9 89 74 b4 b6 e7 3f 4f 5c 88 41 9d cc  .^>..t...?O\.A..
00002a10: 44 b6 01 0f 9c af 34 30 2a 78 8f 1f 3a ef df 7c  D.....40*x..:..|
00002a20: 08 2c d6 35 5d e7 50 4d b3 f9 bc 7f c6 5e ae ce  .,.5].PM.....^..
00002a30: 54 76 d5 04 60 56 4d 45 5a a7 93 2f 7e ee 15 a6  Tv..`VMEZ../~...
00002a40: 1b 7f 29 28 82 38 9f 90 70 35 2d 80 7b 3a 90 65  ..)(.8..p5-.{:.e
00002a50: 73 55 2d 98 e5 0c ff ae d9 9c e0 d6 ac ba c7 11  sU-.............
00002a60: aa 36 7c c9 75 4c a8 72 58 40 2f 88 4b 7b 37 10  .6|.uL.rX@/.K{7.
00002a70: 8d a8 2f 39 52 8a e0 8b ab 9b b1 35 75 91 d5 de  ../9R......5u...
00002a80: 51 01 71 2d 1f d3 f0 5e 68 c3 74 88 c3 4a b6 85  Q.q-...^h.t..J..
00002a90: 70 67 0a 04 3c 35 8f 01 a5 35 1a 71 b8 73 ba 63  pg..<5...5.q.s.c
00002aa0: 4f 92 cc c5 de 55 81 06 6a 5f d2 d1 65 fc 15 82  O....U..j_..e...
00002ab0: c8 75 a8 fd 7b 5d 81 59 53 4c 29 8b 01 e8 ae 0d  .u..{].YSL).....
00002ac0: 3d c8 fb 22 97 b0 39 37 e6 5e 35 61 3f cc c0 b3  =.."..97.^5a?...
00002ad0: 3e 7f 25 57 af cf 1b d7 ca 1d 9b 63 52 9a ba 1a  >.%W.......cR...
00002ae0: 56 3b 46 f2 40 7b 42 71 40 da 4b 24 62 77 df 39  V;F.@{Bq@.K$bw.9
00002af0: 14 47 3a ca 92 d7 a4 82 64 2c a8 b2 f0 3e 47 00  .G:.....d,...>G.
00002b00: 9d 0b 20 b8 88 42 f3 86 91 7e 8b 14 59 89 69 5e  .. ..B...~..Y.i^
00002b10: e9 a5 17 fa c6 d5 d4 9f 3c 61 7e 6b 57 b4 12 0b  ........<a~kW...
00002b20: a0 b7 af 6e 47 21 86 6f f6 d3 2f ec 1a bb 08 76  ...nG!.o../....v
00002b30: 55 69 e9 c1 89 8c 4a 3e c5 e8 c8 df 1b 2d 86 20  Ui....J>.....-. 
00002b40: f9 d9 fe 4d 21 ce bb b1 b2 05 16 ae c9 34 56 23  ...M!........4V#
00002b50: 13 ae 20 21 f3 38 f9 4b c9 22 8d 45 d1 1e 2f b1  .. !.8.K.".E../.
00002b60: 75 52 d2 d9 33 8f 32 a7 dc e7 03 62 40 c0 84 b3  uR..3.2....b@...
00002b70: 95 11 4f 6f 9e 79 eb 80 fd 18 26 e6 48 d8 f2 df  ..Oo.y....&.H...
00002b80: 3f 41 5e b9 86 b7 2c 2a 87 16 c3 9c e6 2e dc 5f  ?A^...,*......._
00002b90: 11 50 8e 36 00 f7 91 86 e4 1c 66 cc 38 d8 ee 6e  .P.6......f.8..n
00002ba0: 19 e4 6f b5 7f 46 bb d8 d4 f1 a0 c3 70 04 28 2b  ..o..F......p.(+
00002bb0: 04 1b 7c 77 6e 2c 65 7b 35 5c 46 4e a7 ef 55 ab  ..|wn,e{5\FN..U.
00002bc0: 5e 3e 40 5f 59 75 43 ec 40 1f 7e 44 63 e0 f7 53  ^>@_YuC.@.~Dc..S
00002bd0: fc d0 78 b8 2d ca 8b 1f 39 d9 7d f1 cf d0 a1 6c  ..x.-...9.}....l
00002be0: 26 0a 02 10 18 d7 d8 93 ad 7d 92 61 a6 22 89 aa  &........}.a."..
00002bf0: b8 3c 04 56 1d 5c 4d 36 83 e7 2f 06 a0 22 ad 8c  .<.V.\M6../.."..
00002c00: c0 10 00 8d c7 d0 52 61 d3 70 e5 47 c8 74 70 16  ......Ra.p.G.tp.
00002c10: 71 d2 09 26 5b 20 61 03 85 af 2e bc 77 5a 50 3d  q..&[ a.....wZP=
00002c20: 70 cf 1b b5 5a 6f 38 fb 89 b3 ad 5d d7 fd 72 1d  p...Zo8....]..r.
00002c30: ec 7f 68 22 8a d5 f5 60 86 3a 64 b0 c6 9b 16 62  ..h"...`.:d....b
00002c40: d2 0d 59 dc c6 a7 68 2b f0 9e 6f 59 62 6b 23 7d  ..Y...h+..oYbk#}
00002c50: be 56 64 a5 0a 87 1f 60 b7 e1 81 8a 12 23 7c 37  .Vd....`.....#|7
00002c60: 41 7d 2d b8 31 fd 83 df 7e 0a 23 ac 44 bc 9e 6a  A}-.1...~.#.D..j
00002c70: 6c d2 a8 65 dd 14 d5 4e ce 57 27 49 2a e7 bc 4d  l..e...N.W'I*..M
00002c80: d4 76 a8 80 dd 30 60 9d 0c a9 c3 9c 4f be 9b 49  .v...0`.....O..I
00002c90: 51 93 b0 4c 69 d6 1f 48 b0 9d c4 c5 7f 56 df 16  Q..Li..H.....V..
00002ca0: e6 5b 11 a8 f6 db 9e 70 5e 59 1d 93 c1 4d 4a d3  .[.....p^Y...MJ.
00002cb0: 15 bf a3 b7 70 2a 30 b9 6e 54 ca 73 43 da 3d 26  ....p*0.nT.sC.=&
00002cc0: ad ea e0 22 96 7b 20 18 c1 bb 91 96 30 b6 dc ac  ...".{ .....0...
00002cd0: 9c 39 8f dc ad 54 5f 47 11 d5 ab aa 95 17 ca 1b  .9...T_G........
00002ce0: 0d f0 20 ab 08 1f 64 36 1d be ac 45 8a d5 5e 9e  .. ...d6...E..^.
00002cf0: bc ea 44 5a 26 68 29 d5 50 b6 8d 5b 09 b3 e1 ec  ..DZ&h).P..[....
00002d00: db f4 48 75 8a 82 9f 63 5a da 75 33 38 b8 5e cf  ..Hu...cZ.u38.^.
00002d10: 97 ba ae 96 bf 92 12 75 c8 95 e4 97 6b dd 48 10  .......u....k.H.
00002d20: e7 9b 38 b1 93 5a 35 00 44 a2 bc 1f e1 23 de ad  ..8..Z5.D....#..
00002d30: dc 51 0f e8 39 79 d0 88 40 1f 33 b3 78 4e 00 ab  .Q..9y..@.3.xN..
00002d40: f2 bb 60 ce 73 b0 a1 e4 ef b7 89 65 1e 85 ae 07  ..`.s......e....
00002d50: ab 18 dd 0b be e6 cd b9 37 8c b7 b5 15 9e 6d b7  ........7.....m.
00002d60: a4 12 bc 32 e2 cf 38 87 a2 f2 3f f2 9e 8b 99 9b  ...2..8...?.....
00002d70: 20 88 a3 c7 99 11 93 b7 4c c6 f1 4a 91 40 4c ee   .......L..J.@L.
00002d80: 2d 7c 27 c2 ec 6d a1 58 21 86 9d e4 89 89 72 2c  -|'..m.X!.....r,
00002d90: 1c f8 0e 18 75 e8 1f 49 24 87 12 86 29 81 40 23  ....u..I$...).@#
00002da0: b2 8b c9 e5 44 5c 09 bd e0 c5 e4 f0 21 03 07 6a  ....D\......!..j
00002db0: ce d4 bd 2d 9c 46 79 60 d7 b8 81 48 ff 72 08 26  ...-.Fy`...H.r.&
00002dc0: 74 ac 0c 42 4b 2f 16 76 ac 9f 7e 5b 13 7d 42 7b  t..BK/.v..~[.}B{
00002dd0: b4 c9 d6 16 14 37 8c d9 d8 bc c4 44 73 03 0d a6  .....7.....Ds...
00002de0: df c6 21 74 ed 98 d1 6e 8a 2f ad a0 a9 23 6d c7  ..!t...n./...#m.
00002df0: 34 0d d0 c2 7c c5 24 02 ed a8 b8 7d fc 72 5b aa  4...|.$....}.r[.
00002e00: 67 16 5a 73 30 a7 fc 1e 44 d6 d9 bd f1 bf ef 69  g.Zs0...D......i
00002e10: f8 64 cc fa f7 48 93 f5 ef 9f f3 82 ad 20 ec 51  .d...H....... .Q
00002e20: 80 7f 61 43 b8 80 0b 41 aa af b5 64 fc 07 0a 04  ..aC...A...d....
00002e30: 57 78 6a 01 6f 63 ae d7 df 43 8a b3 1e 0c 00 92  Wxj.oc...C......
00002e40: cd 80 4c 03 6e d1 c6 07 b0 d1 70 c9 51 99 5a 88  ..L.n.....p.Q.Z.
00002e50: 35 91 7c e6 fd 7a 6c d4 8a 17 0d b4 28 59 37 5e  5.|..zl.....(Y7^
00002e60: 08 b8 41 90 47 5b 1f 96 a9 d8 e0 9f 46 6f f2 52  ..A.G[......Fo.R
00002e70: 68 31 20 fe 16 9c 29 cb 21 11 87 d9 b4 87 dc 05  h1 ...).!.......
00002e80: 19 e4 97 cd cc 7b 7e 62 1b 91 87 0d f3 ed ce 82  .....{~b........
00002e90: 22 71 83 a7 b6 00 09 1c c1 76 f4 df 2a 61 d8 fb  "q.......v..*a..
00002ea0: bd 5e 90 75 a4 0a bd ac 39 51 03 2f 78 eb a8 a9  .^.u....9Q./x...
00002eb0: 1d 5c 8c 99 4f be 02 f9 e8 5e 13 68 ae 9e 56 1f  .\..O....^.h..V.
00002ec0: 4e 3f 1b 93 ca e6 3f bd 49 59 b7 4e 86 35 29 e4  N?....?.IY.N.5).
00002ed0: ee 04 e1 93 9c 96 5c fc a2 3d 5f 76 19 b7 45 32  ......\..=_v..E2
00002ee0: 61 19 06 01 08 7c e9 df 09 0d a9 b3 e1 39 75 67  a....|.......9ug
00002ef0: 7d f6 6b 0b dc 80 28 dd 2f 6f 6e e1 a5 3e 65 62  }.k...(./on..>eb
00002f00: 57 c2 80 f8 7a ed 85 ec f5 3e ed 8b c2 76 be bb  W...z....>...v..
00002f10: 20 a9 37 de 31 c3 a8 42 de 84 ba f9 0e 46 3e 8d   .7.1..B.....F>.
00002f20: fa 3d 8f b2 44 ea 95 cb a6 af a0 c0 0f 59 96 6b  .=..D........Y.k
00002f30: b0 d4 c2 46 0e 6a 83 a2 53 30 50 f1 7e 82 6e 79  ...F.j..S0P.~.ny
00002f40: 55 b8 dc ad b7 f0 52 fd 4c 99 31 a4 9e 8b 17 e9  U.....R.L.1.....
00002f50: 4f f9 a7 45 0f fd a7 92 1e a6 97 cb de 27 f2 5c  O..E.........'.\
00002f60: d6 d7 7d b3 d4 04 a8 69 5e 72 8b 40 18 21 5b 59  ..}....i^r.@.![Y
00002f70: 58 4b f0 aa 67 73 ca 96 dd 45 d6 3a 6c 2e 9d 67  XK..gs...E.:l..g
00002f80: 99 c2 98 73 d2 ec 5a 23 fe 93 e0 df f1 34 e0 7d  ...s..Z#.....4.}
00002f90: 28 ee 24 d3 6a 4d 13 c7 48 04 7b ae 03 47 85 90  (.$.jM..H.{..G..
00002fa0: 78 80 8b 88 73 16 9d 4a 12 25 c9 d5 18 98 a9 26  x...s..J.%.....&
00002fb0: 01 7b 8f ab 14 bd 22 1d d6 96 4c c5 54 56 97 5f  .{...."...L.TV._
00002fc0: b1 d6 33 60 23 04 3d 18 43 eb 25 00 1c fa c7 0a  ..3`#.=.C.%.....
00002fd0: 54 a6 3f 32 04 9d fa a5 36 51 3a 86 a9 b2 53 d0  T.?2....6Q:...S.
00002fe0: a9 12 be 36 ca eb 10 33 7d 69 3f bb fc 6a c4 7f  ...6...3}i?..j..
00002ff0: 09 c5 d8 2b 91 af 8f 36 03 a8 ea 52 e9 51 14 11  ...+...6...R.Q..
00003000: 77 ec b5 49 eb 1c 92 14 cd 28 39 38 03 7c 03 fe  w..I.....(98.|..
00003010: df b4 8e 0d cd 62 4b 6d 32 64 af 7a 38 10 ec bb  .....bKm2d.z8...
00003020: 28 bd 15 74 db 7e 99 73 7d c0 ea bf 09 98 05 e1  (..t.~.s}.......
00003030: 10 8a 73 eb 73 f3 8b 9d e6 b2 6d ba 95 a0 3b 99  ..s.s.....m...;.
00003040: 7e 52 a8 20 7d e3 3a 40 9c 0a 3a 4d 63 3d ac e1  ~R. }.:@..:Mc=..
00003050: c2 f1 15 dc 5b c5 6f d5 4e db a9 08 ca aa c3 cb  ....[.o.N.......
00003060: 9c 26 9f f9 a9 ce f4 28 70 f3 9e 01 a3 96 dd 2f  .&.....(p....../
00003070: 83 de 31 d4 9f f8 dd 12 1f ca 36 3c 44 86 0e c7  ..1.......6<D...
00003080: 1d 08 33 1c 46 22 22 5d de de fc 23 e9 c7 aa d3  ..3.F""]...#....
00003090: a3 49 93 e0 37 46 f7 b2 89 27 40 8f fc 73 6a 0a  .I..7F...'@..sj.
000030a0: a3 fa 57 eb fc 3b 04 b8 10 a7 12 f4 6f a7 76 7e  ..W..;......o.v~
000030b0: 5e d2 37 4c df 37 e8 7c b4 bb 00 30 e9 11 61 b3  ^.7L.7.|...0..a.
000030c0: 30 66 6a b8 53 18 01 df 5a 20 60 5f 50 6b b1 bf  0fj.S...Z `_Pk..
000030d0: 3d ee 88 6e 5b 80 3e 16 66 c3 85 16 27 ac 97 d5  =..n[.>.f...'...
000030e0: 2d d0 30 e7 5a 96 1d 20 6d b8 2f 1c d3 2f fa b4  -.0.Z.. m./../..
000030f0: 23 43 49 5b 9f fd 99 b7 17 3c 49 cd 78 76 dd 8e  #CI[.....<I.xv..
00003100: 47 89 f1 14 fd c2 14 76 06 46 f2 61 dc b0 25 5a  G......v.F.a..%Z
00003110: 00 06 dc 77 d0 87 54 3c f7 2a 58 22 99 98 99 37  ...w..T<.*X"...7
00003120: 94 50 70 3c a8 e9 ab b7 0d c3 0a ef 2e 53 e5 26  .Pp<.........S.&
00003130: 38 73 77 b5 02 e5 14 85 f7 c0 b4 58 0b 2d 32 88  8sw........X.-2.
00003140: 9d 96 93 af ac 8e 93 24 92 77 c1 dc 96 fc d7 42  .......$.w.....B
00003150: f0 f5 c0 9e f1 8e c4 a1 f8 bf bf e4 09 73 0d e7  .............s..
00003160: 7b 0c 50 b9 a0 ec ae d3 08 db 6d f5 01 e3 a9 bc  {.P.......m.....
00003170: 33 9c 6b dd 08 c1 79 da fa 20 70 9c f6 92 c0 29  3.k...y.. p....)
00003180: 9c 85 ff 6a 79 26 23 25 0e 04 d3 6b 65 7a 7c 2d  ...jy&#%...kez|-
00003190: 43 1a 1d 27 59 89 d0 0d 86 cb 2f 28 18 ad 44 ad  C..'Y...../(..D.
000031a0: a4 33 b9 29 2d 28 c8 9a 4b 0d 9e 20 12 fa ce e2  .3.)-(..K.. ....
000031b0: 27 c3 29 fd e9 d4 8a a2 63 65 37 cf 31 eb 56 47  '.).....ce7.1.VG
000031c0: a5 6c 65 62 dd 4e 30 2e 3b eb 24 fb f8 39 fd cf  .leb.N0.;.$..9..
000031d0: 4d 2b 40 2e 28 49 ac 89 77 21 2b 26 b0 67 57 c0  M+@.(I..w!+&.gW.
000031e0: 80 67 e6 82 6c f7 99 67 79 54 79 8e 9e ef 1b 34  .g..l..gyTy....4
000031f0: 4c 06 e8 9f 0c 4c 70 c2 ef a8 03 57 53 24 d1 3b  L....Lp....WS$.;
00003200: fe bf a8 12 86 e8 85 0e 46 46 3b a0 86 db dd 31  ........FF;....1
00003210: 84 5f cd ba 46 fa 81 58 2e e9 b8 6e 4c cd 63 37  ._..F..X...nL.c7
00003220: 17 2a 65 f0 63 09 46 a7 66 b8 b0 aa ba fd f3 1a  .*e.c.F.f.......
00003230: 52 ed 4c 2b 6e c9 92 2c a0 45 e2 88 af d1 f0 03  R.L+n..,.E......
00003240: 84 79 d2 09 bf a8 f8 22 b7 8f 1e 01 67 ef c2 25  .y....."....g..%
00003250: ff 6f 36 95 1a 84 cd 04 89 c8 36 88 4a 89 78 23  .o6.......6.J.x#
00003260: 11 98 02 e4 c1 40 14 ad 01 9d 1d d1 4b f5 3a 3b  .....@......K.:;
00003270: f4 42 26 2c a4 05 62 07 ee 73 0e d1 4c 7b ec 84  .B&,..b..s..L{..
00003280: 77 67 96 4f 52 3c de d4 c9 f3 1f 20 e8 e5 11 92  wg.OR<..... ....
00003290: a8 67 c8 a6 5c 46 20 6f 70 f9 d6 dc c2 d0 c8 a4  .g..\F op.......
000032a0: 79 ce fa ab 99 9c 42 df a1 56 b1 ae ee 9f 4e fb  y.....B..V....N.
000032b0: ef 7d c2 67 f0 cb 66 cf ae ff 75 77 e1 11 33 a5  .}.g..f...uw..3.
000032c0: e8 3e 2d 8d 99 37 aa 15 59 8f ae a6 ef 00 3f 31  .>-..7..Y.....?1
000032d0: cf 79 22 6f 8c 55 92 81 3c 90 e7 91 7d c7 25 df  .y"o.U..<...}.%.
000032e0: 02 2d c8 1c 41 1e 92 c6 33 cf 1d 5f ba 2e 25 3d  .-..A...3.._..%=
000032f0: 37 62 70 d6 45 06 b8 d0 3c 80 73 d8 86 19 41 d8  7bp.E...<.s...A.
00003300: 8e 70 26 f2 e7 d7 f8 04 08 8e 40 05 b4 17 38 d1  .p&.......@...8.
00003310: d8 c1 7a 1b 76 37 e1 70 0c e5 fd 55 b7 2b 76 e1  ..z.v7.p...U.+v.
00003320: 4d b7 36 f4 9c 06 2e f2 c6 79 f8 33 16 2f e9 1b  M.6......y.3./..
00003330: 28 e0 d1 7a af ea 73 ae d2 95 68 dc c8 c6 e5 94  (..z..s...h.....
00003340: 72 aa a5 a9 73 6e af 0e 8d 47 a9 5d c5 fe 36 3d  r...sn...G.]..6=
00003350: 7f 15 a3 0f b1 cc 87 ef 4e 1b b7 c9 0c 01 ff 41  ........N......A
00003360: 4e 82 65 b7 5b 0c b2 f0 4a a2 85 59 41 ba 04 84  N.e.[...J..YA...
00003370: d7 a5 d8 02 24 9f d2 c6 e4 c2 76 1f 4b 11 97 0a  ....$.....v.K...
00003380: 57 26 f6 4c db ad 7b f9 46 2a d9 95 72 83 8d 6c  W&.L..{.F*..r..l
00003390: 2e c6 25 be 53 9b 24 ea bb 06 da 14 30 32 03 d8  ..%.S.$.....02..
000033a0: dc 50 94 40 4f fc 6d cc 74 26 9c 90 ec 3b e3 1e  .P.@O.m.t&...;..
000033b0: 62 68 6d 84 57 8d 36 6f 9d 49 7a 00 4d 44 20 6e  bhm.W.6o.Iz.MD n
000033c0: 98 eb 7d f9 95 32 83 28 93 21 0a 90 78 f4 ee 9d  ..}..2.(.!..x...
000033d0: 3a 43 50 66 fb 09 8d d6 72 59 e6 ec be f7 ac 69  :CPf....rY.....i
000033e0: 7e b3 dc 29 49 89 9c 3c f2 a8 ac 4f 4b 85 82 70  ~..)I..<...OK..p
000033f0: 78 d7 0f fb 81 b7 b8 c7 6c 1d 13 7e ba 72 d2 83  x.......l..~.r..
00003400: 8a e3 7b 3b 48 12 44 35 fb 70 7f 89 24 9c 47 bf  ..{;H.D5.p..$.G.
00003410: 4b 11 d8 0f b7 be 85 11 3d da 51 30 fd b2 85 01  K.......=.Q0....
00003420: c7 28 b2 3f 35 15 f4 11 a2 44 29 92 af 8d ec d2  .(.?5....D).....
00003430: f6 d1 45 72 ba e8 70 15 16 65 ea 0a 80 0c 57 c5  ..Er..p..e....W.
00003440: 93 d8 54 85 28 6f 9f 02 bd 96 1f 05 66 c7 58 6e  ..T.(o......f.Xn
00003450: ec 21 f2 6f 8f 58 dc 39 e0 35 d0 a4 bb 5f ec bf  .!.o.X.9.5..._..
00003460: 13 34 2b 56 b3 bc 34 55 64 d0 04 ac f3 8d 31 12  .4+V..4Ud.....1.
00003470: ce cf a7 6a 8d c2 bf c6 a2 ef bb 1d d9 bd b3 39  ...j...........9
00003480: 87 83 37 b2 d2 63 f5 ab fe 35 fd 65 a9 9c ac 36  ..7..c...5.e...6
00003490: d1 99 55 b5 c6 84 44 f0 ae 66 83 c9 1a 89 ce dc  ..U...D..f......
000034a0: a1 bc 70 d7 f1 36 27 79 60 f6 75 34 c8 da f5 67  ..p..6'y`.u4...g
000034b0: 86 cd 4b bf 63 95 d3 55 d5 b2 0d d7 78 81 fa 71  ..K.c..U....x..q
000034c0: 26 9f 7f cf 83 f6 75 94 ee 4a da 13 3d 9c 3a 83  &.....u..J..=.:.
000034d0: df ff 38 dd 80 f8 6c 07 bc eb e3 06 0b 50 d4 62  ..8...l......P.b
000034e0: 1b 11 94 77 00 e5 92 c9 ca 62 7f 13 9f 8a 7d 37  ...w.....b....}7
000034f0: 57 22 42 65 ef d1 00 52 95 10 bb aa 84 99 50 56  W"Be...R......PV
00003500: e3 d3 3d 86 21 45 e8 eb a0 5e d5 4d fd 09 0d e1  ..=.!E...^.M....
00003510: de 64 39 93 50 56 45 74 f7 53 bb 0c bd b6 38 3b  .d9.PVEt.S....8;
00003520: 4d 6c 4f 2d 8c f5 eb 33 a7 29 52 94 77 e1 99 f8  MlO-...3.)R.w...
00003530: f4 db c3 2d 8f a4 85 70 b1 07 4f b2 35 55 ea b0  ...-...p..O.5U..
00003540: c7 38 48 85 6c 39 91 4a 75 38 f6 37 96 87 7d 4c  .8H.l9.Ju8.7..}L
00003550: 22 f2 15 b2 a2 48 7f 7b 20 f9 c8 ee 38 ec 44 f8  "....H.{ ...8.D.
00003560: a2 c6 45 0c 44 1d 01 3d 0e 5a 4e 9b fa dc b1 bd  ..E.D..=.ZN.....
00003570: c0 9b f7 d8 f5 4a 28 a9 c6 3c b3 d1 31 96 c1 47  .....J(..<..1..G
00003580: 55 3b a2 96 45 d1 15 15 c0 8d 6d cb 90 72 2f c2  U;..E.....m..r/.
00003590: 0e 39 be 91 3b 83 65 8c 4f a4 b7 26 c3 77 a2 27  .9..;.e.O..&.w.'
000035a0: 51 cb 7e 51 0e 24 3a 34 6b 02 3e a1 4f 31 ef d5  Q.~Q.$:4k.>.O1..
000035b0: 22 43 90 a4 ab 16 a3 6b 61 b5 3e a3 98 3e fd f8  "C.....ka.>..>..
000035c0: dc 50 36 67 00 f3 13 12 a0 e2 07 a1 a9 54 3c fe  .P6g.........T<.
000035d0: 86 77 ee 9a 49 19 3e 24 40 67 bf 05 83 8d 71 06  .w..I.>$@g....q.
000035e0: f5 d9 8b e7 5f 0c 3f 50 9e 25 42 a6 fb 51 8b de  ...._.?P.%B..Q..
000035f0: a5 3b c4 0c 77 8e f3 8d 75 93 c0 24 2f 1a f6 f7  .;..w...u..$/...
00003600: ca be 88 81 4b 78 85 6a 4c b0 b1 53 36 51 b5 ef  ....Kx.jL..S6Q..
00003610: 9a ca 0f 3a 02 b6 7b fb aa b2 ed ab 55 00 b6 f6  ...:..{.....U...
00003620: d7 06 71 3a ec ce cb 22 8b cd d5 c7 f3 c9 94 d4  ..q:..."........
00003630: 7c 4a d8 8d 34 25 98 4d fe 3e 2f 35 b3 10 1c 4f  |J..4%.M.>/5...O
00003640: b4 e7 e9 7d 58 ee 85 c1 48 ef ad 49 01 ff bf c7  ...}X...H..I....
00003650: 4d dd cc 60 c0 b9 10 75 b3 f8 d6 e6 8f 35 f2 92  M..`...u.....5..
00003660: 1d 06 7b 77 5f b4 1b 52 94 c2 d1 7a b6 81 28 1c  ..{w_..R...z..(.
00003670: b7 22 35 16 0b 96 a9 cb 6c 7e 73 2a 80 61 99 75  ."5.....l~s*.a.u
00003680: 78 4e b3 69 7d e8 89 e4 6f 53 b3 79 f7 7e c0 1d  xN.i}...oS.y.~..
00003690: 35 dd fa da 52 43 86 1d c4 c3 84 3a ce 07 f4 f4  5...RC.....:....
000036a0: be e4 5e 55 67 ab fd b6 fc b1 2e bf 18 29 c2 76  ..^Ug........).v
000036b0: 87 6a 51 bf 1d cf 80 4f 3b 89 1f 2a 57 dd 70 0b  .jQ....O;..*W.p.
000036c0: 1a 01 1e 87 94 92 66 4a 0e cf 81 b3 43 2b 49 ca  ......fJ....C+I.
000036d0: f8 c2 d4 1c 21 42 ec 4e 85 b4 8e 23 21 ed 4c 4b  ....!B.N...#!.LK
000036e0: 0a 30 9b 54 d6 41 dc 0a 98 bf c9 c8 9f 9b 17 bd  .0.T.A..........
000036f0: ca 57 94 ac 6f 13 54 89 1b 4d 81 60 78 be 5b 5b  .W..o.T..M.`x.[[
00003700: bc f2 eb 81 3b 82 cc 3b b0 1f 3e 7a 11 ec ce 3b  ....;..;..>z...;
00003710: 53 cb a6 a7 6f 37 f5 7b b7 be 40 a2 09 5d 10 6c  S...o7.{..@..].l
00003720: 76 02 69 7e 0c 42 5d 23 1a 8b 6f ce 68 5b ba 03  v.i~.B]#..o.h[..
00003730: dd d4 72 4f 83 e0 c2 f1 d5 c5 1a 64 9f 58 f6 ae  ..rO.......d.X..
00003740: f3 91 1f 93 0b 8f ac 7c cf 45 2a 65 d8 62 e8 16  .......|.E*e.b..
00003750: 84 84 d5 77 51 7d f2 91 cf 9b 83 c4 f0 23 8c bb  ...wQ}.......#..
00003760: cf 86 c0 fc eb f5 34 39 91 27 99 a9 a3 cc d6 77  ......49.'.....w
00003770: 6f 4a d2 1a d0 64 de ba c2 7a bf bf 39 2f 6c d5  oJ...d...z..9/l.
00003780: fa 49 d2 8e da bb f2 e6 eb 45 78 22 81 14 76 32  .I.......Ex"..v2
00003790: 1c e5 f8 d1 0c 2a 08 ac 75 63 4a a7 a9 f1 d0 ff  .....*..ucJ.....
000037a0: c7 3f 9b 7d 54 9a bc f2 ec f2 09 45 77 5f 10 35  .?.}T......Ew_.5
000037b0: a0 91 5d e6 a1 da 6c 21 34 93 90 e0 11 0e 93 76  ..]...l!4......v
000037c0: d4 41 0a d2 63 1c 17 a6 93 0b 90 f8 5f cf 04 b2  .A..c......._...
000037d0: 8e 0e 5d 1f 16 3d d7 bd 31 81 96 0b b4 48 5c 34  ..]..=..1....H\4
000037e0: 98 c4 ce 36 68 e4 09 06 e4 78 0c e7 7c 45 a5 8d  ...6h....x..|E..
000037f0: 30 5a 80 6a b4 37 fe 1e 13 3d 55 7e 80 e7 38 16  0Z.j.7...=U~..8.
00003800: 3a a7 7e f7 96 a5 6f e0 f6 34 00 df 08 dc 13 66  :.~...o..4.....f
00003810: df 54 f8 af 3e 60 96 f8 2c 55 5f a9 d0 8a c8 85  .T..>`..,U_.....
00003820: 99 c9 2b fb ea 12 28 85 78 59 40 a5 6f 42 2c d6  ..+...(.xY@.oB,.
00003830: cd be 0b 36 d5 bf b1 a8 c9 fa 30 ab 66 3a 53 14  ...6......0.f:S.
00003840: e2 6d 90 fa 15 f6 d3 b2 88 86 93 68 50 ed 0a f1  .m.........hP...
00003850: 81 e7 f5 67 e5 1b 9a 02 14 9b 2c 07 02 f2 88 52  ...g......,....R
00003860: 46 34 d4 e0 81 9d 2e 1a a0 60 37 9b cd 75 d2 b9  F4.......`7..u..
00003870: 18 33 6c 53 15 48 40 80 8c ff 64 2f 3c c6 3c e9  .3lS.H@...d/<.<.
00003880: 85 d1 ec 6e 57 1d 48 4d cc f2 b8 b0 5d 4a 78 4b  ...nW.HM....]JxK
00003890: 1a f6 4d 79 8d 1d 41 50 bf d3 83 95 77 b2 25 9a  ..My..AP....w.%.
000038a0: fc a8 08 4d d7 a8 f8 2e 3d f5 04 4e 89 27 78 07  ...M....=..N.'x.
000038b0: 96 9a 08 a8 1f cc d2 42 e1 a1 7f 3e ce f7 3f 04  .......B...>..?.
000038c0: c0 40 1d d0 ba 93 28 73 d8 28 a1 da 88 f0 01 6c  .@....(s.(.....l
000038d0: 85 7e 81 a4 23 0d bb 23 fd 45 0f 7f 98 89 c7 33  .~..#..#.E.....3
000038e0: 3f f9 d6 ca 68 c1 95 da 5f 36 15 ee 93 67 c0 52  ?...h..._6...g.R
000038f0: e9 e5 b7 09 9e 47 b9 94 ce b8 5a 97 cc b1 c6 63  .....G....Z....c
00003900: 31 09 4e e4 e5 0f 42 7d 9e b1 58 b4 4e 5e 05 9b  1.N...B}..X.N^..
00003910: f0 a5 e4 fd c1 99 8d a6 80 d8 f8 b4 8a fe e4 79  ...............y
00003920: 0f 3b f4 e9 d2 f7 84 9d 77 db a7 07 58 5d a9 44  .;......w...X].D
00003930: e4 41 e2 49 aa 97 55 96 eb 6d ec d7 9c 3f 27 cf  .A.I..U..m...?'.
00003940: 3c bf e9 dd 7e 46 e9 77 da b9 2c e7 e1 6c 2c e8  <...~F.w..,..l,.
00003950: 19 d6 85 80 b2 c3 11 1b 2b 20 0c 67 5c d0 ec 54  ........+ .g\..T
00003960: cf 60 78 79 b1 38 c9 0d 4b 93 b3 5f 7c 8e f3 ea  .`xy.8..K.._|...
00003970: 67 2a 65 7d 11 44 c6 1f a0 f7 db d4 5e dc 71 e1  g*e}.D......^.q.
00003980: 87 5c d5 9e 5b 88 29 52 f5 ed 8f 1c 91 24 b6 b4  .\..[.)R.....$..
00003990: c9 3c c3 b6 fa 5b d6 a3 db b2 d2 aa f2 cc 5e b3  .<...[........^.
000039a0: 54 bc ee 0b 7f 35 76 8c ab f6 b7 2e 62 42 09 84  T....5v.....bB..
000039b0: f2 f5 27 fd 24 8c 44 aa ca 23 ac 7e 71 23 3e 84  ..'.$.D..#.~q#>.
000039c0: a6 e6 03 c8 97 71 17 88 44 89 97 3f 11 92 70 6b  .....q..D..?..pk
000039d0: af 52 ef ee 13 30 bb 82 8b 92 69 5c 8f 42 85 51  .R...0....i\.B.Q
000039e0: 26 25 18 2c 25 0a f6 98 04 69 04 4f 6f 12 f7 00  &%.,%....i.Oo...
000039f0: ff d6 63 48 56 2c 78 3d c4 3d 80 18 33 e8 3c 15  ..cHV,x=.=..3.<.
00003a00: c2 25 a5 c6 a6 2a 1d a8 b3 37 84 24 78 cb a2 bd  .%...*...7.$x...
00003a10: f5 e6 4f 55 58 8d 86 a1 c9 95 66 e1 6a f1 e6 aa  ..OUX.....f.j...
00003a20: ea e8 79 3b 1f 00 57 96 23 f5 e3 46 72 dd 53 36  ..y;..W.#..Fr.S6
00003a30: 7e f9 39 3b b6 65 19 2d 5a 78 36 51 b1 7d 05 80  ~.9;.e.-Zx6Q.}..
00003a40: b5 54 bf e6 60 1f 4f 6d 0c 4e 1b 4c 3b 05 41 4a  .T..`.Om.N.L;.AJ
00003a50: 12 05 07 40 a2 51 a1 12 59 0b 8a 23 05 e5 a9 7c  ...@.Q..Y..#...|
00003a60: 96 c1 d7 14 e0 3d 20 64 8e a7 4f 31 7c 83 aa e0  .....= d..O1|...
00003a70: e5 3c bd 16 64 df 19 d9 cf 08 f6 6a 0d a0 26 b1  .<..d......j..&.
00003a80: eb fd 4f db 72 84 c4 6b 2e b4 e7 e2 10 bc 3b 9f  ..O.r..k......;.
00003a90: 29 b4 9f 1f f1 2b e1 3f 01 89 4c 82 26 70 ce 5f  )....+.?..L.&p._
00003aa0: d0 89 24 b0 36 27 f3 7a b2 82 c9 90 b2 2a 4c 89  ..$.6'.z.....*L.
00003ab0: 2a 43 4c c6 c4 31 7c c9 dc db 52 da b8 d5 d0 dd  *CL..1|...R.....
00003ac0: 91 eb ec 84 fa 80 a9 5b 3b bb f7 e2 20 19 d9 57  .......[;... ..W
00003ad0: 9e c3 a6 3b 49 85 bc 5b 68 96 b3 b6 6e 82 93 06  ...;I..[h...n...
00003ae0: 5a c9 b4 5c ef 96 1b c6 07 5f e2 a5 4e 64 58 eb  Z..\....._..NdX.
00003af0: c6 d9 f5 4e bd d1 fa b8 2d 07 63 a9 f5 94 a6 ee  ...N....-.c.....
00003b00: 37 ff fd 92 70 df a0 16 ba 15 cb f4 46 3e c4 73  7...p.......F>.s
00003b10: 9e 9b 7b 10 c1 3f eb 83 bf de 3a bd 63 8a 2f 40  ..{..?....:.c./@
00003b20: 1e b6 c8 55 a8 13 31 d3 71 9a b3 b5 e3 1b 60 40  ...U..1.q.....`@
00003b30: 7d 44 2a f9 29 f0 d3 3c 60 4c 92 89 aa d1 80 ea  }D*.)..<`L......
00003b40: 1b 74 c5 9b e3 5b 89 e6 40 97 43 10 bc 78 3d 93  .t...[..@.C..x=.
00003b50: 46 45 e0 d6 7f 10 3a 4a b7 10 ec 38 dc 92 c3 9b  FE....:J...8....
00003b60: e4 5a fc 1c e3 ff bc d7 d7 a9 6b ee 90 37 c3 16  .Z........k..7..
00003b70: f6 76 3b 37 df 94 1f b0 de b2 5d 04 5b 7d 99 0c  .v;7......].[}..
00003b80: f9 0c 9b 0a 6b 38 05 91 68 70 85 8f a9 94 28 92  ....k8..hp....(.
00003b90: d1 e1 5f 7b f8 43 67 91 d0 ff d3 4a 6f 75 8d 85  .._{.Cg....Jou..
00003ba0: e3 ba e5 7d 95 46 28 d6 cd f8 b1 a9 41 53 c4 b2  ...}.F(.....AS..
00003bb0: fb 6a b1 07 ad b9 97 18 cd 3b 74 ff 19 46 6a 45  .j.......;t..FjE
00003bc0: 6c 29 bf 32 09 25 43 fd 19 df 1f cf c1 5d 96 b6  l).2.%C......]..
00003bd0: 5b ea 57 fb e0 b9 79 f4 74 50 d7 35 62 d6 f2 b4  [.W...y.tP.5b...
00003be0: ac 2b 71 59 ea d4 98 65 e1 1a a7 96 09 1d 3d 8a  .+qY...e......=.
00003bf0: c8 3c 30 44 3d ba 8b c1 cf db 11 31 c5 e9 e2 d7  .<0D=......1....
00003c00: 29 7c 73 47 44 af 7c ce 7b 35 ed 7b 62 71 56 6a  )|sGD.|.{5.{bqVj
00003c10: 94 3b 11 9a 16 c0 4e b4 46 03 27 be 48 84 64 fc  .;....N.F.'.H.d.
00003c20: 00 c2 e4 ad 2e cd cc 5e 80 66 a7 3e f5 a0 df e5  .......^.f.>....
00003c30: 97 27 ae c5 fe a1 2d 60 81 e1 4b 53 6b 03 7a ee  .'....-`..KSk.z.
00003c40: 94 83 01 11 fc 0b 43 37 95 52 f2 0e e1 02 e2 75  ......C7.R.....u
00003c50: 9f 3b 9e 83 76 6c 5f 7e e5 de eb 4b 54 41 25 2d  .;..vl_~...KTA%-
00003c60: ac 74 81 c2 fe 6a 29 ea 36 8d d3 c3 b0 fd 23 69  .t...j).6.....#i
00003c70: 1b 2f d3 48 1d cd da 3e ec 92 3e 51 63 7c 9a fb  ./.H...>..>Qc|..
00003c80: 9a 93 c6 55 79 14 76 18 e3 33 49 9d 9d cd ce f6  ...Uy.v..3I.....
00003c90: f1 0a c5 a3 ee fc 73 10 c0 88 e3 34 1a a1 3d dc  ......s....4..=.
00003ca0: a5 51 c7 ae a0 57 79 0f a1 b5 81 0c 5a 3a 33 02  .Q...Wy.....Z:3.
00003cb0: 33 a9 08 96 81 70 92 6e 71 05 b4 22 e0 19 95 96  3....p.nq.."....
00003cc0: 1e f1 c0 5c eb b8 24 e8 2c 91 1e 50 70 d7 30 c8  ...\..$.,..Pp.0.
00003cd0: b6 50 2d 78 76 1a 62 10 86 5e df 9b 23 ef de 02  .P-xv.b..^..#...
00003ce0: 85 66 12 f3 3c 66 86 cd 85 3f c8 50 e9 ef b0 5a  .f..<f...?.P...Z
00003cf0: e0 a0 2c 35 a1 f0 c5 68 a1 60 8e be f2 5d 7b db  ..,5...h.`...]{.
00003d00: 8e b2 06 b5 25 01 d1 72 53 dd a7 1f bd 81 c5 40  ....%..rS......@
00003d10: e0 7d 74 40 61 10 88 53 da 86 d9 11 89 a1 c2 9e  .}t@a..S........
00003d20: e8 35 0a e8 81 b8 9d 30 94 7f f2 88 24 f4 5a d1  .5.....0....$.Z.
00003d30: 3b 2e 55 4b c6 38 f7 60 6c 02 0a ca f4 55 88 c4  ;.UK.8.`l....U..
00003d40: c6 f5 69 64 d0 00 7a 4d 37 90 cd 8f 94 24 62 13  ..id..zM7....$b.
00003d50: 52 fe ed c4 65 62 0d 8e f0 8f 65 2c 6f f4 61 39  R...eb....e,o.a9
00003d60: 13 35 6b d7 4d b0 f2 94 4d f3 85 1a 81 9f 9c da  .5k.M...M.......
00003d70: 13 5f 7d 8d ce 02 8f 87 86 96 60 52 d8 4c 11 3d  ._}.......`R.L.=
00003d80: 29 e9 f8 c9 46 2d df 7a 07 55 ad 0d c0 37 67 14  )...F-.z.U...7g.
00003d90: b0 c8 8e 14 44 5a ae 6d 25 11 9b 3d ea 19 52 59  ....DZ.m%..=..RY
00003da0: 09 0b 15 db 1a 22 e2 46 8e d7 d8 48 de 21 8b 0b  .....".F...H.!..
00003db0: 61 a5 5f 8d 81 7b cb 43 1d 8e fd 93 eb a1 ee 24  a._..{.C.......$
00003dc0: 3e e5 5d fb a9 61 ec 90 36 51 f1 44 9d 0f 74 f7  >.]..a..6Q.D..t.
00003dd0: 59 b3 ba 12 fc 19 d3 46 3b fc bc ad 31 82 6a 9d  Y......F;...1.j.
00003de0: bd 92 a0 2b f5 1f 30 26 27 7e 06 1a 74 71 1b 06  ...+..0&'~..tq..
00003df0: d8 74 ed 25 41 9c 19 2d e4 b9 db 17 36 95 94 01  .t.%A..-....6...
00003e00: f8 51 60 cf 98 0e 24 13 3f 17 1f 7e 2a aa f4 19  .Q`...$.?..~*...
00003e10: e0 e3 35 68 65 17 64 55 ec 97 9b 1a 0b 27 c3 83  ..5he.dU.....'..
00003e20: 8b bb 87 e7 8d b2 5b 7b e6 0f 73 ab 73 9f d4 34  ......[{..s.s..4
00003e30: 80 c1 a0 43 e4 0f 81 eb a2 41 43 52 b8 68 9e a9  ...C.....ACR.h..
00003e40: cf dc 52 6f 74 14 65 d0 47 54 ba df ab 21 51 d8  ..Rot.e.GT...!Q.
00003e50: 46 6f c1 ac 9b 29 d7 76 4f 42 58 c7 21 e9 c3 c2  Fo...).vOBX.!...
00003e60: 91 71 d6 b6 da 4b dc 25 dc 75 c3 5a a8 7c f5 a9  .q...K.%.u.Z.|..
00003e70: 34 8a f7 23 1c 80 e1 67 7b 27 06 e1 e2 2b 73 15  4..#...g{'...+s.
00003e80: 14 8d ba 92 bf 21 b1 0d 1b 5f a7 27 7c b4 8c 24  .....!..._.'|..$
00003e90: c4 95 07 68 17 92 d7 ad 8f 00 99 82 5e bf b4 e3  ...h........^...
00003ea0: 1c 82 5c 26 dd d3 12 7e b9 ec 14 54 5c 8c 0a a4  ..\&...~...T\...
00003eb0: 37 a0 e2 a4 b9 46 73 83 7a 39 de 11 6f 10 e8 d3  7....Fs.z9..o...
00003ec0: b8 99 3b 36 0b 07 b0 68 63 f2 50 d4 e9 85 35 14  ..;6...hc.P...5.
00003ed0: 5c d0 9e e2 d5 d5 12 c6 00 69 89 48 d0 d9 0f 7b  \........i.H...{
00003ee0: 82 06 9f 1f c5 32 a9 17 c6 79 34 59 c5 d2 97 ef  .....2...y4Y....
00003ef0: 47 13 5e b5 26 d0 5d 7d 64 4a 17 d4 bc 82 91 2a  G.^.&.]}dJ.....*
00003f00: b3 b8 a6 68 dd b0 1d 14 6b 04 9b b8 2e 24 89 34  ...h....k....$.4
00003f10: 79 36 dc c8 ce 41 0a 73 ee 32 5c 3e 3f c5 91 7d  y6...A.s.2\>?..}
00003f20: 3c 43 ee ae ce 48 a6 21 a5 fd 7e 29 de d7 69 af  <C...H.!..~)..i.
00003f30: c9 64 98 0b 57 ee 78 d2 26 e5 e1 43 3a 5b fc 5e  .d..W.x.&..C:[.^
00003f40: 6a b5 8a db 42 a3 63 63 2d bf c8 a0 f0 b3 d2 6f  j...B.cc-......o
00003f50: a9 a5 36 95 c9 d1 45 9f 2e 82 4e 3d ed 06 b4 f1  ..6...E...N=....
00003f60: 66 d3 ef 00 57 de 45 d7 0b 8a 0f 9e 3e 5f 47 cc  f...W.E.....>_G.
00003f70: 65 66 72 e2 ae e0 09 27 eb 33 c5 58 6c 6f f0 85  efr....'.3.Xlo..
00003f80: c4 94 f7 b7 c8 49 6d 6f e8 38 9b 8a 6f 7b 1c ae  .....Imo.8..o{..
00003f90: 7f a0 aa ea b2 7c 8c 38 70 cf 31 18 fe a8 e2 95  .....|.8p.1.....
00003fa0: 7a 73 40 14 cd 32 6b 90 e5 63 08 69 82 78 9f ce  zs@..2k..c.i.x..
00003fb0: cf 9e f2 79 45 37 9a 28 f9 42 83 83 d5 ba c6 57  ...yE7.(.B.....W
00003fc0: 62 83 4d 55 d6 a2 6d 57 a4 f4 80 be c2 d3 36 21  b.MU..mW......6!
00003fd0: 96 46 4a 46 11 eb 9a 73 67 5d 1c 50 42 8d 2a 27  .FJF...sg].PB.*'
00003fe0: fd ba 7d 72 b8 55 77 e7 5e 05 ec f3 d9 ec c9 d3  ..}r.Uw.^.......
00003ff0: 76 be e4 7f 09 db 27 15 27 78 6a 8d c7 a8 f2 68  v.....'.'xj....h
00004000: 6a b8 0f e6 04 33 6d ff cc 74 97 a2 4b 72 72 19  j....3m..t..Krr.
00004010: 24 f6 bb 3e 1c 2e 34 37 f9 68 4d 08 ed 74 d2 d4  $..>..47.hM..t..
00004020: 7a 11 01 43 f4 e7 b2 95 2f 4b 51 2f a6 d3 62 47  z..C..../KQ/..bG
00004030: 2c ba 6b 8d 16 c6 9c 77 33 21 1b 81 e0 1c 2f f5  ,.k....w3!..../.
00004040: a6 5b a3 57 1b db af 9e 91 a9 fd 93 88 a8 90 6c  .[.W...........l
00004050: 61 e5 d7 69 a4 b3 77 01 2a 90 d0 ff 95 46 78 ac  a..i..w.*....Fx.
00004060: fc 12 fa 6e 9e 03 7b ef db f5 50 45 90 bd 16 82  ...n..{...PE....
00004070: 29 c9 22 0a 0f 68 ca c0 fe b1 93 88 2f fe c4 93  )."..h....../...
00004080: 10 82 c3 39 ab d8 f6 ca 2a ab d4 eb 17 25 21 61  ...9....*....%!a
00004090: 51 c6 fe 42 18 52 e8 0c d4 1f 9d 59 bf 93 57 42  Q..B.R.....Y..WB
000040a0: 0b 8f e8 97 d3 44 c7 54 18 d2 8b 87 95 ea 12 ee  .....D.T........
000040b0: 52 27 c5 71 99 69 b8 20 bd 12 de 21 7a 1e 59 d3  R'.q.i. ...!z.Y.
000040c0: 74 53 cd c2 64 d3 d3 38 2a 31 8d 48 c0 71 64 3d  tS..d..8*1.H.qd=
000040d0: 1c e9 81 cc 6b e2 30 dc f7 f6 c4 42 18 da 92 71  ....k.0....B...q
000040e0: d3 3c 10 95 bc cf a7 5e d9 e8 76 6a 7e e0 1a 40  .<.....^..vj~..@
000040f0: 94 b9 55 4b e8 0b 44 e3 c1 d6 0a 22 7e 77 0e a5  ..UK..D...."~w..
00004100: 7c d6 b7 54 0c 9a c7 d0 dc fa 5c d6 7c ce ec 0c  |..T......\.|...
00004110: fe f4 d8 0a 0f 51 5f 5a 04 35 24 49 02 60 d1 9e  .....Q_Z.5$I.`..
00004120: e4 37 fb bb b6 b5 71 3f df f9 27 bf 8f 6d 89 7d  .7....q?..'..m.}
00004130: c9 c9 54 2f 1d 79 e7 ee 33 4c 9e 12 8f 4e c2 0d  ..T/.y..3L...N..
00004140: b5 47 d5 fe 7a 60 a9 e1 80 43 0c df f1 d7 1d 56  .G..z`...C.....V
00004150: ab 0e 8a 4d 95 12 aa 21 d7 57 70 9c 39 d5 c8 10  ...M...!.Wp.9...
00004160: da 4e 51 97 3d 83 b5 1f ca 72 41 ec 05 35 5b 48  .NQ.=....rA..5[H
00004170: 7c 9a 55 8a 11 47 83 06 c6 66 3d fd d5 9f f0 8d  |.U..G...f=.....
00004180: b9 e9 24 88 78 ba 97 84 d8 08 b6 66 26 9d 20 95  ..$.x......f&. .
00004190: 7b b6 c0 68 5d c4 da e7 5e 17 44 60 9d 72 1f ba  {..h]...^.D`.r..
000041a0: 3e 4e 49 3b 85 77 06 01 4f 04 92 6c d7 e7 e5 5d  >NI;.w..O..l...]
000041b0: 94 a1 ac f2 20 bc 79 ea f1 1a 5e fb b0 7e a5 48  .... .y...^..~.H
000041c0: 67 1e f5 9d f7 29 8d 77 a9 82 98 7a 22 ac cd df  g....).w...z"...
000041d0: 78 8f d1 2e 08 3d 0e 21 b0 a3 10 f9 b0 53 fc e8  x....=.!.....S..
000041e0: 8b f9 c9 df 2c 79 bc de e4 c7 ef 61 88 49 79 93  ....,y.....a.Iy.
000041f0: b9 de 44 3e 11 b3 60 66 02 ca 62 2e ac d1 56 c9  ..D>..`f..b...V.
00004200: 95 87 c4 35 f1 68 9b 52 18 6e 17 d7 0b a9 b4 d0  ...5.h.R.n......
00004210: 1e 8e c0 5c 7e dc bb a1 78 ba c6 d1 eb 79 c0 ce  ...\~...x....y..
00004220: dd ec a5 9b e5 c1 30 b6 08 00 e0 dc f0 8d 01 7c  ......0........|
00004230: ce 7c c9 d7 5f 0f 29 1a 3a 15 10 1b 36 a3 7f 3c  .|.._.).:...6..<
00004240: 81 1c 6b d4 45 4d 37 4b cf 78 f9 80 d0 57 55 9f  ..k.EM7K.x...WU.
00004250: 9c 6c 4d b6 9d 30 d2 fb ef f4 24 0d 31 90 4b d2  .lM..0....$.1.K.
00004260: e4 a3 d3 f7 a1 06 40 fc 43 67 7c 6d b0 87 75 62  ......@.Cg|m..ub
00004270: 18 0f 55 46 5d 0d 4f 72 fd ed 4d 18 c2 7d 83 47  ..UF].Or..M..}.G
00004280: 5a 37 6e 4a 33 7f c6 0f ed 42 11 70 e3 d3 ef 58  Z7nJ3....B.p...X
00004290: 9a 01 a6 c2 9d 31 b7 b6 3d 6a 0e 83 7d d5 2c fe  .....1..=j..}.,.
000042a0: e9 be ff 37 00 82 93 23 e1 f7 60 e5 82 15 ca 1c  ...7...#..`.....
000042b0: 32 8f 99 29 c2 b1 5f 5c a6 5a 69 ea 10 32 0c 8a  2..).._\.Zi..2..
000042c0: ea dc 45 1b 9a 13 bd 38 1a 3b 42 81 dd f9 36 c7  ..E....8.;B...6.
000042d0: 5a d1 fc a3 a6 c3 81 b3 c4 6d 0d f7 66 e6 1d 21  Z........m..f..!
000042e0: b6 0a ef eb 8e 24 a0 7c 39 d3 25 73 57 1f 70 7a  .....$.|9.%sW.pz
000042f0: 58 d0 4b ab 95 af 36 73 1a 58 ac 64 23 7d 56 45  X.K...6s.X.d#}VE
00004300: 37 71 50 be e9 8c 5d d5 39 b0 6e 10 dc 0a c4 43  7qP...].9.n....C
00004310: 84 3e 8c d3 75 d1 2b a8 a9 38 c1 7c d2 ab 68 2f  .>..u.+..8.|..h/
00004320: 06 f1 bf 13 16 5b d3 7e 6e d4 1a 68 0e 2c 49 cb  .....[.~n..h.,I.
00004330: e4 76 1e 60 40 ac c5 e9 1b 5c c7 15 95 f0 79 56  .v.`@....\....yV
00004340: c8 04 21 2c a8 d4 1d 48 e4 a8 0f 85 0f a4 bd 4a  ..!,...H.......J
00004350: cd 31 e3 0a 0a 41 3f 76 7c b2 ff 7e db c0 09 83  .1...A?v|..~....
00004360: cb 9a f1 10 52 08 b5 a7 9c b0 b4 6f c2 63 3e 18  ....R......o.c>.
00004370: 83 67 79 04 c9 75 8f a2 d9 c6 16 6d 3e 91 a4 84  .gy..u.....m>...
00004380: d7 35 3f ab 47 a9 03 30 6b 55 e7 b5 c5 35 a0 47  .5?.G..0kU...5.G
00004390: f3 71 0d db 98 f0 92 10 33 ab 44 fb cf 5b 66 83  .q......3.D..[f.
000043a0: dc 90 85 a1 fb 84 57 77 f6 72 3d e5 69 83 99 d5  ......Ww.r=.i...
000043b0: ac 9e 97 77 98 5b 24 29 a3 8d 42 9a ca 59 7f d5  ...w.[$)..B..Y..
000043c0: 4e 13 62 14 f0 81 ce fc a1 6a 95 34 c0 42 05 a2  N.b......j.4.B..
000043d0: a8 c7 13 59 2a d3 0e 0f 46 45 5d b9 58 26 60 e9  ...Y*...FE].X&`.
000043e0: 3c cc ff e2 4d 31 f8 85 62 eb a4 62 28 b9 5c 60  <...M1..b..b(.\`
000043f0: a4 dd c3 5a ce 8e 5c 9a a1 47 6a 1d 9a 85 57 ad  ...Z..\..Gj...W.
00004400: 3b 20 27 c2 18 d4 95 56 5c 48 25 bb b9 27 07 64  ; '....V\H%..'.d
00004410: 31 70 7b 47 3c 5e d0 4f bf 9c f3 8b 9c ac 1b 4e  1p{G<^.O.......N
00004420: fc 16 b5 df f8 f4 01 d1 f1 e9 65 29 33 18 6a 7f  ..........e)3.j.
00004430: 2d b8 11 77 63 b8 cb 18 36 b9 1e 1c 31 4d 8c f1  -..wc...6...1M..
00004440: 45 61 c5 31 34 83 19 38 3c 18 15 53 6d 2e 83 26  Ea.14..8<..Sm..&
00004450: 83 8a 3d 5a 53 ce 65 61 a6 1d 3f 5c 4e 99 c0 8c  ..=ZS.ea..?\N...
00004460: c8 ef 5a b4 d7 ba 7c 97 94 2d c3 22 7b b3 1d 52  ..Z...|..-."{..R
00004470: 1a b8 d6 58 bd 58 75 ee 20 55 77 7d a5 7e 67 ad  ...X.Xu. Uw}.~g.
00004480: aa 92 1e 82 71 e1 ab 95 76 fd 9e f2 7b 86 27 da  ....q...v...{.'.
00004490: 2e 8b df c1 d4 9c 28 3d ef 1a e7 a0 de 8a ed 5e  ......(=.......^
000044a0: 9f 34 3a 38 18 da b7 54 5a dd 3d 17 86 c4 f2 30  .4:8...TZ.=....0
000044b0: b2 b4 fc 63 ae 5d 7d 02 6e 43 ff 6b 2e 7a bd b0  ...c.]}.nC.k.z..
000044c0: 35 c3 74 57 75 af 7b b8 80 e1 f9 21 6a b4 ca e5  5.tWu.{....!j...
000044d0: b9 0c 20 c0 5f 11 2c c5 69 7f 72 6f a0 7f bd 48  .. ._.,.i.ro...H
000044e0: 80 d5 6a 6e 32 07 5c a9 90 a7 b6 62 05 6b ee 2f  ..jn2.\....b.k./
000044f0: 4e 8b 9f cb 5b d7 65 47 a1 7d ab 88 5d 3a 2a 7a  N...[.eG.}..]:*z
00004500: 7d 6d 0a 7c e6 76 04 f4 a9 17 6e 11 e7 e8 7f 2b  }m.|.v....n....+
00004510: 32 f4 f2 c1 f6 72 8d 51 da 8b 22 b1 c5 c3 bb 1f  2....r.Q..".....
00004520: 08 aa 25 a1 e4 22 5e 28 80 bc c6 b6 c3 0f cc 4a  ..%.."^(.......J
00004530: ba 68 5c 22 25 3e e8 52 60 95 88 2f de 67 28 b8  .h\"%>.R`../.g(.
00004540: 0a 40 56 01 48 3e 6c 76 96 97 01 f5 de 8e 2b 0f  .@V.H>lv......+.
00004550: cb 3a 0f df 70 cc 7d a0 ac 78 1e 60 0f cd 6c 44  .:..p.}..x.`..lD
00004560: b6 f6 a7 88 39 cf 31 60 6b 5c 48 a4 f2 b7 89 e1  ....9.1`k\H.....
00004570: a1 58 c5 f2 7c 5f df 30 83 5e c0 c7 54 0b 47 23  .X..|_.0.^..T.G#
00004580: 64 53 c8 7c 06 1e c7 be ca 60 2a 37 61 86 4b e5  dS.|.....`*7a.K.
00004590: 46 2f 00 f5 5e 30 6a 36 10 e6 73 73 bd e3 d2 7d  F/..^0j6..ss...}
000045a0: 95 b0 71 00 dd 19 03 a4 cc 83 3f 71 ef 32 17 90  ..q.......?q.2..
000045b0: 41 d0 98 f5 ca 57 42 b4 91 d4 0a 32 21 1d b4 5c  A....WB....2!..\
000045c0: 84 a3 6e 17 91 97 74 19 27 a2 ca d9 71 5e 31 f5  ..n...t.'...q^1.
000045d0: 13 1e 8d 1f 67 7f 9b 24 85 03 05 71 72 6b 83 e0  ....g..$...qrk..
000045e0: 98 d5 a7 fd 1c 16 f8 81 96 4c 85 8e 27 3a a8 28  .........L..':.(
000045f0: 2a ea 0d e3 59 8c 52 7c 95 41 45 d4 77 ee 95 c2  *...Y.R|.AE.w...
00004600: 36 6c 8e a4 28 07 2b ba 67 fa a8 23 e6 56 e5 de  6l..(.+.g..#.V..
00004610: 1b 84 cd 01 f5 eb 5e f2 3e e5 d8 0c 85 0f 17 2a  ......^.>......*
00004620: 32 2e b7 6d 50 41 b7 96 60 6c 84 f2 bf a5 06 93  2..mPA..`l......
00004630: e0 27 ee ff 66 dd 62 30 82 69 b3 be 4f a4 e5 c0  .'..f.b0.i..O...
00004640: 4f 6a 85 97 4b ec 1b 36 88 49 86 35 86 a2 65 4a  Oj..K..6.I.5..eJ
00004650: 56 3d b5 2e 4c 30 54 34 2f 73 96 8c 78 cc 69 23  V=..L0T4/s..x.i#
00004660: 2b 3d 38 dc af 26 27 bc aa 8f 24 22 a7 d2 4a 08  +=8..&'...$"..J.
00004670: c4 d8 b7 a0 49 fc 8d e4 47 de da 42 c7 f0 78 a8  ....I...G..B..x.
00004680: b9 6a 7c 8b c5 7d f0 56 43 a5 ea b1 bf 78 8a df  .j|..}.VC....x..
00004690: 07 49 80 15 67 db 53 a2 39 81 dd 4d 9e 8e df 5d  .I..g.S.9..M...]
000046a0: bd 1a 8a a7 14 0c c2 8a 3f 91 5d 59 70 00 f2 bd  ........?.]Yp...
000046b0: 8f 87 3f c6 d3 04 c1 97 ea 0d f3 5c de c7 97 e2  ..?........\....
000046c0: 7f 2d c1 66 74 9b a2 51 e9 42 2d c9 6f da f7 fd  .-.ft..Q.B-.o...
000046d0: 46 31 d2 8b 80 34 ed 6f ac 6c 94 ed e5 d4 19 12  F1...4.o.l......
000046e0: 69 7b ef e8 13 9e 17 27 c7 6f 2f e3 82 7d 66 1d  i{.....'.o/..}f.
000046f0: e2 90 f4 d3 16 02 2d 7a cf 6d 5c 93 f1 88 61 ee  ......-z.m\...a.
00004700: f9 12 30 ec 72 9d 0c ca ff 47 ba ff 67 29 b8 ca  ..0.r....G..g)..
00004710: 14 1a ea a2 a4 9e c2 46 91 31 91 b2 d0 68 0c b9  .......F.1...h..
00004720: 83 b7 d4 07 3b 40 d5 0d 60 b0 6c 19 39 e6 0d 80  ....;@..`.l.9...
00004730: a2 b1 ab 2e a3 1b 5b 4d 87 0c 70 8c 96 50 47 40  ......[M..p..PG@
00004740: f4 f4 2c df 6a 8d da 0f 4d 64 3b 55 b1 99 22 a3  ..,.j...Md;U..".
00004750: 25 d2 a2 50 6a 94 b3 7d 8b b3 85 24 66 1d 44 74  %..Pj..}...$f.Dt
00004760: 8a 67 f6 23 f5 d3 75 a4 90 44 fb 72 f7 60 31 b5  .g.#..u..D.r.`1.
00004770: 76 74 95 8e cf b1 f2 b3 fd 88 68 36 c7 d6 46 3e  vt........h6..F>
00004780: f3 96 8d 71 45 84 c0 0a bf 00 0d c7 00 85 22 6e  ...qE........."n
00004790: 6b 3c 3c 26 7f 1a 92 ba 45 1a 70 ca 83 09 13 56  k<<&....E.p....V
000047a0: 8c 38 b5 e0 3c 24 33 c3 c0 96 6b 68 ce 85 56 29  .8..<$3...kh..V)
000047b0: ee 61 9c 4a 9e 93 ba 5c e1 37 ad ba 9d ee 21 cf  .a.J...\.7....!.
000047c0: c5 79 56 23 fa da 01 4a a7 48 09 f8 40 54 34 1c  .yV#...J.H..@T4.
000047d0: 23 7d ee e2 d7 65 9c 87 db 4f fa 5c c3 04 96 e0  #}...e...O.\....
000047e0: c8 88 cd 0d bf 88 87 b3 b7 16 bc cb 91 4d 33 69  .............M3i
000047f0: ff 4e 50 e9 61 b9 6f a3 1d c6 58 aa 7c 57 b7 43  .NP.a.o...X.|W.C
00004800: 69 65 6d a5 fa 82 bf 9a 0e f0 77 3e d3 ab 0f b8  iem.......w>....
00004810: bf 65 54 28 c6 d3 9d 77 7e 7f d0 a8 90 73 2b d3  .eT(...w~....s+.
00004820: d4 4a e8 d0 79 d7 af b3 91 bc 63 0d e2 76 c6 d0  .J..y.....c..v..
00004830: 17 53 5e 68 05 48 7e 3e e6 4e 26 62 99 c0 ca fb  .S^h.H~>.N&b....
00004840: a4 fe fd d0 97 e5 12 be 62 6c 12 56 f1 5a 8b 5e  ........bl.V.Z.^
00004850: 9b d1 3e b9 b4 52 5c da a2 43 29 b2 8b 8f 2f 51  ..>..R\..C).../Q
00004860: 8b 57 83 47 c3 eb c9 2f 9a 9f 91 5c 64 fe b6 41  .W.G.../...\d..A
00004870: 8b 09 5f b8 9d 39 c6 db 52 18 f8 64 6b 82 36 b0  .._..9..R..dk.6.
00004880: 28 d4 ca db ab f3 ec 51 f0 af b7 9c 11 06 40 9b  (......Q......@.
00004890: 31 32 ea fd 35 47 73 fa 9e e3 71 22 5c 7e fc 20  12..5Gs...q"\~. 
000048a0: 1f ca ec 93 15 72 30 ec 7b ac ca fd 9a b7 a7 f6  .....r0.{.......
000048b0: dd ec dc f3 c4 58 9b 1f 31 46 c0 1e 99 19 cd 0a  .....X..1F......
000048c0: df 9e 51 1a c9 29 7d 9d ba 14 3d 24 f6 24 92 fc  ..Q..)}...=$.$..
000048d0: 81 13 2b b3 3d d7 5d 95 9e 12 7c 46 af 2b 32 ac  ..+.=.]...|F.+2.
000048e0: bd 3a 38 6b e4 71 d7 8d 38 92 b7 86 4b 31 35 bc  .:8k.q..8...K15.
000048f0: 7a 98 85 56 ce b7 76 62 16 49 ef 5d 66 cc 54 04  z..V..vb.I.]f.T.
00004900: 72 01 ba 2d c5 d0 c0 51 1a 60 49 3f f7 4c 5c 27  r..-...Q.`I?.L\'
00004910: 61 31 27 da 3f 81 ee 57 eb c1 ec c2 a8 85 e6 dc  a1'.?..W........
00004920: b2 81 c2 b3 ab a6 27 b7 ae 86 5f 18 a3 1e 12 40  ......'..._....@
00004930: 1b c9 de d9 94 3e 2a 45 4f 5c 0f 22 42 31 d9 e3  .....>*EO\."B1..
00004940: c0 45 03 a5 2c fc f4 9c 4f eb 4b f8 3a 25 0a 59  .E..,...O.K.:%.Y
00004950: 9d d4 38 ea e5 a1 67 c7 dc 3f 8d 15 09 28 15 50  ..8...g..?...(.P
00004960: 81 a4 35 ac d5 f4 bd b0 55 2e af c2 a3 7f 47 79  ..5.....U.....Gy
00004970: b5 2e 6c 3f 78 be 72 95 6c 48 8c e8 70 8a 11 f5  ..l?x.r.lH..p...
00004980: 88 bc 19 bd 8c 6d 70 08 e7 a7 ff 0f 8e 6a 8a a1  .....mp......j..
00004990: 00 22 ed 18 71 65 b5 70 87 a5 b3 b8 04 81 cb 54  ."..qe.p.......T
000049a0: a5 95 1d c4 9f f6 93 16 df 26 68 bd d9 06 3b 7c  .........&h...;|
000049b0: 14 c1 0b e8 4f 0a 30 bb 03 58 9b ac b4 d7 53 34  ....O.0..X....S4
000049c0: 6b 99 3f 1d fa b4 72 5b c2 99 5f 7a d1 94 e3 fc  k.?...r[.._z....
000049d0: 9f 7f a6 4c ae 09 a3 6f 64 d2 86 e7 cb c6 ed 68  ...L...od......h
000049e0: 91 f8 51 41 7e 83 be c8 1d f2 f3 d2 b7 80 36 27  ..QA~.........6'
000049f0: ab f9 60 13 20 6a 07 45 b3 f2 cc 20 4e f2 c7 f2  ..`. j.E... N...
00004a00: e7 ed e4 3c 1a 2f d7 c8 af d0 83 b4 13 5d 6f d5  ...<./.......]o.
00004a10: 6d 79 3a e4 6b d9 24 f7 1f 1e 2e 3a cf a1 3c 8d  my:.k.$....:..<.
00004a20: bb 4d 81 ee 58 75 fa 01 34 84 cb 4b 5a 28 37 e9  .M..Xu..4..KZ(7.
00004a30: 18 dd ef 06 10 f7 1d e3 3d cf c1 61 30 ea 7e 32  ........=..a0.~2
00004a40: ea 19 29 7f dc f7 7c b6 a5 b5 94 27 ce b2 6b 9e  ..)...|....'..k.
00004a50: 1e c7 10 09 9b 83 99 18 cd 77 d3 ce f0 14 fa ad  .........w......
00004a60: cc 87 98 20 41 e4 45 78 6b d7 53 9f b8 05 62 7a  ... A.Exk.S...bz
00004a70: bd f6 bb d9 53 7f 9c d8 6b c9 5a 51 40 62 6b 5d  ....S...k.ZQ@bk]
00004a80: 98 17 46 81 ab 17 39 96 c1 57 88 ff 01 d9 1c 68  ..F...9..W.....h
00004a90: 70 f7 e8 3f df 66 3e 41 0f 63 4f fa 75 f8 60 ae  p..?.f>A.cO.u.`.
00004aa0: 46 ed 6a dc bf b9 89 1d 82 41 b0 d4 d9 f5 4e 8c  F.j......A....N.
00004ab0: c4 d3 10 4d 5d bd 72 87 c6 49 25 04 ee 57 15 8c  ...M].r..I%..W..
00004ac0: b9 fd 33 9d 3c 3e c7 27 51 cc bc 9f 5d ef 89 f3  ..3.<>.'Q...]...
00004ad0: f6 ea 47 0e 05 e9 d2 27 ec be 5f d1 17 45 8d 54  ..G....'.._..E.T
00004ae0: 13 c4 94 90 58 0f 25 f3 0c 35 81 9c be 6e 44 61  ....X.%..5...nDa
00004af0: e7 4a f5 b5 e9 17 b1 8d 19 14 d2 f9 a8 8e 0f ce  .J..............
00004b00: 76 1a 76 31 11 b5 e1 36 e6 d5 f3 a2 c9 44 68 7f  v.v1...6.....Dh.
00004b10: bf 29 af c6 4f 69 c9 8e e5 0a de 1a 25 fb 23 23  .)..Oi......%.##
00004b20: 27 56 94 6e 12 0a d4 6e 8a 4f 6d f0 a0 ea 57 94  'V.n...n.Om...W.
00004b30: ce b6 10 53 51 53 df 3b 16 9b be 8b 12 29 68 1c  ...SQS.;.....)h.
00004b40: 1a 12 96 4b b1 91 05 0f 0a 4f cc bf f1 84 78 94  ...K.....O....x.
00004b50: 17 94 64 cf 0a d6 96 e2 1f bf bc 61 0b d4 72 8a  ..d........a..r.
00004b60: 0d 93 69 13 71 fd 62 76 6d 90 d2 3d ad cb 14 0c  ..i.q.bvm..=....
00004b70: 14 14 93 e9 6a 41 11 68 f5 64 8e ff 2b 78 6d 42  ....jA.h.d..+xmB
00004b80: 55 12 2a 54 92 0e af 9f e7 f3 2e 40 9e a2 8a e7  U.*T.......@....
00004b90: ff b2 ca 52 a6 75 9b 83 17 76 38 4d 2c 32 59 ec  ...R.u...v8M,2Y.
00004ba0: ea bc 56 8d 8f 89 4b f7 09 a9 46 d5 93 7d b8 5d  ..V...K...F..}.]
00004bb0: 82 13 ae 15 62 3e d1 91 53 09 f4 1b a5 d2 9a f7  ....b>..S.......
00004bc0: 74 a7 38 fa 3a bb af 8f 3d db ea aa 5d cb 7b ad  t.8.:...=...].{.
00004bd0: 24 be c7 66 b7 93 7c f3 92 de 35 ce 41 c8 ba ce  $..f..|...5.A...
00004be0: a3 3f 24 89 44 78 86 c8 f4 0d 32 57 7a ef 47 88  .?$.Dx....2Wz.G.
00004bf0: 21 c7 f4 c7 57 e3 6a e0 29 e2 d4 89 c7 d9 88 a5  !...W.j.).......
00004c00: 79 d1 37 20 44 69 7b 75 6f 26 fc 39 d5 58 69 dd  y.7 Di{uo&.9.Xi.
00004c10: 53 65 db 23 5b dd 61 7b 1a 00 1c ee 2e b4 58 87  Se.#[.a{......X.
00004c20: df 0c 0b ac c5 3e 33 66 6a 90 f0 f9 d8 09 e3 52  .....>3fj......R
00004c30: c9 ed f3 3a ac ef 5e 66 dd 47 cd e7 8a 48 0f 8a  ...:..^f.G...H..
00004c40: 95 86 05 8c b9 3d 4c 46 45 0d af c1 95 68 04 e5  .....=LFE....h..
00004c50: 85 74 43 5e 03 61 92 19 c4 3f 76 52 bb 24 a6 34  .tC^.a...?vR.$.4
00004c60: be 2a 32 2c c7 c6 ab 03 50 d6 04 50 6a 02 7f 42  .*2,....P..Pj..B
00004c70: 62 4b b1 44 68 a8 1b 02 75 07 32 2a 7f fe b2 60  bK.Dh...u.2*...`
00004c80: 7d 0c 06 8e c9 4c 3d bb 50 9f c2 c1 de f2 f4 e1  }....L=.P.......
00004c90: a3 66 44 f8 81 07 85 02 27 dd 97 b7 47 c1 8d 4b  .fD.....'...G..K
00004ca0: 97 58 c8 51 09 9b c0 0b ed 49 5b 7e 01 e1 72 0c  .X.Q.....I[~..r.
00004cb0: 9f 56 14 87 26 b5 40 8b 02 9c 1b 87 e1 ec f2 f1  .V..&.@.........
00004cc0: 9a 6d a0 04 e3 3d 42 7e 02 b4 3c 90 d3 d7 01 e6  .m...=B~..<.....
00004cd0: 3c 83 f6 35 65 0f 02 20 d5 9c b5 42 7f ae c9 3c  <..5e.. ...B...<
00004ce0: dd fa 91 9a 09 96 39 bf c0 d5 48 66 4e ee 8a 2c  ......9...HfN..,
00004cf0: 10 43 5a 59 57 91 8c cc a0 17 70 a5 1a 42 ec d3  .CZYW.....p..B..
00004d00: 49 ba a5 1e 95 31 40 db 5c 41 e7 72 6c 33 9f 3c  I....1@.\A.rl3.<
00004d10: 0e ce 95 bd 16 ad 49 57 23 42 df 82 5f 81 41 71  ......IW#B.._.Aq
00004d20: 8b 36 92 7b 34 8c 97 f8 32 86 15 42 a4 de 33 e5  .6.{4...2..B..3.
00004d30: af 23 22 dc dc f0 f4 9f da 02 bb 2c 03 da 51 f4  .#"........,..Q.
00004d40: cb f4 e6 2b 99 a4 b4 68 2a 6c 69 80 d3 36 e0 98  ...+...h*li..6..
00004d50: 8c 30 54 c9 d4 64 2f a4 9e 4d 93 55 31 95 d2 75  .0T..d/..M.U1..u
00004d60: 9c b0 8a 3c 57 c1 c7 69 19 06 4d 19 96 56 dd 7b  ...<W..i..M..V.{
00004d70: 4e 1d 68 1a 95 84 9e 67 08 a0 2e 1e 9f f6 50 20  N.h....g......P 
00004d80: 53 b6 07 a6 73 32 50 c4 e5 34 3e 2d 17 7f 52 03  S...s2P..4>-..R.
00004d90: d9 3a d2 bc eb 6d a6 32 9b 49 76 e3 87 7e 7e 38  .:...m.2.Iv..~~8
00004da0: 5b 08 fb 10 48 d5 68 f1 3a 28 6e fe 2a a5 26 01  [...H.h.:(n.*.&.
00004db0: a1 55 e4 09 4b 00 79 29 3f ba 65 5b 61 bb d0 68  .U..K.y)?.e[a..h
00004dc0: 82 50 8b 90 5d 2c 29 fa d9 79 07 e4 0b ab 39 54  .P..],)..y....9T
00004dd0: 6c 3c 2a 5f d1 50 2f 67 83 6c 31 f5 a2 86 eb 89  l<*_.P/g.l1.....
00004de0: ad 7a 42 fb 36 6b c4 3e ef 13 f1 c8 8d 7b 2f da  .zB.6k.>.....{/.
00004df0: 7e 91 7c 84 41 7c d3 c6 dd 55 c4 41 46 12 94 f7  ~.|.A|...U.AF...
00004e00: 67 cc 87 d2 23 b9 87 46 2f a5 61 7b 00 f7 da a0  g...#..F/.a{....
00004e10: 70 c7 d9 ca 82 2a dd e3 7e be 77 54 3d 37 4f ef  p....*..~.wT=7O.
00004e20: 37 17 58 96 1c bc 8a 02 8c 9c b3 ec 47 e9 1d ea  7.X.........G...
00004e30: 2d 0a 09 55 1f a9 37 69 cd 2f 5c 5c 2b 48 d8 97  -..U..7i./\\+H..
00004e40: 58 61 15 ba aa 45 d7 d2 02 b7 91 ba 65 5e de 67  Xa...E......e^.g
00004e50: c6 6a 46 bc 73 12 b9 52 c3 19 3e 5a 7f 47 1d 7a  .jF.s..R..>Z.G.z
00004e60: 25 a4 c0 ba c8 42 67 3f c9 13 98 aa 18 a9 8f 01  %....Bg?........
00004e70: 86 13 60 11 77 e4 2c aa b4 9a fa 07 1f 9b 27 64  ..`.w.,.......'d
00004e80: f6 a2 ec 26 78 0e 11 c5 9b dc fe 0e 38 72 91 7a  ...&x.......8r.z
00004e90: c6 74 3d ab 82 64 f1 fe 05 0d 29 18 b4 fd 2e 4e  .t=..d....)....N
00004ea0: 86 28 bf 67 18 60 d9 9c af a3 52 b4 00 46 b6 6a  .(.g.`....R..F.j
00004eb0: ec 83 80 34 ae f9 be 22 7a 88 36 24 21 a2 46 70  ...4..."z.6$!.Fp
00004ec0: 84 1f 63 ef bb 41 0f 01 fc 31 20 60 83 37 74 4d  ..c..A...1 `.7tM
00004ed0: a3 fe ef 2d 31 f9 a2 af 51 7b 46 70 4e 82 03 46  ...-1...Q{FpN..F
00004ee0: 66 5e 92 49 aa 08 8f 55 f5 d3 5a cf 14 31 ba 49  f^.I...U..Z..1.I
00004ef0: ae c9 a7 c9 d7 7a 0b 64 2f da 8e 11 bb f1 f1 46  .....z.d/......F
00004f00: d1 5b de 16 4f 12 c7 19 3f 42 92 a2 bf 97 7b 9a  .[..O...?B....{.
00004f10: 77 1c 2a 4c ec b9 40 99 49 52 7d 19 e9 27 eb 27  w.*L..@.IR}..'.'
00004f20: 32 04 cf 50 9d aa 91 4e c3 53 e4 25 1e 1f 58 d1  2..P...N.S.%..X.
00004f30: cb d6 e3 ed 2d f9 79 6c 7c d5 bb fe 57 03 63 c0  ....-.yl|...W.c.
00004f40: 94 bb e0 b9 d3 24 e5 ee 42 68 33 ad dc 23 68 a4  .....$..Bh3..#h.
00004f50: 32 b9 bd be db 2a c2 93 6c aa b1 fc 93 17 1b 32  2....*..l......2
00004f60: e1 2c 22 9d fa 4b 57 f3 9f 80 85 32 52 3b c4 ca  .,"..KW....2R;..
00004f70: 97 50 bd aa 70 66 43 04 00 6d 5b aa f7 bd 59 d6  .P..pfC..m[...Y.
00004f80: 75 1e 9a 75 90 56 cc c2 11 ee 20 60 06 43 78 15  u..u.V.... `.Cx.
00004f90: 7a 61 70 4c 4e 9e 98 7e a6 a4 af f3 a7 e2 7c ba  zapLN..~......|.
00004fa0: ad fc 6a 6a e9 e9 90 5d 01 20 7f 9e 2a f2 37 86  ..jj...]. ..*.7.
00004fb0: 77 5c c4 cc 10 69 02 ef 53 1f 78 b9 f4 47 3a fa  w\...i..S.x..G:.
00004fc0: ed 85 05 d8 a7 8d a6 d6 74 b5 5c fa 33 3a bb 2b  ........t.\.3:.+
00004fd0: fb 27 bd 98 5a a2 1c 5b 2a bd 64 bf ac 75 76 96  .'..Z..[*.d..uv.
00004fe0: 4d b1 84 6e b1 14 fb dd 8f 32 19 3d 39 fb 19 a3  M..n.....2.=9...
00004ff0: ee 7a 0f 96 0d 02 78 b9 d0 12 90 89 33 c2 f2 41  .z....x.....3..A
00005000: ef 24 2a 5f 68 2b 87 4f 87 7c f2 9f 7d 78 0e b6  .$*_h+.O.|..}x..
00005010: 13 50 a5 8d c0 52 d8 96 94 d4 e4 88 f4 0c 74 93  .P...R........t.
00005020: 11 a1 b6 f9 b4 da ae 35 92 f4 66 b0 27 c7 ab ea  .......5..f.'...
00005030: 6b 7d 9b 78 f3 b7 b5 f0 e3 0e 35 93 1f 6b 0f 98  k}.x......5..k..
00005040: 40 dd c0 b7 6f cb fc fb 0d b3 ab bc 61 dd 65 f0  @...o.......a.e.
00005050: 17 8c 58 46 51 bf 09 8b 24 92 42 fa 05 eb 81 a6  ..XFQ...$.B.....
00005060: b1 e1 30 e4 e9 b8 30 f2 26 51 d7 bf c8 05 bf ea  ..0...0.&Q......
00005070: af fd c9 41 6e ba d4 4d 3e 4b 31 1e 78 a0 9d d5  ...An..M>K1.x...
00005080: 51 63 81 99 08 c1 e7 3e bc e9 12 84 5c 6b 58 8a  Qc.....>....\kX.
00005090: 16 e1 0e ef f4 f1 b1 a6 54 5f 25 37 24 95 17 54  ........T_%7$..T
000050a0: 29 dd 27 ff fb 4d 5e 38 64 db d6 6e b0 6d 3e a2  ).'..M^8d..n.m>.
000050b0: 2b fe 3d ac 1a 26 12 7f fb b9 c0 d7 6d 16 ef 79  +.=..&......m..y
000050c0: b0 72 09 bf 36 fd ae 4f c8 cc ae 4b dd c5 dd 94  .r..6..O...K....
000050d0: 08 33 22 83 32 4f ff c6 ae 3c bb 33 54 88 b6 39  .3".2O...<.3T..9
000050e0: 84 cc 4a 58 23 04 48 94 15 a5 bf 15 e7 92 36 3c  ..JX#.H.......6<
000050f0: 0c c9 d6 76 54 60 b5 8d 68 e9 2f 78 73 ef e7 4c  ...vT`..h./xs..L
00005100: aa c4 a4 e8 ec 54 ba d1 dd 9a 91 30 9c 31 6d cc  .....T.....0.1m.
00005110: ab 52 cf bf ee 28 51 ce 01 fb 1f 92 e6 b8 ae 08  .R...(Q.........
00005120: ca fc 79 50 6a 4c 95 49 cd 17 66 40 41 ce 10 c3  ..yPjL.I..f@A...
00005130: 37 96 23 81 ae 93 76 8b f4 d3 ed 58 a1 3a 14 8b  7.#...v....X.:..
00005140: 79 97 20 66 3a 71 99 3b 80 48 7e 65 27 42 f9 5f  y. f:q.;.H~e'B._
00005150: 6e 3b f4 79 f4 88 48 ad 4c 6e f8 6b 7e 69 2c 36  n;.y..H.Ln.k~i,6
00005160: a8 c3 cc 13 37 0c 6f db 63 21 c4 69 0a dd 7c 67  ....7.o.c!.i..|g
00005170: 57 99 e6 0c d2 65 ce 55 40 97 ca 70 54 21 29 3e  W....e.U@..pT!)>
00005180: 41 c3 58 b3 ef 21 f4 fc 20 d6 24 ee ab 51 a8 26  A.X..!.. .$..Q.&
00005190: 1a 3c 73 e4 36 eb 5f f2 a2 bd 7e b2 ff cf e0 80  .<s.6._...~.....
000051a0: 5b 6c b8 cb 18 29 2e b9 fa a5 ff dc 03 5a 0a 38  [l...).......Z.8
000051b0: 7b a5 c4 0b 82 34 99 6a 97 b3 72 f2 9f 09 21 8f  {....4.j..r...!.
000051c0: 73 43 63 88 21 43 7b 8a de 85 3a 5b 72 bb 14 ab  sCc.!C{...:[r...
000051d0: b4 6b e8 dd 3a 5e f4 38 8f 80 37 85 f0 ab 83 ce  .k..:^.8..7.....
000051e0: ef 80 3a 81 f5 21 b8 05 66 e1 5d 1d 99 39 ae 92  ..:..!..f.]..9..
000051f0: dc 83 3f 44 93 44 d6 ea f5 63 66 39 a2 dc 81 f4  ..?D.D...cf9....
00005200: 66 6f 97 71 2b 03 00 67 9f 25 74 fb 8d 2d 1d db  fo.q+..g.%t..-..
00005210: a7 55 b3 00 03 1a 37 a0 ba 92 4d e8 07 b3 b0 ae  .U....7...M.....
00005220: 28 b0 75 1c e2 6f 1c b9 e6 8c 19 9d 80 7d 26 c4  (.u..o.......}&.
00005230: 92 a0 ec 2b ae d9 d0 c4 6b 0a 92 80 cf 63 47 86  ...+....k....cG.
00005240: 1d f4 57 dc b7 8d 04 a6 9a 7e a6 71 b3 50 96 19  ..W......~.q.P..
00005250: 4c 82 f5 65 6c b1 bb 01 09 2c c8 b7 ff 9e 14 14  L..el....,......
00005260: 7b 05 28 72 f5 bc 89 0e 7e 8c a3 4b f0 e6 85 03  {.(r....~..K....
00005270: 70 e3 6a f7 15 e3 73 c9 0c af 34 27 85 ba a6 c8  p.j...s...4'....
00005280: 77 2d 2d be 9c f2 62 02 1c d0 12 5a f8 0b d1 0d  w--...b....Z....
00005290: b8 42 84 5c fc 61 00 ac ba 86 79 75 f2 ed 6e ca  .B.\.a....yu..n.
000052a0: ab 7c 70 12 4f 6a a4 7c b9 77 30 c1 1b 63 f1 e7  .|p.Oj.|.w0..c..
000052b0: 9e ec be d4 57 99 3b d2 9e 63 25 4d 7a d4 ca 36  ....W.;..c%Mz..6
000052c0: 33 f0 7c 48 7c 9b 67 79 af b1 21 5b c4 55 a0 fc  3.|H|.gy..![.U..
000052d0: 91 54 4b e5 86 c2 63 3f d3 86 e7 c0 08 db 39 1c  .TK...c?......9.
000052e0: 08 a9 d9 ac b2 8b c6 eb 01 42 e2 d1 35 f4 d7 4a  .........B..5..J
000052f0: 5f 47 a7 db b7 05 e2 ca 33 e3 5b af 31 12 ea 84  _G......3.[.1...
00005300: bf 98 30 ff 03 13 29 d6 cf 64 44 f8 1a d2 1f 76  ..0...)..dD....v
00005310: 30 67 73 90 5f 00 38 08 9a 4d 3d 58 0d 4d ce a3  0gs._.8..M=X.M..
00005320: e2 45 6f cf ab 89 ab 28 f9 5b 65 8b ea 59 14 8e  .Eo....(.[e..Y..
00005330: f1 30 b4 89 42 80 df e9 e3 e2 e1 7f 9b 09 6a ae  .0..B.........j.
00005340: 1f cc fd 36 84 2e ce b2 1d 08 8b de 51 48 00 06  ...6........QH..
00005350: 7b 98 22 0a de 80 78 81 05 4d eb f2 84 c7 ed 0a  {."...x..M......
00005360: 47 85 61 5e ad 31 70 10 8b a3 ff 5d 2e de 3f fa  G.a^.1p....]..?.
00005370: 7e 7d 5a de 49 89 5d 22 2e dc eb 3e 98 b3 e8 c9  ~}Z.I.]"...>....
00005380: 8d 3a 4a df b5 b5 05 dd 72 38 d7 e1 ba 73 14 ac  .:J.....r8...s..
00005390: ba 2c e9 f3 cc bc d4 51 2e dd e8 08 b8 9d 6c a9  .,.....Q......l.
000053a0: 59 7e 0e 05 f6 90 c5 f4 50 13 db 9d 6c e3 06 c0  Y~......P...l...
000053b0: 8c 35 71 e2 f1 5d 7d 25 7d 67 43 fe bd 55 1f 23  .5q..]}%}gC..U.#
000053c0: 0c 89 cb d0 cc ba 70 41 96 61 d9 3c 01 af fc 79  ......pA.a.<...y
000053d0: fb b1 40 c5 2e f5 71 31 94 16 3e 6b 48 2c a3 25  ..@...q1..>kH,.%
000053e0: fe cd c4 7b 9c 78 c0 2d 07 69 3c e6 2f 2a 2b 2b  ...{.x.-.i<./*++
000053f0: 1e 18 44 cd bc 39 d4 d5 ec 5d 09 97 f9 0d 58 e4  ..D..9...]....X.
00005400: a3 70 fb bc bc b2 7c 33 dd a2 00 77 e4 28 ba 34  .p....|3...w.(.4
00005410: 4a b3 12 00 03 a7 1b 90 a2 ee 55 10 5d 82 31 21  J.........U.].1!
00005420: fe 43 50 0b d4 d1 5c 03 86 f7 22 e4 bc fc 54 ca  .CP...\..."...T.
00005430: eb 0c bf cc 6b f0 18 c3 4a ec 7a 74 81 4d ac 4f  ....k...J.zt.M.O
00005440: 27 6b 37 c8 b3 7d cd f5 93 f6 c9 e6 14 c6 36 c1  'k7..}........6.
00005450: 0b fa f2 78 2f 4f 8d b6 dd db 96 5c 5e 07 89 15  ...x/O.....\^...
00005460: e3 69 39 71 b4 5d 06 37 9a 4c 00 33 22 5a f5 66  .i9q.].7.L.3"Z.f
00005470: bc 58 29 c6 bb 53 a8 f2 12 33 17 cc 3e fa 93 19  .X)..S...3..>...
00005480: 06 c9 3f ec fa 86 df 6f 61 ce 23 5e 76 e3 33 39  ..?....oa.#^v.39
00005490: ea 6d a8 82 fc 10 33 89 e1 b6 dd 23 fa 4e 58 75  .m....3....#.NXu
000054a0: 89 a6 6a e9 1a b2 51 c3 5f d3 7d 12 c6 b2 57 1b  ..j...Q._.}...W.
000054b0: 69 de 88 3e 81 cf a3 c3 d8 a2 46 30 43 d6 72 cd  i..>......F0C.r.
000054c0: 6f c2 d2 6c 46 67 47 44 7f f7 8f 6a 90 43 0a eb  o..lFgGD...j.C..
000054d0: 6c 6f 66 6f 83 d6 c2 4c 87 d3 79 96 15 4d 7b e6  lofo...L..y..M{.
000054e0: c6 76 dd d5 b2 44 37 fb 52 64 ce 1e 68 b5 7c c8  .v...D7.Rd..h.|.
000054f0: 9b 1e 13 c2 36 8e 31 4e d0 95 b2 38 d6 95 db e3  ....6.1N...8....
00005500: 33 26 32 96 0f cb 64 2e c5 85 a9 fa 0a f0 fd 18  3&2...d.........
00005510: f1 b7 41 84 0a 96 2f e5 52 96 d5 2e 37 3a ff 39  ..A.../.R...7:.9
00005520: 7e 4b fc ed 84 b9 56 64 b4 a2 6d b7 58 cc 5a 35  ~K....Vd..m.X.Z5
00005530: fc 72 b0 54 5a 43 00 2a b1 e2 ba 00 5c b2 de 3d  .r.TZC.*....\..=
00005540: a1 d9 c4 9d 9a 6d 96 7b 9b 76 d5 95 63 b6 ef b6  .....m.{.v..c...
00005550: f0 a5 f7 2a e7 c5 da 06 23 e2 87 4a d8 a2 f6 a0  ...*....#..J....
00005560: c0 d2 0e b3 8a 15 6d e8 a3 18 87 af cc 33 aa 8d  ......m......3..
00005570: 46 3e ee 9a 42 6b 7e c2 77 e6 b6 70 76 3d 22 2b  F>..Bk~.w..pv="+
00005580: 6e 51 dd 13 ce 8e d3 5d 1c c9 6d 0e 40 41 fb fb  nQ.....]..m.@A..
00005590: ce bb 90 8e 83 0d 10 82 7b 9e f0 8e 77 6c 7c e9  ........{...wl|.
000055a0: 1c b4 dd 90 c8 43 b3 40 ad 0e 7b 60 13 ad 83 d6  .....C.@..{`....
000055b0: df b4 36 bf 98 7f c4 48 14 b8 6d 7e 69 de a2 a9  ..6....H..m~i...
000055c0: e0 ac ad 0d 96 4a c3 b9 19 1c 44 e6 f6 f0 44 79  .....J....D...Dy
000055d0: 70 52 8c a7 48 e5 b9 cf d5 d8 1a 31 f2 3a 2c 1a  pR..H......1.:,.
000055e0: 10 89 73 c6 80 d2 fd 2f a8 a9 98 68 db ba 06 1d  ..s..../...h....
000055f0: ca 36 4d 6d 3e 0d 2d 07 ec 70 9a 93 96 cc c4 34  .6Mm>.-..p.....4
00005600: 1a 3d ef 60 7b 2b c7 b8 d3 21 f0 1b 88 83 cd 4a  .=.`{+...!.....J
00005610: 1e 1b e9 4d a2 71 7a 18 c4 d0 5c f5 3c c6 36 c8  ...M.qz...\.<.6.
00005620: ab 69 e7 0c 48 9a 23 90 b8 ba c5 2e c8 18 07 e3  .i..H.#.........
00005630: 65 af 0b 0c 4c 62 4a 94 f8 77 65 eb d5 0e e4 18  e...LbJ..we.....
00005640: 51 cf 1f ff 45 55 24 de e0 04 31 48 c6 1b f5 bd  Q...EU$...1H....
00005650: 63 85 29 2a 8f 26 b3 ed 23 e1 a6 2d b1 31 16 59  c.)*.&..#..-.1.Y
00005660: 31 0e cb 0a b4 d7 8a 77 d7 f4 8f 62 b3 da ce d2  1......w...b....
00005670: 5d fe ba 83 15 8d 44 7e 86 21 8f 3d 4c c3 81 9b  ].....D~.!.=L...
00005680: 53 e0 ac e1 af 9d a5 c4 2e b4 d8 2e 23 f4 6e 0a  S...........#.n.
00005690: 54 03 30 41 f6 f9 f3 9f 88 cd ee 12 54 ba 1f a9  T.0A........T...
000056a0: 86 ac a4 22 04 69 29 94 63 08 e9 c9 13 68 9a 70  ...".i).c....h.p
000056b0: 40 e4 b9 c2 f4 c0 0e 04 1e 63 d3 79 48 06 4b ad  @........c.yH.K.
000056c0: f1 0c 81 5e fe 5d 8b 8a 72 7b 7e 34 03 55 d4 76  ...^.]..r{~4.U.v
000056d0: ad d2 aa 9e 24 db 10 8c 6c 4b 1f 82 95 4a 04 05  ....$...lK...J..
000056e0: 72 38 b4 c2 47 1c 57 c6 8b 2f 28 d3 1b bf 48 da  r8..G.W../(...H.
000056f0: 4f 75 8d 95 5a 82 b1 99 09 75 93 fd 98 ee 25 d1  Ou..Z....u....%.
00005700: d2 3e 0b df 45 2c 90 88 e4 55 d3 18 af f7 d6 12  .>..E,...U......
00005710: e9 93 83 83 cd 50 b1 5e bb 1b e8 26 76 c3 db 67  .....P.^...&v..g
00005720: 93 7f 3f e4 c1 17 e2 59 36 a7 cd 27 21 60 c8 9e  ..?....Y6..'!`..
00005730: fe 71 17 a4 2c 22 2b de 53 a1 72 71 0c dd 6d 82  .q..,"+.S.rq..m.
00005740: 0f 16 03 61 5c 15 57 73 e2 40 0d 8a 69 7a 9b 03  ...a\.Ws.@..iz..
00005750: 78 e8 3d 01 24 1a 75 7c 84 e9 c0 0d c0 19 ad e4  x.=.$.u|........
00005760: 75 7e 68 86 93 18 70 1a b8 f1 ca bc a3 ad 7f df  u~h...p.........
00005770: 13 56 8c e0 82 28 8c 8f a2 ad 5d b3 fa c0 dd 70  .V...(....]....p
00005780: cb 78 47 0c 1e ec 48 53 e3 9b 9b 41 4b 42 3b d8  .xG...HS...AKB;.
00005790: 14 2f 68 4a b9 09 93 3a 66 4e c9 a1 ca 47 d3 84  ./hJ...:fN...G..
000057a0: eb d1 78 2a a1 e4 5c bc 91 31 d1 69 ea 30 9f 4c  ..x*..\..1.i.0.L
000057b0: bf 49 04 17 24 59 2b ca 02 02 43 ac 57 ef 8a 3b  .I..$Y+...C.W..;
000057c0: 3f 4f b2 8b d5 e3 23 5f 30 2a 3c dd 10 d9 b2 5a  ?O....#_0*<....Z
000057d0: bd 18 8a b2 df cc 94 01 7d 7b f3 7c df a6 80 e4  ........}{.|....
000057e0: e2 77 1f c1 b8 7d 05 45 dd 39 32 af 9c d6 fe 58  .w...}.E.92....X
000057f0: 6a 9b d3 2c 5f 68 ff 5a 84 51 48 5a 8f a2 dc df  j..,_h.Z.QHZ....
00005800: 08 cf da b3 4e a6 5f 72 03 9e af 23 84 51 06 4d  ....N._r...#.Q.M
00005810: fd 43 16 01 83 6d f9 1c 9f 17 46 89 ab 1f d2 fe  .C...m....F.....
00005820: 5a 88 da a3 39 df 93 4d ea fe 42 fe ab bf b4 31  Z...9..M..B....1
00005830: 56 8a 18 8c 8f 23 0b 6a 52 73 0f 57 0f e4 37 8a  V....#.jRs.W..7.
00005840: 77 a4 9a 82 a4 27 73 97 3f 1d 4e ea 69 06 73 50  w....'s.?.N.i.sP
00005850: f9 57 5e fc e8 71 52 15 bf 79 cc 0e ba 9f 3b de  .W^..qR..y....;.
00005860: 67 e2 4c 72 cc 16 be 1a 3f 0d c7 37 54 79 aa 8a  g.Lr....?..7Ty..
00005870: 95 71 cf 78 98 10 43 4f 69 5c b9 bc b7 d0 23 e9  .q.x..COi\....#.
00005880: 8e 8c 25 74 c9 8e 51 da fa 0c 16 6a 25 2d 4b 36  ..%t..Q....j%-K6
00005890: 1f 4f c4 45 d2 7b f8 03 a2 68 b8 2e 90 46 9d f9  .O.E.{...h...F..
000058a0: 8a 10 3f 4c 71 8f f3 ea 6b 5e 5d 4b 12 cc f9 6c  ..?Lq...k^]K...l
000058b0: 52 89 ce e3 59 2f a4 b1 d9 ac fc df 16 b2 af 3e  R...Y/.........>
000058c0: ae 25 f7 7b 1d 0f 50 17 67 2c b6 82 20 cc 4a 21  .%.{..P.g,.. .J!
000058d0: a5 b2 8c 16 e0 13 8c f9 07 09 a5 f6 5c 2a 34 fc  ............\*4.
000058e0: 37 fe 6b cb 0e f4 73 c6 e4 e9 75 4d ed b4 5f 0d  7.k...s...uM.._.
000058f0: ba bb a5 8d 11 36 9d 1e 42 17 44 21 8e 6b 13 ee  .....6..B.D!.k..
00005900: e9 6a eb 2f bc 14 91 2a 74 46 ea 8a 63 49 87 04  .j./...*tF..cI..
00005910: 0c 36 ba 1c 96 d4 c0 ba 54 0a 66 21 bb 16 c7 6d  .6......T.f!...m
00005920: 75 04 fd 7d 28 77 3b 02 27 f0 66 28 2e a2 f2 b8  u..}(w;.'.f(....
00005930: 9d 88 9a 7a 76 52 f7 f3 64 40 41 41 c4 a6 a8 07  ...zvR..d@AA....
00005940: 38 50 12 70 0b b0 4a 06 a3 e0 c7 b1 18 a6 74 ce  8P.p..J.......t.
00005950: 60 a2 f8 91 71 8c 19 ce c1 a0 92 a1 6f cc 8e 72  `...q.......o..r
00005960: 84 50 c7 9e c0 de 40 28 dd ea d8 a7 51 a4 09 38  .P....@(....Q..8
00005970: 8d 46 51 a1 2d 75 79 64 b8 7d 7b 6e 2a 73 7f b0  .FQ.-uyd.}{n*s..
00005980: 84 66 da 06 76 48 df 6b 30 95 a1 4e d9 4a 1f e1  .f..vH.k0..N.J..
00005990: c7 29 5c 38 b6 5c a4 f7 fb a0 d7 bd df f4 15 f0  .)\8.\..........
000059a0: 12 59 09 2e 95 72 2e 9e 55 51 a7 eb 10 d8 8e 9d  .Y...r..UQ......
000059b0: 4c fc 14 0c 71 fa cf 43 9a 22 95 a6 3b 57 ec b9  L...q..C."..;W..
000059c0: 5a dc d3 ac 8e ab ab 4a 91 d0 95 ee e9 5b 5a 75  Z......J.....[Zu
000059d0: 90 7b c9 1a 27 c6 30 38 71 f4 0f 12 22 7d 93 0e  .{..'.08q..."}..
000059e0: 8b a7 87 a7 36 1b 0e d5 af 98 7b cd 1c 1a 65 1d  ....6.....{...e.
000059f0: b7 b3 84 ce 32 a4 4e 94 9d a8 bc 59 26 d4 68 cf  ....2.N....Y&.h.
00005a00: 50 04 07 23 a2 05 80 2b bc f3 57 96 b8 44 9d 97  P..#...+..W..D..
00005a10: 51 f8 78 dd c2 16 aa 4e 57 5e a2 4b 8b 2d 2a 48  Q.x....NW^.K.-*H
00005a20: fa f5 3b ba 80 1b fe c8 34 51 49 3a ff 11 83 61  ..;.....4QI:...a
00005a30: be 71 e8 cd 8a 03 7a 50 37 8d 3f e0 91 ad 11 4f  .q....zP7.?....O
00005a40: 3f cb c3 1d 85 01 95 1e 99 73 aa 23 28 fe 47 f6  ?........s.#(.G.
00005a50: 8d 18 9e f2 eb 74 62 21 66 0c 08 55 1f 04 38 9c  .....tb!f..U..8.
00005a60: 9d 10 f9 12 c5 11 4a 29 ac 46 cf be 23 b6 77 15  ......J).F..#.w.
00005a70: d0 04 df 05 03 95 cf 85 3d d6 2d 19 a9 2c 76 be  ........=.-..,v.
00005a80: 8c 23 ab b4 0e 15 7e 0f f8 93 a7 41 20 6e 3a d9  .#....~....A n:.
00005a90: 97 b8 86 e5 c1 77 19 8b a6 04 18 6d 46 67 b5 c3  .....w.....mFg..
00005aa0: cb 40 f7 f1 e6 98 a7 c8 d6 86 f6 55 24 93 25 6a  .@.........U$.%j
00005ab0: 73 c7 17 6d ee 39 1b fa 38 d0 4f 79 af 67 b6 58  s..m.9..8.Oy.g.X
00005ac0: d2 39 1d 43 e9 aa 87 71 48 22 e4 30 23 42 38 8b  .9.C...qH".0#B8.
00005ad0: 4c 1d 48 f5 84 af 2d 7a 96 94 09 40 1a cd ad b2  L.H...-z...@....
00005ae0: 3d a7 4e 37 77 0d af 17 a9 13 41 8b d0 9e 13 41  =.N7w.....A....A
00005af0: f7 fa 74 d2 a2 a8 d7 97 1e fb 96 8e 8a 52 96 3e  ..t..........R.>
00005b00: 21 fa 9a 59 d1 cd d6 33 e2 68 26 ea 99 90 9a 10  !..Y...3.h&.....
00005b10: 7f 49 0e 37 a8 95 81 d0 5a ea 0c d5 7e 01 81 68  .I.7....Z...~..h
00005b20: 31 5b 3d 13 5b 2a 84 44 da 38 30 82 3f 07 68 89  1[=.[*.D.80.?.h.
00005b30: ab 43 41 38 ed 6b 27 ce 49 ff 62 b2 d7 47 5b aa  .CA8.k'.I.b..G[.
00005b40: 30 a2 5e 3a 39 47 46 f7 90 52 fb 3c d3 34 71 78  0.^:9GF..R.<.4qx
00005b50: 7f 71 5b 0e eb 40 44 0f a7 51 01 b2 c5 76 67 12  .q[..@D..Q...vg.
00005b60: 39 eb de 13 e8 5b 0b 0f 52 7c 72 e0 ba 3e 7e 4b  9....[..R|r..>~K
00005b70: d9 9a 20 5e 52 2a 41 a6 ee 34 e8 fb 11 61 99 fd  .. ^R*A..4...a..
00005b80: 9d 4a dc f4 16 1c df d8 89 07 c6 15 1f f5 87 bb  .J..............
00005b90: 25 2c 95 de 9f 08 75 84 af 4f 33 d5 3b e3 d3 82  %,....u..O3.;...
00005ba0: 3b cb 4d 77 46 46 c5 24 5f 58 f9 54 1d 8c ce 9c  ;.MwFF.$_X.T....
00005bb0: 51 b5 e3 a5 45 67 e3 e7 2a e4 66 0a e0 32 77 c6  Q...Eg..*.f..2w.
00005bc0: 4a db 18 72 ff 04 fe b0 e2 c3 96 ea b5 97 29 f3  J..r..........).
00005bd0: 6a 3a 2d f0 67 65 1d fb f8 2d 83 69 c5 d8 9b df  j:-.ge...-.i....
00005be0: 18 a1 fa da 68 40 a5 45 59 5a b6 f6 ad 8c 80 1d  ....h@.EYZ......
00005bf0: 89 07 a1 f2 09 43 49 63 2b dd 26 fe d2 c7 d9 2c  .....CIc+.&....,
00005c00: 11 fb da e6 db 4b f5 04 66 c3 3d 52 f2 e0 d3 85  .....K..f.=R....
00005c10: ba 5e 58 32 a7 c6 aa 79 d9 c0 27 e4 45 03 40 0f  .^X2...y..'.E.@.
00005c20: 13 2b f6 fc e5 4c df 3a c4 a8 b3 cd e0 6a 00 55  .+...L.:.....j.U
00005c30: 71 b3 9e 89 07 ea a6 57 82 5e 0e 7b aa 32 fc bc  q......W.^.{.2..
00005c40: d7 33 9b d7 e2 75 d6 c7 93 24 9e 20 cb 1c 2c 0e  .3...u...$. ..,.
00005c50: 0d b3 a9 8d 2c e8 4e b1 0f e2 fb eb d4 ee 31 96  ....,.N.......1.
00005c60: f3 d1 2f 86 e9 5d da ff e5 c0 86 38 b8 ad 03 6f  ../..].....8...o
00005c70: 9c c0 b6 26 09 e1 c9 03 23 9d 63 4d 8f 47 64 13  ...&....#.cM.Gd.
00005c80: 82 41 c7 87 b0 70 e3 89 11 db ac 2b e6 57 1e 9a  .A...p.....+.W..
00005c90: 4b 6e 65 d6 fe 6b 50 85 a9 28 e5 34 50 f5 b2 6e  Kne..kP..(.4P..n
00005ca0: e3 84 10 3d 65 ed f3 ba fd c9 e4 3c 47 04 3f 4b  ...=e......<G.?K
00005cb0: 87 c0 51 84 e7 77 41 98 97 6e d1 ba 3e 25 4d f5  ..Q..wA..n..>%M.
00005cc0: a8 62 b1 f5 51 38 f2 8d de 1c 33 73 f6 dc 24 e7  .b..Q8....3s..$.
00005cd0: a8 f2 20 0e d9 bf 64 d8 4a c9 45 dc de 09 06 b5  .. ...d.J.E.....
00005ce0: 00 68 33 f6 ff 8a 3b 3e 5f fd 75 94 2d e0 64 af  .h3...;>_.u.-.d.
00005cf0: df 5a 96 95 93 40 1d b4 82 5b 63 f6 5b 59 bb 42  .Z...@...[c.[Y.B
00005d00: be 1d 83 9a cf 7e d8 69 e9 72 92 5c f0 e1 ba 0f  .....~.i.r.\....
00005d10: 3f de 9f 24 04 8a bb c5 2d ae ed cc b2 12 d1 7a  ?..$....-......z
00005d20: 90 14 df 8a 0b dc 69 c2 af a7 19 c5 81 25 0a 60  ......i......%.`
00005d30: 85 d9 77 0e aa 6c 99 29 37 4a 31 77 00 67 73 7e  ..w..l.)7J1w.gs~
00005d40: 9d bd 65 98 6e be 96 5e f7 ae bb 59 17 e1 cd f9  ..e.n..^...Y....
00005d50: e7 ee 5a 7d 0d ec c7 a9 4f a1 b6 15 ce 09 3d a8  ..Z}....O.....=.
00005d60: f8 49 17 d9 31 64 04 9e 86 0f 07 e5 9f cd 5d 09  .I..1d........].
00005d70: 3d 74 2e 7a 11 cb c4 5d 22 5e e8 a9 8c c7 b1 bd  =t.z...]"^......
00005d80: 35 65 41 ba 3a 59 89 05 13 10 1d 04 2d 34 d7 41  5eA.:Y......-4.A
00005d90: c5 1a fd 2b 69 7b 25 13 95 8a 76 3b 52 1e e8 c2  ...+i{%...v;R...
00005da0: 89 f0 af 93 0b aa 29 54 13 9d 28 c9 40 ab bd 85  ......)T..(.@...
00005db0: ed 34 16 af 3b ef 7f cb 9c b0 e0 68 8a 36 1e 8b  .4..;......h.6..
00005dc0: c7 7d f5 f3 60 c7 01 c5 cc 90 69 f3 1c 68 55 cf  .}..`.....i..hU.
00005dd0: 2a e0 84 c8 ee 03 9c 4d dd 46 33 f5 02 47 12 cf  *......M.F3..G..
00005de0: 66 f6 ff 8f 22 fd 1c 2b dc 5c 71 36 eb bd 39 6c  f..."..+.\q6..9l
00005df0: 6c ac 5b c7 c8 2e 2d 3f 5b 80 7c 26 73 ed be 99  l.[...-?[.|&s...
00005e00: 38 87 c5 34 14 a7 4d 16 42 69 95 90 97 d3 21 d7  8..4..M.Bi....!.
00005e10: 88 bd cb cb 4f cc 87 a8 01 94 2c 32 c9 74 50 42  ....O.....,2.tPB
00005e20: b7 ad a1 0e 1f 19 fc 29 3d d3 5c 1c 6f 5e 06 62  .......)=.\.o^.b
00005e30: e9 13 2a 13 e2 79 fb d3 94 8b 2d 8d 34 e5 9d 7e  ..*..y....-.4..~
00005e40: e5 3e 31 f3 6f a5 b0 d1 77 db 89 83 c9 2a 7b 2e  .>1.o...w....*{.
00005e50: 26 bb f5 7b c4 27 a4 08 9e bb 66 47 3e c4 92 1b  &..{.'....fG>...
00005e60: 7a 25 cd 46 fc c4 32 9c 1e ad 73 35 f6 3f fd 80  z%.F..2...s5.?..
00005e70: 7e f7 e8 11 59 40 1d 08 fd 64 39 26 fd 68 de 36  ~...Y@...d9&.h.6
00005e80: 02 2f 2f 15 ee b6 aa 88 2e 50 3e 97 04 32 49 d5  .//......P>..2I.
00005e90: 8b 0f 5f 75 41 08 42 f3 08 76 be af 69 c2 f0 7f  .._uA.B..v..i...
00005ea0: 57 ea 49 02 3a aa 06 2c 81 f7 b6 b8 d9 ba db ef  W.I.:..,........
00005eb0: d7 41 fd a7 ba e9 7f 52 a3 26 df 8b 98 c9 11 3a  .A.....R.&.....:
00005ec0: c8 21 06 49 b8 70 ae f5 8b 99 b9 07 7b 83 86 ff  .!.I.p......{...
00005ed0: 1f 31 5c 65 35 f2 6d 01 39 8b 07 62 7e e8 50 61  .1\e5.m.9..b~.Pa
00005ee0: 18 9b 56 b7 eb 23 d5 66 1b 74 d3 4b 56 54 4b 5e  ..V..#.f.t.KVTK^
00005ef0: f0 63 ce 5b db a6 66 7c 2c a7 1c bb 29 08 69 4d  .c.[..f|,...).iM
00005f00: ca e9 a7 1c a2 d7 bb da cc e3 d5 15 aa 2e 4e 18  ..............N.
00005f10: c7 07 f4 bd d6 80 5a 2b c5 8c 53 dc 3a 0e 6f ac  ......Z+..S.:.o.
00005f20: 0d ec 47 8f 4a 26 75 aa e5 6b af 69 8a 9a 6c d1  ..G.J&u..k.i..l.
00005f30: 74 61 8d b6 3c 3e 20 d3 de dc 60 3d 12 3c df 82  ta..<> ...`=.<..
00005f40: be 70 f8 5b 00 98 0a 55 16 a6 f6 a8 98 3e dd 79  .p.[...U.....>.y
00005f50: cc 7e d6 1d cf d3 75 da 2d 3e ae 89 3e fe 42 23  .~....u.->..>.B#
00005f60: be 27 71 49 ec 06 28 c5 6a 3a 33 ba 2e 95 50 b7  .'qI..(.j:3...P.
00005f70: 91 dc 75 7b b3 9a cf a0 cf 4c 03 ad e9 93 98 d1  ..u{.....L......
00005f80: 46 11 84 ea 67 ea e2 76 f2 3e 4f c5 db 2a 55 6e  F...g..v.>O..*Un
00005f90: 1b 17 d9 8e 38 68 61 4a 56 0f ab 0f ea db da b6  ....8haJV.......
00005fa0: dc 03 df 4d f8 1b dd 0b c2 76 9f 67 52 66 8b fd  ...M.....v.gRf..
00005fb0: ee 36 cd a1 fc 94 3b 8a ba 75 0f 05 e4 ce b6 30  .6....;..u.....0
00005fc0: 0e 68 60 60 bb 8d 1f ab 2b 18 e2 65 04 10 c9 0e  .h``....+..e....
00005fd0: 2e 08 46 aa 96 82 02 96 13 3f 98 ed d4 04 0b c7  ..F......?......
00005fe0: f6 36 3e 85 15 a8 71 e2 9a 52 b5 c1 47 f2 77 1f  .6>...q..R..G.w.
00005ff0: c4 da c0 c3 d0 10 64 d7 94 bf 07 15 22 56 5c cc  ......d....."V\.
00006000: ca b8 53 39 aa c2 56 89 04 45 9b 35 91 62 cd 00  ..S9..V..E.5.b..
00006010: f3 64 a3 8b e6 ad 82 81 aa 29 63 e2 1d a7 22 8b  .d.......)c...".
00006020: f5 97 57 fa 7d cb 35 dc a1 7c 1b 60 42 f7 c8 fe  ..W.}.5..|.`B...
00006030: 03 a9 be a7 53 49 59 d1 d9 94 48 12 72 be 68 79  ....SIY...H.r.hy
00006040: 71 5e d5 33 0b 6f bd 23 89 a9 63 05 50 bd c8 35  q^.3.o.#..c.P..5
00006050: e2 10 af 33 d1 5c a3 07 35 ee df 9b 4f 22 60 9b  ...3.\..5...O"`.
00006060: 43 9e b6 8c 7e 35 93 a6 8d 4d 21 70 a5 16 c1 ce  C...~5...M!p....
00006070: e8 90 c3 0f ef 2a ad c6 9a cc 91 42 8c 0e 6f dc  .....*.....B..o.
00006080: e3 5a d0 04 3a 17 0f fa f6 cd e6 25 c8 c0 50 dc  .Z..:......%..P.
00006090: 01 4b 3e 1e ff 1e 1a 78 74 28 aa fe ea 61 15 0d  .K>....xt(...a..
000060a0: da 1c 9a 57 e3 0f 81 28 54 1a 08 83 c1 33 5d 44  ...W...(T....3]D
000060b0: 97 da 08 c3 00 23 98 ab 79 ef 3d cd cc 10 b1 5c  .....#..y.=....\
000060c0: 7f 49 5b 34 c7 0d c0 15 27 9b fa cc 5d a1 cd 67  .I[4....'...]..g
000060d0: 75 c7 3b e7 b0 1b 9a 9e a4 4b 05 66 70 aa 09 90  u.;......K.fp...
000060e0: ce 5a 4a 52 39 33 76 3a 06 b3 b0 db 3d 4f 5c f5  .ZJR93v:....=O\.
000060f0: 99 19 75 ed 53 44 d2 51 df c5 73 03 00 24 c5 29  ..u.SD.Q..s..$.)
00006100: f0 29 4e a6 97 13 33 8e b9 c5 9a 9c 39 05 5c f2  .)N...3.....9.\.
00006110: e2 ce 92 4a 39 5d 73 c6 5f 24 6e d7 cc ee 0e 25  ...J9]s._$n....%
00006120: 29 38 a8 8a a5 1e 23 c2 4b 63 08 ad 71 45 15 9d  )8....#.Kc..qE..
00006130: 4f e1 aa 5d 3b 44 90 87 0c dc c5 31 fc 85 2d 85  O..];D.....1..-.
00006140: c5 88 3d 53 94 fc 36 c1 70 1a 8d 25 1b 59 9f df  ..=S..6.p..%.Y..
00006150: 76 9c d6 db eb aa a1 f4 17 b4 42 b5 15 fb 80 02  v.........B.....
00006160: 96 71 2b e5 f9 93 46 46 70 44 65 9e 58 13 50 23  .q+...FFpDe.X.P#
00006170: a9 75 93 eb cd 5c 5e 52 f4 2b a5 11 20 f7 bd dc  .u...\^R.+.. ...
00006180: 2d ed 99 d2 2a d8 3d 7d 6e 23 06 ed 1c 6b e7 13  -...*.=}n#...k..
00006190: 9d 72 09 61 88 ed d8 37 f8 91 c9 99 64 e3 85 bb  .r.a...7....d...
000061a0: 57 1b d9 25 2f bc d7 74 5b 0c ec df e1 53 2e 6c  W..%/..t[....S.l
000061b0: 19 41 9e 9c 09 bf 03 f6 49 da fb 80 04 74 e3 61  .A......I....t.a
000061c0: f1 dc a0 1b 4f da e0 0d 0b 27 86 8b ab fa 22 af  ....O....'....".
000061d0: 0b 56 57 89 b4 b5 b5 f7 b5 a6 03 df 50 7f fd 5d  .VW.........P..]
000061e0: 98 87 5d 25 be a9 74 c0 0a a0 83 b0 dc b3 01 1b  ..]%..t.........
000061f0: 2e d1 31 d7 38 7f ca 18 08 31 a2 bb f0 b6 1b 3c  ..1.8....1.....<
00006200: 25 11 22 60 94 44 82 a3 af 8b c9 b1 f2 fc 8a 2b  %."`.D.........+
00006210: d6 da 9c 07 cf df 8e 36 c2 59 a5 58 41 7e 5f 1c  .......6.Y.XA~_.
00006220: ff 84 1f 94 0e 15 c8 cd e1 9e d0 eb cf a0 d1 ae  ................
00006230: 23 85 53 e5 30 d8 11 9b cb fe 56 53 84 d6 1d 81  #.S.0.....VS....
00006240: 2f b2 0d 03 c6 94 ac ef 57 50 38 87 65 e0 f2 f0  /.......WP8.e...
00006250: 6a 7c 5f 24 fc c5 15 99 d2 fb 54 59 c5 28 d8 50  j|_$......TY.(.P
00006260: 51 0c 15 b8 35 ad 72 f1 4f 5d 48 2e cb 70 50 40  Q...5.r.O]H..pP@
00006270: a6 55 9a 7d 58 1a 1a 91 a2 a1 c8 c7 3d c1 c1 58  .U.}X.......=..X
00006280: f7 41 63 d2 67 f0 71 f6 4f 13 ec 96 54 65 e6 d5  .Ac.g.q.O...Te..
00006290: c9 b9 bd 21 3e 02 9d bf fd e5 d0 98 0e 69 73 96  ...!>........is.
000062a0: 6b da a2 b9 bc e4 57 30 c0 5b 87 0e f9 16 4e 21  k.....W0.[....N!
000062b0: e2 1a 95 b6 eb 80 8d b9 64 70 0b 1a fa 8f 0f e3  ........dp......
000062c0: 98 b9 35 a8 2f 40 af 95 e5 5c 94 c9 1d ae 87 67  ..5./@...\.....g
000062d0: bc 53 9e 4f 85 7c dc 15 06 2a 22 c9 68 3b 07 5a  .S.O.|...*".h;.Z
000062e0: 56 05 48 8b a5 74 c1 b6 9d 0a 2d 6b 7d ed 04 c3  V.H..t....-k}...
000062f0: f5 99 02 b6 c5 19 f7 92 74 ec 77 37 c2 71 3e 01  ........t.w7.q>.
00006300: 0b fb 8c 60 a8 2c 75 43 59 b8 66 e5 55 e3 2b 5a  ...`.,uCY.f.U.+Z
00006310: e0 22 fd 67 16 02 f3 73 ab ec 32 80 57 d9 aa e6  .".g...s..2.W...
00006320: e3 d6 05 8a df b8 b7 f6 db a0 45 0c 59 22 f9 70  ..........E.Y".p
00006330: e6 e2 da 9b df f5 d0 94 c9 b2 82 75 28 12 a1 7f  ...........u(...
00006340: 3f 12 12 d7 95 47 3c 66 4d d9 1e 58 fe 3e 87 2e  ?....G<fM..X.>..
00006350: 7c b4 56 ad a3 cc 74 6f af d4 34 78 9f ab 2f 15  |.V...to..4x../.
00006360: 7f d1 4a e3 60 8b ce 1a 56 eb 7d 2d 95 21 67 6f  ..J.`...V.}-.!go
00006370: ee e3 82 1f 93 64 93 40 81 56 0d 36 32 9a 81 63  .....d.@.V.62..c
00006380: 49 f5 49 ca ca 22 14 81 7e 74 40 06 97 ed 5a f8  I.I.."..~t@...Z.
00006390: 24 04 c8 77 db 12 3e 0f 5a 43 5f f4 de a3 94 26  $..w..>.ZC_....&
000063a0: 8c 05 8f 64 59 9c d5 08 4f 17 bc f1 58 16 80 6b  ...dY...O...X..k
000063b0: 98 38 37 f8 14 90 87 c8 2f 89 7b 68 f6 04 45 a1  .87...../.{h..E.
000063c0: 28 78 b9 d2 c7 11 73 ab 5c f9 db 9e b2 0f 88 d5  (x....s.\.......
000063d0: 4a d3 e0 bf 2f 30 c3 57 d0 dc bc f0 57 1d 5a b1  J.../0.W....W.Z.
000063e0: c1 16 13 0e 35 95 3b 16 de a4 fd 7b 7b 78 28 54  ....5.;....{{x(T
000063f0: 2a be fe a4 a8 9a 59 9a e5 4e ef 5c 16 83 0f 88  *.....Y..N.\....
00006400: 2a 07 95 ed 6d 92 48 ae 7c 1f 12 c2 28 c5 a8 fb  *...m.H.|...(...
00006410: 26 3e a7 13 10 22 88 03 bc 08 06 e3 37 12 78 45  &>..."......7.xE
00006420: ad c4 80 4c a3 38 9a af 7d f8 38 b5 8d 74 c5 3d  ...L.8..}.8..t.=
00006430: 71 8c 8f 7b 69 2b bb 80 db 86 3c 55 83 99 02 b1  q..{i+....<U....
00006440: 91 08 53 a5 6d c4 4e 6a 38 41 58 89 ac 19 d5 ff  ..S.m.Nj8AX.....
00006450: 78 5d 69 f2 81 d4 71 22 0d e8 75 aa 42 45 13 52  x]i...q"..u.BE.R
00006460: 7a 69 44 f9 d6 63 af f1 aa d2 f0 d8 9a 5e 8d a3  ziD..c.......^..
00006470: 1d db 3b 23 ab cc d1 f5 93 6b b5 c1 2c 2d dc 6b  ..;#.....k..,-.k
00006480: 32 d5 04 3d 87 94 97 af 3f 25 3d 12 a1 35 ec 16  2..=....?%=..5..
00006490: 46 a3 43 ea 1c 80 2d 6a e2 7f 74 88 6a ec 43 da  F.C...-j..t.j.C.
000064a0: 9d 9e 99 31 43 b4 4b dc df bc a7 cd c2 ad a6 16  ...1C.K.........
000064b0: 3e 92 47 d5 4f 3e 42 bc 60 85 cd 23 ec fa be 49  >.G.O>B.`..#...I
000064c0: c5 f7 9a 43 63 49 73 d0 50 2c a0 c1 94 c6 36 18  ...CcIs.P,....6.
000064d0: b8 35 30 26 a5 a0 73 27 2f 2d 40 02 45 24 bd dd  .50&..s'/-@.E$..
000064e0: fe 52 a1 7a b3 bd a0 df 8e f4 2d 4a 0e 18 62 f4  .R.z......-J..b.
000064f0: ca fd 56 67 8a ea e2 04 5b a7 0b 0e 47 38 07 4d  ..Vg....[...G8.M
00006500: 66 9c 47 94 79 df fa 2a 98 1a be 51 5b 2d a6 02  f.G.y..*...Q[-..
00006510: 98 fe ff d8 62 c0 ea 9e 30 39 31 bc 6e 70 bd 76  ....b...091.np.v
00006520: 6c 34 f5 f6 76 67 f0 ab 92 18 fd 98 67 b0 05 85  l4..vg......g...
00006530: 38 52 d9 f2 b7 9e 70 1e 60 1e 2c 0b c6 19 58 72  8R....p.`.,...Xr
00006540: 7b 8a 9e 30 d5 22 47 09 3d 5a 69 34 66 fa d5 f1  {..0."G.=Zi4f...
00006550: f8 7f e0 f0 cd 13 ba 07 fc e4 24 e0 47 77 30 71  ..........$.Gw0q
00006560: 08 74 a6 ec 30 56 18 73 c4 2c a8 1a 46 d9 78 8e  .t..0V.s.,..F.x.
00006570: 22 9a 61 e3 72 52 08 37 ac 47 60 96 1d eb e5 05  ".a.rR.7.G`.....
00006580: 06 41 cd 85 e0 f5 28 4f 2a 2d 83 6c d5 e8 27 a5  .A....(O*-.l..'.
00006590: cb 46 79 75 56 b3 5d 47 8b ef 0b 19 b9 72 a4 0a  .FyuV.]G.....r..
000065a0: 03 8e 13 c2 ea 4f d0 65 6a fb 1e 84 70 e2 70 ac  .....O.ej...p.p.
000065b0: f0 89 00 15 55 94 16 84 13 a2 72 09 c0 b7 32 6f  ....U.....r...2o
000065c0: ce 14 fc 62 72 64 82 90 41 0c 34 5d 23 35 70 4f  ...brd..A.4]#5pO
000065d0: 33 cf ad 95 b9 d8 93 36 84 10 e8 d7 0c 1e a4 44  3......6.......D
000065e0: 81 ce 63 42 0a a2 00 85 30 67 08 9d a2 07 b0 93  ..cB....0g......
000065f0: c2 bd f6 41 ec 41 ef 74 63 cf ea b3 1f 9c 13 01  ...A.A.tc.......
00006600: 37 ab 11 79 9d 20 98 ea 39 0c 35 22 89 66 0a da  7..y. ..9.5".f..
00006610: ab e8 24 35 08 3f 7b 83 c4 07 1a d7 b6 0a bb e3  ..$5.?{.........
00006620: 1a f0 6e f2 23 45 b1 93 1c a3 83 8a 2d 31 8b 97  ..n.#E......-1..
00006630: 82 0b 70 c9 17 ab 89 3a 75 ec 93 86 04 d8 94 f9  ..p....:u.......
00006640: 76 0b e0 7a 4d c5 02 5a 0e f8 bc 47 0e 38 b6 95  v..zM..Z...G.8..
00006650: 90 d7 c5 ca 78 8a e6 cd 01 91 d5 91 1d 30 20 b8  ....x........0 .
00006660: 5e bf 31 31 49 7d eb 03 20 cc 6c 99 61 d1 de 32  ^.11I}.. .l.a..2
00006670: 47 4c ce 23 0a 03 c1 ab 97 94 9a 80 a3 b8 17 f8  GL.#............
00006680: 31 7c 0d 23 2e 11 ae 8b 2c 29 df ae 28 54 63 50  1|.#....,)..(TcP
00006690: 43 ae 93 24 d3 e4 b1 91 87 71 80 b1 ee d1 76 79  C..$.....q....vy
000066a0: d8 84 f6 ad 7d b4 21 39 22 4d 50 3a 1c e0 8e 2d  ....}.!9"MP:...-
000066b0: 6b 44 84 50 c6 e2 55 79 5c 89 3b 2f 25 28 d6 0f  kD.P..Uy\.;/%(..
000066c0: 53 fd 9a a2 64 65 f6 4a bf 69 93 35 34 49 fc e0  S...de.J.i.54I..
000066d0: b1 76 f2 e1 a2 25 ac db d3 d7 d6 9c bc 97 92 ed  .v...%..........
000066e0: 61 af 4d ba e9 4b 04 6e 3a 49 a1 4a 24 07 df 27  a.M..K.n:I.J$..'
000066f0: 47 11 24 7e b1 6d 8f 98 88 15 a9 ee 6f 8a 63 07  G.$~.m......o.c.
00006700: 94 cb a7 bf 2e 0e 01 17 55 2b 7f ec b4 99 9e 3d  ........U+.....=
00006710: a8 55 77 10 23 61 d1 e5 f2 ac 0e 28 70 d4 c2 9d  .Uw.#a.....(p...
00006720: 7e bf fd 9e 12 ed b9 f0 2f e2 65 cd 1b 89 9c 51  ~......./.e....Q
00006730: 86 7c af 07 f2 52 0c 10 02 a5 a7 9f 4f 29 46 2b  .|...R......O)F+
00006740: b9 c0 f4 9b ec 71 0c a5 5d c8 3d 06 c8 d7 a7 01  .....q..].=.....
00006750: ef 8e 1f 14 2e 05 e3 7d 2f af 7a b0 ee 3c 8b 00  .......}/.z..<..
00006760: 55 0f 15 fb 59 00 d2 2a a1 b6 c6 0e eb 62 8a ba  U...Y..*.....b..
00006770: 18 e8 18 92 55 0d 1f b0 29 01 98 21 92 39 a2 6b  ....U...)..!.9.k
00006780: ba 76 94 7e af 34 b8 06 80 b0 c9 8c a9 6c 8d f8  .v.~.4.......l..
00006790: 13 2e 5d 67 e1 98 a3 a8 eb bf 49 2a 0b 71 ed be  ..]g......I*.q..
000067a0: ef 8d 62 01 85 76 31 d9 cd 90 ae 6b f2 c3 54 1c  ..b..v1....k..T.
000067b0: 20 74 8a a2 53 5d 31 77 db b9 c2 96 b0 a7 e5 3d   t..S]1w.......=
000067c0: 88 a7 97 c2 27 c9 65 63 57 c5 ab ff 0c 53 bd 37  ....'.ecW....S.7
000067d0: 17 57 47 c6 99 10 51 b0 82 8c cb da 79 62 e4 3d  .WG...Q.....yb.=
000067e0: 85 c0 93 98 00 21 c0 66 96 d6 dd fe 29 f0 0b b2  .....!.f....)...
000067f0: 4d 69 37 81 f7 06 fc 65 64 44 2a ee 40 dd 05 55  Mi7....edD*.@..U
00006800: d3 a8 47 13 88 6a bc 6b f7 08 eb e8 24 5e 73 81  ..G..j.k....$^s.
00006810: e9 0f 90 fd aa 9e 63 38 ed 61 85 a8 69 fb 31 f9  ......c8.a..i.1.
00006820: 61 06 8a c4 e8 ac de f4 c8 71 c9 b4 77 ca 63 e8  a........q..w.c.
00006830: 05 bd a7 5e e9 20 bd ac e7 c2 e9 5e 27 c2 72 d1  ...^. .....^'.r.
00006840: a3 8e 26 fa bb 98 55 11 a5 84 ab f7 99 fb 3c 5f  ..&...U.......<_
00006850: 68 69 a6 6b 6d bc cc 28 84 d2 88 67 91 43 d6 54  hi.km..(...g.C.T
00006860: a4 52 4c 5d 92 fd 5b 0c 47 48 d3 b9 81 c1 74 e3  .RL]..[.GH....t.
00006870: e8 7b 4c 84 32 66 64 13 54 64 35 61 c3 c7 90 d6  .{L.2fd.Td5a....
00006880: f8 9a 71 42 da 10 4a 8a 7e 53 be 15 6f a0 62 28  ..qB..J.~S..o.b(
00006890: 87 b9 aa ac b9 da 7f b7 a9 8d f7 48 6a f5 dc 08  ...........Hj...
000068a0: c6 9c 1e c6 98 01 89 d5 fc 69 33 21 51 c2 f5 91  .........i3!Q...
000068b0: ed 5d 09 6b a5 a3 57 f9 62 bd d1 c0 9a a4 0e 9c  .].k..W.b.......
000068c0: 12 be c7 ca bd cb 9a f3 d9 9b e9 53 75 03 fb 2a  ...........Su..*
000068d0: aa f2 c8 ea 2d 38 cd f3 42 19 0f ba 68 58 d9 8e  ....-8..B...hX..
000068e0: b1 41 b3 52 3d 01 ec a8 43 ad d8 f5 6b 0c 6a 83  .A.R=...C...k.j.
000068f0: f2 fd a7 d4 4a 9d b0 68 80 5e c2 78 0a 0d 44 cb  ....J..h.^.x..D.
00006900: a0 f0 7f f5 ce 57 bf ea 68 dc a8 2d e7 e4 5c 0c  .....W..h..-..\.
00006910: 24 10 c5 71 1d 3f 68 a8 d1 b5 a4 58 e3 93 57 99  $..q.?h....X..W.
00006920: a7 ae a2 1b 1d e7 4b 48 7a ef 9c 2b 9b 41 cf cd  ......KHz..+.A..
00006930: b8 b1 46 89 0f 38 22 ea 3e f8 f9 3e 27 0e f1 73  ..F..8".>..>'..s
00006940: c7 a0 e3 f4 88 d0 5b d6 f3 15 5f a7 05 32 25 12  ......[..._..2%.
00006950: 74 bc f9 96 3a 63 c8 25 7b 3f 51 60 af 6e 7a 51  t...:c.%{?Q`.nzQ
00006960: b8 71 58 29 ee a9 46 5c 30 1d d5 93 17 c4 07 ca  .qX)..F\0.......
00006970: 24 8d 8b db e7 93 d9 28 b9 95 1b b5 90 0e 34 ad  $......(......4.
00006980: 6b 39 82 9b d7 91 ab 2b 4f 77 26 bf 9d 11 cf 63  k9.....+Ow&....c
00006990: b5 90 eb 39 c6 d2 c6 be 89 76 55 45 00 0a 19 5e  ...9.....vUE...^
000069a0: 0d 78 ee aa 7a 14 c9 2f 10 aa a0 e0 05 d2 78 4f  .x..z../......xO
000069b0: cc 6d 2f 58 85 5e 5a 97 e4 3c f6 ff 94 6e a0 54  .m/X.^Z..<...n.T
000069c0: a8 c1 81 9b 85 61 9c e8 74 90 3c 9b 8d 71 63 60  .....a..t.<..qc`
000069d0: fa f2 bb f3 21 37 00 1b ba 28 d0 65 e9 b1 f2 b9  ....!7...(.e....
000069e0: 62 35 62 af f4 74 02 40 a5 aa 12 ec a4 e6 6a c8  b5b..t.@......j.
000069f0: c1 cf fe 6e 4b 5b 80 18 3e 44 af 17 b5 a5 54 72  ...nK[..>D....Tr
00006a00: ae fb 47 10 9a df 4d 4c fa 5c c0 3c f0 d7 4b e7  ..G...ML.\.<..K.
00006a10: c0 f4 29 14 41 b8 e5 06 e1 21 ac 2c ab ec 9c 8f  ..).A....!.,....
00006a20: 5e 1b 25 b7 ee 1b 22 45 1e 34 5f 90 f0 e3 02 ac  ^.%..."E.4_.....
00006a30: 21 c3 91 7e 1c ba 52 61 6a 20 f5 06 00 60 07 c2  !..~..Raj ...`..
00006a40: e8 0e 1c 53 f9 4f 63 9b 9c ec 01 27 b3 f9 cf 87  ...S.Oc....'....
00006a50: 13 a2 22 47 bd 1a 73 1f ba 6d 81 cd 12 00 c7 06  .."G..s..m......
00006a60: f8 65 ca 02 f1 a5 76 d0 e7 14 0e 5e cd 38 35 5d  .e....v....^.85]
00006a70: de f8 f9 99 b4 45 b6 0a a8 a2 d6 82 c8 a1 f4 d6  .....E..........
00006a80: 86 06 3d de 93 42 38 3d 61 b6 b7 63 ec 7a 7d b8  ..=..B8=a..c.z}.
00006a90: d6 e8 82 9e 6e 40 18 23 30 5b 7a 4c 31 b6 cd 8c  ....n@.#0[zL1...
00006aa0: 92 7c 22 5b 1f 31 9d 2f ce 7a 09 16 ed c7 77 c1  .|"[.1./.z....w.
00006ab0: ce 40 4c ba 24 02 0a 4a 1e a1 6d 1c 90 02 0b d3  .@L.$..J..m.....
00006ac0: ec 07 18 57 81 ef 97 8a 14 2c 99 7e d7 a8 06 14  ...W.....,.~....
00006ad0: 54 5c ee a2 c1 74 2f cc 7d de 55 00 78 31 47 f8  T\...t/.}.U.x1G.
00006ae0: 9b e8 8b b4 48 e2 ee f7 90 f8 89 a9 a3 a6 91 05  ....H...........
00006af0: 72 69 f2 80 0b 70 bf bb df 5e c6 40 14 d7 6a c3  ri...p...^.@..j.
00006b00: 10 fe 11 ac dd ac 26 e5 77 03 62 ac ea 75 20 8e  ......&.w.b..u .
00006b10: a5 d4 a0 eb b8 01 d6 72 29 aa b8 81 a2 38 da d7  .......r)....8..
00006b20: 84 2c 50 2c d8 b7 e3 c3 15 40 a3 e5 ac 07 64 5a  .,P,.....@....dZ
00006b30: a0 f8 52 73 cd 8d be 91 1b 85 f6 0e 6d 31 72 c2  ..Rs........m1r.
00006b40: cb bb ce 68 b0 80 86 65 17 d7 02 f9 77 4f d4 21  ...h...e....wO.!
00006b50: a8 b8 26 b8 e9 9d 7f b1 c7 60 ec 82 8b b2 93 0c  ..&......`......
00006b60: a9 fb 78 ec c7 4c 41 c6 be 42 65 a1 64 fc 28 a7  ..x..LA..Be.d.(.
00006b70: a7 42 ab af d7 a2 d7 1c 04 06 53 b7 5e 76 bb 9f  .B........S.^v..
00006b80: cf f0 d2 e6 a9 cf 56 a3 da 34 a9 55 82 a2 94 e4  ......V..4.U....
00006b90: 7a 75 ff 7d 10 cf 96 b5 f1 e8 32 90 91 7c f3 70  zu.}......2..|.p
00006ba0: 21 a4 58 aa d9 a5 4c 76 87 56 e4 4e 37 96 aa bb  !.X...Lv.V.N7...
00006bb0: 1a 74 3e 2a 85 27 1f 28 6d f8 51 33 e1 f2 71 44  .t>*.'.(m.Q3..qD
00006bc0: 26 1f a5 cd c6 21 8c cc 55 22 7a 71 a3 57 b6 63  &....!..U"zq.W.c
00006bd0: 4b 67 37 79 38 17 11 0b 3a 4c 9c 73 80 60 b6 c8  Kg7y8...:L.s.`..
00006be0: 24 18 7f b9 b8 57 e4 f2 bb f3 9f 3f 6e 2e 6a 05  $....W.....?n.j.
00006bf0: b3 b2 cf da fd 74 e1 57 97 bf 8f 29 ff 41 bd d2  .....t.W...).A..
00006c00: 37 0d 59 84 5c f1 a4 11 b8 ac 08 5d df 96 f0 bf  7.Y.\......]....
00006c10: 9d f6 64 84 96 2c 5a 98 4a d6 70 32 c1 81 5b b5  ..d..,Z.J.p2..[.
00006c20: db 47 c4 fe 9d 63 60 4e 6d 66 20 9d ac bf 5f a3  .G...c`Nmf ..._.
00006c30: 8e 29 f4 5e 02 5a 72 16 3f ab 34 b8 e3 c2 ef de  .).^.Zr.?.4.....
00006c40: ec 6e b6 72 53 ac fa ce cf 9f 3a 34 a5 c8 5b 81  .n.rS.....:4..[.
00006c50: d9 e0 d7 64 46 09 51 e5 63 dc 37 29 fc 4b e6 18  ...dF.Q.c.7).K..
00006c60: ad 02 43 17 85 6b a0 4e f6 8a cd da 4c 1a 81 72  ..C..k.N....L..r
00006c70: 54 13 0f 10 b7 24 e9 75 cb 54 9d 0c 97 64 e1 4c  T....$.u.T...d.L
00006c80: c5 9c 37 24 98 ff a9 99 e2 4a 55 1b 4c 90 23 88  ..7$.....JU.L.#.
00006c90: a4 f7 13 5f 36 d1 10 72 ae bf 67 29 78 c7 4b b8  ..._6..r..g)x.K.
00006ca0: d6 a2 60 eb 38 af 26 c7 93 5f 3c f6 25 2f ff 41  ..`.8.&.._<.%/.A
00006cb0: 79 86 39 9e 42 47 03 c8 2c 31 90 53 fa 4e 26 c0  y.9.BG..,1.S.N&.
00006cc0: c8 3f 9c 25 3a ce b1 b8 a5 c3 16 d1 89 7e 33 c8  .?.%:........~3.
00006cd0: ba b4 f2 f2 fc bd f4 3c 7a c3 59 55 f1 4a fb 77  .......<z.YU.J.w
00006ce0: 2f df 26 7a 73 3c db f7 c3 08 99 2d 64 c4 2e b7  /.&zs<.....-d...
00006cf0: 15 07 5e 8b b8 46 95 cb ff 66 ef a6 cf 14 f9 7f  ..^..F...f......
00006d00: a4 b8 cf 6c 83 31 b8 24 76 8c b7 26 e4 6c 19 8a  ...l.1.$v..&.l..
00006d10: 67 f3 71 1a 5b 01 a6 28 f0 7d 60 b9 72 3d c2 06  g.q.[..(.}`.r=..
00006d20: 21 fd 56 99 14 ec fa ed d3 06 b0 81 b9 5f 9b 55  !.V.........._.U
00006d30: 85 62 73 a0 13 e2 56 63 66 b2 cd b9 54 cd 31 ac  .bs...Vcf...T.1.
00006d40: 46 5f 10 ca 05 d6 9a 43 75 d7 da d1 a6 55 68 1c  F_.....Cu....Uh.
00006d50: 05 5f db 67 80 51 6c 94 9d d4 97 6a 41 ff d5 bf  ._.g.Ql....jA...
00006d60: 32 cc 60 29 9e 42 76 e2 f6 47 b5 58 84 ac 9e 93  2.`).Bv..G.X....
00006d70: b6 16 1b 94 89 82 f4 63 72 23 db 93 f6 9e 52 3a  .......cr#....R:
00006d80: d1 0a 89 59 98 86 b3 70 c6 a5 42 7b 7d 03 ef 7b  ...Y...p..B{}..{
00006d90: bc 8e ec c0 34 9f 8b bc c7 3f 40 ac 25 7c ff e1  ....4....?@.%|..
00006da0: 7c 1c 53 ea 07 71 5a ee 7c f3 0a 3b 0d 6f da 35  |.S..qZ.|..;.o.5
00006db0: c5 c5 5c 8d d3 c6 d5 d4 7c c0 8c 6e 8a a8 24 be  ..\.....|..n..$.
00006dc0: 4f f1 f2 5b 6e 01 b3 10 2b 6d bb ad 6d a3 2f 96  O..[n...+m..m./.
00006dd0: 62 43 ed 35 05 78 07 cf 29 3d 77 b0 01 4e 33 8b  bC.5.x..)=w..N3.
00006de0: c4 37 42 17 63 90 df ff e1 fb 4a 55 7f 6c dc e7  .7B.c.....JU.l..
00006df0: 97 e4 b1 72 5d d5 cf c5 59 56 96 29 9c c1 4c 05  ...r]...YV.)..L.
00006e00: fe f3 17 dd 40 47 88 7c 74 31 a3 f7 67 4e ab 6a  ....@G.|t1..gN.j
00006e10: 07 65 bc d2 81 d0 e9 a2 7c f5 75 d8 e1 8f 89 91  .e......|.u.....
00006e20: fa 95 fb 22 d3 7e ce 5a 80 de 30 0f 89 5c 25 e9  ...".~.Z..0..\%.
00006e30: dd 42 88 6a b6 17 ca 98 21 a6 63 12 f2 a5 9c dc  .B.j....!.c.....
00006e40: a7 90 15 75 01 b7 bc fd 0d 7a 9f 1f 06 89 56 e8  ...u.....z....V.
00006e50: 50 85 a3 d8 07 01 69 8a fb ca 99 d6 ce 1a a0 72  P.....i........r
00006e60: fb a7 a2 ec 54 86 4f a3 41 5f 4c da 24 13 07 08  ....T.O.A_L.$...
00006e70: 6e 94 03 25 37 e5 b8 8e 5a 02 fe c3 b6 34 16 c6  n..%7...Z....4..
00006e80: 18 a0 7d a7 2f 69 23 cd c0 c5 c4 ce af 04 18 58  ..}./i#........X
00006e90: e2 f9 ee f8 5d 6b 03 70 89 c2 b6 c7 a3 1f 81 92  ....]k.p........
00006ea0: 89 38 6e ec d8 41 af 47 84 17 bc 07 14 76 34 6d  .8n..A.G.....v4m
00006eb0: 4b ce 1b f8 05 74 1f 87 62 b4 50 08 b0 da 19 2a  K....t..b.P....*
00006ec0: e3 96 bf bb 0b e2 01 71 70 38 0f 64 22 8b 87 ec  .......qp8.d"...
00006ed0: 8a 31 ec e1 9b ce 3d 94 76 c5 7f 76 37 41 e9 c7  .1....=.v..v7A..
00006ee0: ea c2 21 7a fe 3d 05 ca e3 60 0b 9a dd 6a bb 01  ..!z.=...`...j..
00006ef0: da b7 72 f5 82 8a 03 53 f3 54 96 91 e8 0b a7 31  ..r....S.T.....1
00006f00: 3e 93 f1 d1 af 87 be 04 5b ea 29 4e d2 11 d0 f5  >.......[.)N....
00006f10: 30 f8 30 ab 87 f5 dd 97 1e 68 7b e2 bc 7d cd 90  0.0......h{..}..
00006f20: 45 a8 b6 5c 7a fa cf 25 25 b7 b8 44 c4 df ac 66  E..\z..%%..D...f
00006f30: 1b a4 a9 98 c8 45 80 aa be 24 ec 95 04 f9 0e b6  .....E...$......
00006f40: 29 92 eb 11 6e d4 b6 cc e3 19 1c ce 74 2f b9 de  )...n.......t/..
00006f50: 49 f2 9c d6 8a 8c 9b 38 37 74 02 76 16 86 35 46  I......87t.v..5F
00006f60: 46 20 4d d1 f7 6f a9 66 da 5e b0 63 45 a0 e3 d6  F M..o.f.^.cE...
00006f70: 48 7a ea 04 38 49 dd ef 70 e1 70 a2 c8 be 2b 05  Hz..8I..p.p...+.
00006f80: 76 03 2d 84 e6 a2 22 96 59 6c 55 ca 43 0e 6a 97  v.-...".YlU.C.j.
00006f90: 23 f7 e3 1b c1 f3 32 5f b8 2c 59 99 81 6e c6 88  #.....2_.,Y..n..
00006fa0: 7f 85 25 a6 7d 80 d4 ec c1 1d b2 38 64 ec 56 33  ..%.}......8d.V3
00006fb0: d4 00 66 d3 41 15 7c 54 cc eb 1b 71 1e 98 e3 e6  ..f.A.|T...q....
00006fc0: 1f 26 1a 07 5c 28 90 b7 a7 75 70 61 fd 94 b9 17  .&..\(...upa....
00006fd0: 6f 31 79 18 0b 9f 4b 1d 32 d1 b2 22 49 a9 76 88  o1y...K.2.."I.v.
00006fe0: bb 62 74 f1 8f bf 28 8d 4d 10 5f b3 d8 00 4b 85  .bt...(.M._...K.
00006ff0: 2a 91 d5 78 de 6a 9f ee c4 5e 68 a8 a3 bd 1d d5  *..x.j...^h.....
00007000: 3b 71 ff ca 3a 5a 45 fe 9e c5 a1 b1 01 14 4f 88  ;q..:ZE.......O.
00007010: a6 d4 fd f7 94 de 21 29 29 a1 44 43 87 17 95 71  ......!)).DC...q
00007020: eb 31 a5 3c 72 98 6e 5d 9c 77 c1 a3 4a 1d 31 dc  .1.<r.n].w..J.1.
00007030: 6e 90 ca cd 01 0f 08 2f 21 6d 0a 41 2a f3 f5 2c  n....../!m.A*..,
00007040: 7b ad cc a6 5b 79 43 51 e5 ee f4 a7 1a 68 f1 7f  {...[yCQ.....h..
00007050: 25 a6 de 37 3d 27 83 be 7c 4d c0 17 49 a3 91 87  %..7='..|M..I...
00007060: b0 cd 9a 73 21 25 a9 a6 1a 9d 36 5e a4 cc c9 19  ...s!%....6^....
00007070: 84 92 87 92 ea c0 98 84 9e 17 49 2b d9 e5 70 f9  ..........I+..p.
00007080: bf fc ed 94 a5 13 78 13 8f 18 46 26 ee cb dc b7  ......x...F&....
00007090: 56 73 98 8b a7 f8 4c fa dc c1 43 58 e8 6e 59 64  Vs....L...CX.nYd
000070a0: cb 6d 12 8c e6 46 d8 f8 31 18 f6 da 83 18 ab 7c  .m...F..1......|
000070b0: a6 f6 ef 04 27 f0 85 81 67 39 b0 11 50 fd 25 82  ....'...g9..P.%.
000070c0: 88 e2 65 e9 cd 47 20 cb 72 5d 17 76 23 51 1f af  ..e..G .r].v#Q..
000070d0: e4 d1 bc ac d0 ad dd 87 70 5a 7f 17 53 3b 4f de  ........pZ..S;O.
000070e0: d0 33 4c f7 56 26 af bc 8a 62 22 72 f2 4b 9a 84  .3L.V&...b"r.K..
000070f0: 72 7f 58 35 26 4d f6 ef f6 53 5a 9b b6 d6 95 d9  r.X5&M...SZ.....
00007100: 25 b4 a6 8f 77 36 e1 d5 25 21 b8 e3 1a 0b 07 61  %...w6..%!.....a
00007110: 89 cf 04 ac 14 ff f0 9b 67 f4 23 c1 53 15 42 fb  ........g.#.S.B.
00007120: e8 ff ce 41 fe ce 43 cb 25 5f fd 81 39 21 b7 d4  ...A..C.%_..9!..
00007130: 71 87 ac 51 61 13 0d 91 d9 01 06 12 34 16 c4 b0  q..Qa.......4...
00007140: c4 58 f7 0c 0a 04 a0 af 1a 06 02 51 97 33 41 67  .X.........Q.3Ag
00007150: e2 bc a2 85 7c 84 72 df d8 8c bb ec eb 66 45 bd  ....|.r......fE.
00007160: b2 16 9c 8c a5 6f ad 6e af cd 8f 0e ef 04 a2 ed  .....o.n........
00007170: 5b e9 b0 b9 21 5e a0 e5 6e a5 db 4c 19 c1 93 c7  [...!^..n..L....
00007180: b7 de 42 e6 65 a0 57 6b e7 9b 3f 67 44 c7 6e 0a  ..B.e.Wk..?gD.n.
00007190: 51 c3 25 1b 3c ad 24 fe a8 2a b2 0e a0 12 2b b6  Q.%.<.$..*....+.
000071a0: e6 71 d9 73 d7 a6 fb d7 ff 5e 1f 0c 98 a2 49 21  .q.s.....^....I!
000071b0: f6 e9 8b 57 7a 64 20 13 45 3c 2a 79 6e c4 1e ae  ...Wzd .E<*yn...
000071c0: 49 2e 25 dd 86 1d 05 0f 61 b6 fc 94 a6 c7 f5 e1  I.%.....a.......
000071d0: c4 fb ba 83 3d 5e 48 aa 1b ec 01 4b 6d 19 d5 6d  ....=^H....Km..m
000071e0: 5b 27 cf 24 ee 81 d1 5c ea e5 d1 0c 20 99 86 81  ['.$...\.... ...
000071f0: a1 96 88 4f 89 ed c8 8d a5 b1 7c 34 08 05 7a 4b  ...O......|4..zK
00007200: 0f ba 8b 77 b9 c7 4a 33 3a d5 fc 47 23 7a ab d4  ...w..J3:..G#z..
00007210: 14 ee cd 18 45 fc 59 20 c2 12 59 e2 70 5b 59 35  ....E.Y ..Y.p[Y5
00007220: d8 2a 52 10 9e ca 46 ee ab 95 a4 b8 95 e3 9d 80  .*R...F.........
00007230: 72 98 59 03 f9 f5 d8 c7 ab 1a ff 00 e9 9b dd 0b  r.Y.............
00007240: b4 2a f8 fe 00 e5 5c c2 e5 e9 17 04 42 ed 2d d6  .*....\.....B.-.
00007250: d4 a1 0e 93 84 54 5b 69 7c 08 e3 9b 57 19 14 0a  .....T[i|...W...
00007260: 96 0a 40 f7 36 76 a0 7d 36 c1 39 8c f9 8f 89 3e  ..@.6v.}6.9....>
00007270: a8 b7 85 d0 5d 8d d1 c9 9d bf 06 ae 6b 95 ec 54  ....].......k..T
00007280: 08 97 7e ba 3d e0 0e e2 ac 6b e6 a9 d9 57 6f c3  ..~.=....k...Wo.
00007290: 7e cd dd df b5 d1 65 54 b8 f6 eb e7 62 3d a6 71  ~.....eT....b=.q
000072a0: 1c 20 3e 85 43 0b 29 51 12 03 f7 04 65 9c dc c4  . >.C.)Q....e...
000072b0: f8 61 d2 7b 25 ca 57 03 1d 7a 02 76 54 bb 52 00  .a.{%.W..z.vT.R.
000072c0: b2 53 4a 79 75 dd 29 05 c7 68 64 74 ed 74 af e4  .SJyu.)..hdt.t..
000072d0: 9a 69 0a 28 44 71 68 81 8b 36 a9 4d 31 d5 62 9e  .i.(Dqh..6.M1.b.
000072e0: 71 d6 56 1c c6 fb 14 47 af 8a ab ae a8 a6 bc 35  q.V....G.......5
000072f0: 0a 01 3e 46 f6 53 5a 9a 34 25 fb ad 7c 0a 08 28  ..>F.SZ.4%..|..(
00007300: 46 6e 64 8c 7b f9 51 e0 3a bb 73 2d 4c e2 cb 0b  Fnd.{.Q.:.s-L...
00007310: b6 c7 a6 2c 58 3a 2f e6 6d 87 7e 4d fb c3 b1 a5  ...,X:/.m.~M....
00007320: 1b 84 01 4f 71 89 19 2b 5e 23 24 0d dd e6 35 4f  ...Oq..+^#$...5O
00007330: 25 19 d9 b0 1d 4e dc 55 b6 8c 25 07 ad d2 d4 e6  %....N.U..%.....
00007340: d4 9b aa d3 1b fe 68 ff 43 c3 38 1b 43 a2 5a 82  ......h.C.8.C.Z.
00007350: 6c e0 98 e4 28 e0 b6 ab 93 34 ec 5a ab 11 ca b0  l...(....4.Z....
00007360: 86 83 d8 7c f8 72 c6 9f 10 d2 c9 38 1d c9 81 57  ...|.r.....8...W
00007370: d5 85 88 45 bf e5 61 3c e7 0b 90 b4 b5 9f 53 2e  ...E..a<......S.
00007380: 40 24 4d f2 16 29 c9 9f e2 e0 32 09 e1 0a b1 26  @$M..)....2....&
00007390: 00 d1 bc 5e 6f 39 df e2 57 c2 8d e9 b0 85 f3 92  ...^o9..W.......
000073a0: a3 ad 80 76 5c c2 9b 80 f9 5c 71 6c bc d3 11 d0  ...v\....\ql....
000073b0: 78 6e d2 ac df ab 0e 13 a7 99 94 5a 0f fe b3 71  xn.........Z...q
000073c0: fb 73 f6 18 1d 4f a1 61 44 7b 74 de ca f5 59 41  .s...O.aD{t...YA
000073d0: 29 ec 6d 6f 5d f5 93 4d 1e 23 63 b8 c1 15 fc 8b  ).mo]..M.#c.....
000073e0: da c5 42 70 4f 2d 93 5c 10 e7 1a 0d e3 d3 56 c9  ..BpO-.\......V.
000073f0: 32 6b 2a 87 e8 eb 86 57 a3 87 62 da 6c 3f 29 b7  2k*....W..b.l?).
00007400: 6d 8a 32 34 9b a3 c9 8e 6a 75 80 10 8d 5c 9e c6  m.24....ju...\..
00007410: a9 c9 d4 64 d2 b1 1c e7 69 88 ee 3a ce d5 4a 52  ...d....i..:..JR
00007420: 42 de 3a 25 49 77 99 d3 6b b3 e4 1c 32 0e 45 f9  B.:%Iw..k...2.E.
00007430: 46 85 db bb db 2f c2 ff b3 5d 0e c8 b2 e8 7b 18  F..../...]....{.
00007440: 18 2b 69 e5 6c 62 23 13 3d b1 13 eb 79 94 9a ea  .+i.lb#.=...y...
00007450: b4 51 99 af 9f d6 71 29 17 ff 99 2b 18 4c b9 f8  .Q....q)...+.L..
00007460: f1 16 b6 08 32 bb 89 27 38 bb 18 ad 09 7a 18 05  ....2..'8....z..
00007470: 4c c2 f3 d9 de 5f 0d 19 39 ef dc 7e 6d 73 62 e5  L...._..9..~msb.
00007480: 6e 16 17 80 4a a5 d7 50 80 2b 95 30 15 a4 0a 83  n...J..P.+.0....
00007490: f8 5d d2 fb 08 e8 f2 b2 24 91 6d e8 3c 5d 3a 6d  .]......$.m.<]:m
000074a0: 44 54 ad 09 f5 57 24 2d 56 17 55 cc fb 98 42 9f  DT...W$-V.U...B.
000074b0: df b6 5c 03 29 93 bd 2d 7d 28 8f b4 55 f0 36 04  ..\.)..-}(..U.6.
000074c0: a9 89 de ab 62 b2 89 e3 03 2c 82 10 67 75 8d e9  ....b....,..gu..
000074d0: 45 3e db c8 35 7e 04 38 6b a1 67 ec dc c5 01 21  E>..5~.8k.g....!
000074e0: 0c eb ea 38 41 09 c8 b2 30 17 30 ce 6a 2b 1b c7  ...8A...0.0.j+..
000074f0: 42 a5 5e 25 9d 08 91 56 dc aa 1f 40 34 ee df fe  B.^%...V...@4...
00007500: 18 34 c7 3c 35 07 74 72 e3 cf a1 1f 01 08 65 31  .4.<5.tr......e1
00007510: 66 ec 32 57 c1 fb d7 6e 04 9f ad c5 f7 a9 02 72  f.2W...n.......r
00007520: 9c a2 29 68 dd ce 5a 1b 21 7a 08 0c 1e 8f d9 f9  ..)h..Z.!z......
00007530: d0 3c 01 50 47 b7 ea bd e9 a0 b6 d6 f6 4e 3e db  .<.PG........N>.
00007540: 0b 96 ea b2 02 d5 5a 38 79 c7 78 9f 00 c5 14 4e  ......Z8y.x....N
00007550: e8 42 8d df 8f 40 1e dd d2 9b fb 41 4b 83 03 b5  .B...@.....AK...
00007560: 48 0a 2d a8 80 2a ed 01 be 3e 61 8d 20 8d 99 4b  H.-..*...>a. ..K
00007570: 9c f2 b0 e0 55 c3 c7 b0 70 5d 56 7a cd b0 0b a9  ....U...p]Vz....
00007580: f3 c7 8e bb 75 86 84 4e 3a 9a fe e7 63 50 fb 8d  ....u..N:...cP..
00007590: a4 f6 e6 ae 80 b0 2b 72 f6 12 03 71 a0 f8 4c 0d  ......+r...q..L.
000075a0: 0b 85 93 db 2d 68 67 60 f6 42 c9 e1 78 38 b7 93  ....-hg`.B..x8..
000075b0: 68 90 5e ba 58 5c 6e 89 25 03 69 cc f5 2f d8 f6  h.^.X\n.%.i../..
000075c0: 7f 97 14 91 a8 ab 4a 69 74 ae 33 4f 95 04 78 47  ......Jit.3O..xG
000075d0: 1e 40 94 cc e0 3b e1 96 cb e9 ff b9 58 80 14 e5  .@...;......X...
000075e0: b6 e9 18 1b a7 bb 9d f4 61 bd 93 71 93 fb 8e 55  ........a..q...U
000075f0: 31 87 f7 c9 81 b8 05 58 61 a6 9d c0 53 0c 98 d7  1......Xa...S...
00007600: 0d 8d 71 ae bc c8 ec 50 c0 18 92 46 e6 7d d7 e8  ..q....P...F.}..
00007610: 1d 2a ea f1 8f 4b 12 2d f4 fd 99 c8 47 26 da c5  .*...K.-....G&..
00007620: b2 18 22 cb eb 5a 71 0a 73 7f fc c5 2f db 2e 2f  .."..Zq.s.../../
00007630: 69 b9 78 ed 86 a3 ba 80 43 90 4a 94 02 bf 4c d5  i.x.....C.J...L.
00007640: a4 c3 71 be 66 bf 48 19 ee a5 ec 25 92 6f ca 82  ..q.f.H....%.o..
00007650: f7 3a d3 12 3d 4f 24 c0 ea 0a 1f 87 b2 16 8e ac  .:..=O$.........
00007660: dc 24 16 69 75 64 df 52 80 43 73 f1 88 81 ca 5e  .$.iud.R.Cs....^
00007670: 7b 72 d9 42 99 6b fa 5e 2b 16 82 9a 00 4c 1f 7f  {r.B.k.^+....L..
00007680: 31 39 fa 27 37 1c 6a 59 85 22 ec ca d7 23 cd 79  19.'7.jY."...#.y
00007690: 51 ad 47 ee 46 c0 5a 7c 71 ba 92 8f 3d c2 6b 7f  Q.G.F.Z|q...=.k.
000076a0: fb e7 64 8f 06 b3 96 71 b9 8a a8 b6 cd 7b 68 25  ..d....q.....{h%
000076b0: de 0d fe 0b 78 71 91 71 45 7c e7 b0 cf ee ab 89  ....xq.qE|......
000076c0: 51 8c fa bd 12 69 8b e9 63 22 1b 44 53 16 b5 a9  Q....i..c".DS...
000076d0: 03 68 0b 1f ca aa 5d 44 cf 2d 3f c3 b7 a8 8a 2c  .h....]D.-?....,
000076e0: f7 26 45 f0 fe e3 f5 43 98 6c 51 98 74 47 e6 b4  .&E....C.lQ.tG..
000076f0: 77 b9 0d 86 24 63 74 58 0a fc c1 ef be fe 07 f0  w...$ctX........
00007700: 1a 2b bc 49 b0 89 48 78 c6 18 43 13 ea ad 91 9d  .+.I..Hx..C.....
00007710: f5 ee d4 7b 5b b0 26 f4 0f bc 24 8e b2 e7 85 d8  ...{[.&...$.....
00007720: 36 2d 80 e4 ca 14 93 a6 77 4d 0f be e2 a5 f1 ec  6-......wM......
00007730: 33 44 0c 2d d7 8a 3b b3 e9 89 bf d9 a5 63 72 54  3D.-..;......crT
00007740: 0f 6f b2 90 6e f3 05 7f c9 d8 25 44 b8 82 71 cc  .o..n.....%D..q.
00007750: 62 f6 84 34 06 aa df 56 31 c2 47 bf 5e 91 00 53  b..4...V1.G.^..S
00007760: 1a b7 2f f3 9e 3b 17 6b 53 32 c7 e6 27 1d f7 d4  ../..;.kS2..'...
00007770: f7 48 57 e0 1f 6c 58 56 a4 1a 93 96 ea 67 cc 26  .HW..lXV.....g.&
00007780: fb 00 b1 d2 6b 69 64 9d 3c cb eb 96 fe bb f0 df  ....kid.<.......
00007790: 4a d2 00 f7 4d 83 93 f9 05 57 0a 81 03 bc e8 38  J...M....W.....8
000077a0: 14 65 8a 1b e3 2f 39 c4 0d 95 c3 02 29 9f 9b 92  .e.../9.....)...
000077b0: 81 c5 f6 57 71 c8 81 bb 3d ba dd ad 05 bf a5 db  ...Wq...=.......
000077c0: ec 90 d3 c8 87 6d 3f 3f 4e 10 ab 54 b4 4d c0 ad  .....m??N..T.M..
000077d0: 1e e6 05 51 78 01 e4 ec 78 e9 be b5 1e 45 23 b5  ...Qx...x....E#.
000077e0: 0e 2b 40 d9 d5 3b 1e df 32 98 01 70 a3 17 b1 a7  .+@..;..2..p....
000077f0: 5b 90 d0 51 f7 8c 5b d1 ba f0 44 59 bb fc 6e 93  [..Q..[...DY..n.
00007800: f6 da a2 1a 6b 23 88 68 01 d7 87 41 4b 5a 5a 8c  ....k#.h...AKZZ.
00007810: dc d2 a4 ec 21 f4 16 b9 ba 8f c7 0a ba d8 4c 8c  ....!.........L.
00007820: 1f e2 fe dc e2 d3 3b fb 82 da d1 e2 ca 93 bf 6d  ......;........m
00007830: 10 90 da bb a9 9c 88 15 37 8b e1 bf 9f 91 f0 08  ........7.......
00007840: 90 0d c8 28 54 d2 ff e4 cf a3 e9 82 82 37 c3 10  ...(T........7..
00007850: 73 b4 00 fa ee 5a 15 74 81 9d 4e 28 f3 fa 16 45  s....Z.t..N(...E
00007860: 79 3d 33 56 97 83 08 82 4d eb da c6 ad f8 30 36  y=3V....M.....06
00007870: 39 71 69 84 bd 6c 08 d4 a7 d5 07 3e 0d bc d3 e0  9qi..l.....>....
00007880: 96 96 63 8d 4e aa 1f c9 c1 fd 4b 86 52 8a 49 a5  ..c.N.....K.R.I.
00007890: 79 b4 c5 ca c7 c2 52 65 5e f1 8c 2a 9d b3 3e db  y.....Re^..*..>.
000078a0: bf be bb 7b cb 97 8b 02 a6 c3 79 27 cf 29 71 e9  ...{......y'.)q.
000078b0: e8 90 6b b0 79 64 05 bc ee ab c5 55 c4 c8 0f 56  ..k.yd.....U...V
000078c0: 3c 27 84 e9 e4 09 ca 25 fe 55 0d f7 0f bd 6f ac  <'.....%.U....o.
000078d0: be d1 85 45 ae 14 7a 32 7f d9 9b 53 4f 48 c2 0e  ...E..z2...SOH..
000078e0: bb 6a 56 a2 71 b6 82 93 e6 a2 0c 93 f7 e9 3f 30  .jV.q.........?0
000078f0: d5 6f 0c bd 39 b9 28 08 c3 1b 61 a1 71 57 f6 ef  .o..9.(...a.qW..
00007900: 1d c9 12 f7 5c 26 14 7f 31 0b 36 16 5a 01 ac 24  ....\&..1.6.Z..$
00007910: cf fd 2c e6 bc 01 49 f9 73 4f 9b fb a9 ee 47 b1  ..,...I.sO....G.
00007920: 21 90 5f f4 89 b9 75 75 24 84 25 ec c9 91 d7 05  !._...uu$.%.....
00007930: ce b5 18 51 e6 12 c7 a2 9b 2b 60 c8 27 ba 66 8c  ...Q.....+`.'.f.
00007940: 71 a8 9b d5 d7 99 fb ae 49 54 cb c9 a1 dc fa 97  q.......IT......
00007950: 60 6c 0c 15 84 e0 81 55 1c d2 1e 6c fc 25 a0 a1  `l.....U...l.%..
00007960: 0e 15 d6 4f 17 b5 b2 d7 33 f3 b8 78 f4 71 f7 13  ...O....3..x.q..
00007970: 25 e5 14 1b b8 91 f5 37 27 53 fd 61 db 60 7f 64  %......7'S.a.`.d
00007980: 9c a2 b4 4d 5c b7 9c 28 fb c3 bb ab 97 70 19 03  ...M\..(.....p..
00007990: 53 2a c2 64 6b f9 da 9b db 80 cf 4a 48 74 20 de  S*.dk......JHt .
000079a0: 5e 1b 6d 70 00 d5 90 ff cb 58 c9 f9 a7 cb 50 93  ^.mp.....X....P.
000079b0: 87 fd 47 b7 16 12 91 d4 a7 f8 11 be a8 93 b6 11  ..G.............
000079c0: 82 18 7c bd 6f 36 b6 0a 90 6f 85 40 b3 6d 55 55  ..|.o6...o.@.mUU
000079d0: 58 35 93 1a 16 c0 4a 84 e9 76 08 f7 b9 ea 3e 3d  X5....J..v....>=
000079e0: 46 1f e6 20 d0 6b ed a3 8a 5f 6b 5a bd fa c2 23  F.. .k..._kZ...#
000079f0: 21 79 e1 14 17 cf ef 24 4a 70 df ec 7f 09 0c dc  !y.....$Jp......
00007a00: 55 ef 8d 8d 9a a9 a7 52 b7 58 87 f0 27 5e 57 b7  U......R.X..'^W.
00007a10: 74 25 09 85 e5 30 5a 67 d1 e6 fb bc 19 76 cb 4e  t%...0Zg.....v.N
00007a20: 82 99 12 a1 38 74 0d 61 a0 0a af 80 3b f8 12 68  ....8t.a....;..h
00007a30: 8d 52 bf 8c b9 3f 66 0b c4 8a 86 49 65 e1 0a 3c  .R...?f....Ie..<
00007a40: f6 8e 76 88 a5 f8 26 d2 b6 06 56 cd 6b c5 6d 40  ..v...&...V.k.m@
00007a50: d5 03 dc bd 6e 72 9a 2d 31 48 fa be b3 aa 52 f1  ....nr.-1H....R.
00007a60: 6c 3f ee ca 30 54 0a 35 4f cd 8d 30 1b cc d0 d1  l?..0T.5O..0....
00007a70: ac 1d 6c ad 1c 88 78 c7 78 91 ed 2c 7c 2e 98 aa  ..l...x.x..,|...
00007a80: 0e 61 2c a8 5b 1c db b1 46 6f 33 c1 28 75 96 8b  .a,.[...Fo3.(u..
00007a90: 30 24 a1 95 b1 33 f7 02 a7 ff 82 27 f1 fb 6f e4  0$...3.....'..o.
00007aa0: 50 49 63 f4 60 fb fb 99 b9 b6 8a e0 68 b3 d0 6d  PIc.`.......h..m
00007ab0: 63 08 f6 f8 42 48 44 76 bf ef b7 0e 70 05 b2 a3  c...BHDv....p...
00007ac0: 6a f2 7d 8a b5 17 3a c8 6d 98 db 80 8a 51 10 9d  j.}...:.m....Q..
00007ad0: 2d 9d 22 76 a8 b3 a0 e7 47 1f 90 b3 23 19 6f 60  -."v....G...#.o`
00007ae0: 6b 27 be d4 71 e1 e6 14 38 ff 64 af f0 20 45 12  k'..q...8.d.. E.
00007af0: 11 98 e4 41 03 ca 19 f2 a5 52 66 10 84 ea 21 6b  ...A.....Rf...!k
00007b00: 15 da 3d f7 a3 f3 01 76 7f 97 00 b2 e7 a6 cc 2b  ..=....v.......+
00007b10: fb 86 40 19 de bd 93 31 52 9e f1 86 36 a6 44 55  ..@....1R...6.DU
00007b20: 73 16 d7 69 a6 38 93 86 b0 72 f0 a2 96 02 f3 c0  s..i.8...r......
00007b30: d5 49 d6 02 65 4d 56 c9 cf 9e 64 06 04 4f e5 66  .I..eMV...d..O.f
00007b40: 3d 22 01 d4 52 34 d9 ca 79 88 02 8e ba 14 70 8b  ="..R4..y.....p.
00007b50: e7 d8 09 56 de 7f 56 b6 18 79 c5 06 44 b7 ca d5  ...V..V..y..D...
00007b60: c3 81 07 63 d1 67 8a df ff 5c 46 ca 82 0b 8c d8  ...c.g...\F.....
00007b70: bf 0c 6d 99 4a 92 f1 41 f8 ac 7f 7d 3c b3 34 d1  ..m.J..A...}<.4.
00007b80: c2 08 c6 13 95 e5 02 4b 2c c0 0a e2 2f c0 42 d7  .......K,.../.B.
00007b90: ed dc 65 c9 66 42 8e 1f c7 4c 8a 67 42 8b 04 2e  ..e.fB...L.gB...
00007ba0: 93 41 bd a9 11 a6 56 f1 e9 5e d4 64 66 50 df 23  .A....V..^.dfP.#
00007bb0: 8f a8 99 0e 7b 83 65 d9 f4 a8 1b 1d e9 56 92 74  ....{.e......V.t
00007bc0: 95 85 1f f2 da ca 96 6b 87 87 b1 37 05 87 d0 bd  .......k...7....
00007bd0: aa 98 06 c0 ea 0a 22 34 ca b2 b5 df c8 59 69 00  ......"4.....Yi.
00007be0: ff d8 9d a4 0f f2 99 72 74 26 1e fd 0e f7 f3 cd  .......rt&......
00007bf0: bb f6 ef 30 89 5d d0 b9 84 a5 19 e5 1a 44 eb 3e  ...0.].......D.>
00007c00: e5 fa dc c6 80 8c 0d 48 99 0f 43 48 1b 85 39 0f  .......H..CH..9.
00007c10: 32 0e 43 0d bd 6a ea 90 3f a4 2c e6 ee bb 97 cf  2.C..j..?.,.....
00007c20: 00 88 6d 0a 91 77 fe 04 30 92 7a ea 85 74 cf 19  ..m..w..0.z..t..
00007c30: 84 3b ed 04 3d 5b d9 e3 18 be 87 2b 37 30 f0 e3  .;..=[.....+70..
00007c40: 9a 46 b1 60 7f 39 13 2c 99 61 0a fe b7 5c 18 63  .F.`.9.,.a...\.c
00007c50: 1d b8 33 fa 41 a8 26 9a 9c 22 f1 8a d4 49 4e f2  ..3.A.&.."...IN.
00007c60: 99 3f a2 0a 90 d3 db cb 00 8d 8b 69 70 25 e6 58  .?.........ip%.X
00007c70: 0a c4 c6 82 0a 8d 71 ff 06 20 db 3a dc 77 b4 bb  ......q.. .:.w..
00007c80: 43 ac f6 6a 58 8b 76 ac c7 38 86 57 ce 1f 27 84  C..jX.v..8.W..'.
00007c90: db 6b e2 d2 97 11 4f a4 11 14 93 74 30 ac f0 80  .k....O....t0...
00007ca0: 2c 8d e8 b3 a9 40 d7 31 2f f5 3a e0 a7 d1 7b f3  ,....@.1/.:...{.
00007cb0: 38 ac f0 94 c2 08 0b ac e2 c5 95 47 56 f0 63 7f  8..........GV.c.
00007cc0: 63 d0 2e 50 f0 62 d0 34 e7 6c 21 15 29 9f 73 d3  c..P.b.4.l!.).s.
00007cd0: 79 09 0f 61 cf 8e 87 79 a1 e3 b8 1e 1b 5b 6b 93  y..a...y.....[k.
00007ce0: 75 1c 5d b6 07 4a 25 6c cf c5 8c ca 7b 29 6b ee  u.]..J%l....{)k.
00007cf0: 7a 4f f5 52 87 56 ec 87 76 fc a7 f5 a2 64 c5 ca  zO.R.V..v....d..
00007d00: 56 28 d9 09 98 b0 cb de 5d 4e 8b ca 85 2b 05 4a  V(......]N...+.J
00007d10: 6b 9c 9d 6d 51 a5 65 7b a3 e3 c3 aa 6c 13 85 4b  k..mQ.e{....l..K
00007d20: 36 bb a4 58 a8 a9 90 80 31 2c 3b 48 16 ec 1c 97  6..X....1,;H....
00007d30: f0 6b 47 70 2b 93 41 de 2d 96 1d 88 7c a4 7f 05  .kGp+.A.-...|...
00007d40: d5 e7 ec 36 e9 56 9b bb 99 ca c3 e3 76 eb 93 e7  ...6.V......v...
00007d50: 70 25 93 d9 56 0e ce 8d ac be 4e b0 70 e4 83 6d  p%..V.....N.p..m
00007d60: d7 1f 4c 28 b6 a9 5d c6 a7 63 4e 97 90 b2 23 f9  ..L(..]..cN...#.
00007d70: f1 24 49 ae 0f 80 f2 24 e5 77 d8 ba 40 ab 18 9a  .$I....$.w..@...
00007d80: ef a3 e9 12 32 57 b2 eb d7 46 62 b7 37 67 4f 0b  ....2W...Fb.7gO.
00007d90: c0 74 4d 25 a2 0c d5 36 52 8a 46 29 b0 a0 36 be  .tM%...6R.F)..6.
00007da0: 8d df bf 2b 23 b8 ef 55 f1 b6 6c 3a 13 0a 38 df  ...+#..U..l:..8.
00007db0: ab 29 a9 b0 6a a4 5d 40 af e9 f6 58 38 b2 6e 93  .)..j.]@...X8.n.
00007dc0: 0a 3c 2f d1 37 e0 55 21 45 78 56 12 e0 fa 8a 63  .</.7.U!ExV....c
00007dd0: 34 6c 9b 26 e1 43 58 73 aa e0 d9 88 be bc 23 28  4l.&.CXs......#(
00007de0: 4f f8 b8 39 a5 87 ba a6 74 fc 29 82 36 24 fd 8c  O..9....t.).6$..
00007df0: 01 97 19 7f 24 e2 4d e5 b3 ad db 75 31 ed 9e 2f  ....$.M....u1../
00007e00: 10 e4 65 ad 23 43 2f ef 1b 5a 35 6f 7e 93 ac f5  ..e.#C/..Z5o~...
00007e10: 47 4c 51 99 82 f6 24 96 a5 d2 d0 7d 46 30 55 75  GLQ...$....}F0Uu
00007e20: 4b 1a 69 15 60 1b 47 c1 06 4b 91 ce 52 51 57 49  K.i.`.G..K..RQWI
00007e30: bd 05 6e ea bc 50 c0 60 c6 59 1c b7 dc 54 ee cd  ..n..P.`.Y...T..
00007e40: 71 66 81 54 fa cc 61 89 4b d0 9b 3a 9e c4 10 11  qf.T..a.K..:....
00007e50: 13 5f 53 26 ba 8e 31 1f f1 b3 f1 e3 03 40 e6 50  ._S&..1......@.P
00007e60: e4 b3 d4 e0 7d 0d b3 61 c3 37 96 9e d8 eb c9 16  ....}..a.7......
00007e70: 9b bf 99 08 c0 78 4a d6 61 e4 7a 73 0f c3 46 fb  .....xJ.a.zs..F.
00007e80: 25 8f 90 f3 c2 3d 85 5c fc 53 6a de 81 76 14 39  %....=.\.Sj..v.9
00007e90: e1 3e eb da 6a d7 84 f5 98 a5 2a b7 93 83 e6 3e  .>..j.....*....>
00007ea0: fd 4a 4f 2b 55 f7 f2 65 48 4d 91 f6 4b a5 cb f2  .JO+U..eHM..K...
00007eb0: 6f 4d 31 15 cd 6c 82 ac b5 07 97 ad ff 63 9c c5  oM1..l.......c..
00007ec0: d8 bf 3c 3a 01 a8 9c 14 82 b0 10 94 5c 7b 85 3d  ..<:........\{.=
00007ed0: 66 13 3b fd 23 cc 3f 86 c0 7e 01 e5 6c 4e 26 d8  f.;.#.?..~..lN&.
00007ee0: 28 d8 4d 16 ad 81 70 58 95 7e a5 60 be ac a2 5b  (.M...pX.~.`...[
00007ef0: 73 65 b2 b8 60 1b 28 88 da 93 ae e7 cb 7e 61 5c  se..`.(......~a\
00007f00: 95 bc 8d a3 bf 1d f4 35 02 f4 f1 4c c6 6a 78 d9  .......5...L.jx.
00007f10: ae 9d 8c 66 df 99 53 ae 44 bf 77 a9 aa c0 e5 67  ...f..S.D.w....g
00007f20: d6 3d 0c b6 a8 99 53 38 0d ed bb 00 2a cf b7 39  .=....S8....*..9
00007f30: 48 ed 2a 98 9b 04 1f 2c 15 98 00 c7 77 11 ed 5f  H.*....,....w.._
00007f40: 53 aa cd 0a 61 11 38 b8 09 2b 2b 9f c7 7b 27 cb  S...a.8..++..{'.
00007f50: 47 ed e5 94 95 05 1d 1c 4f 1d b8 fa 01 6f 44 dd  G.......O....oD.
00007f60: 42 bb 4d 09 55 a4 9a 9c ac e1 03 e0 ff 1a c8 c0  B.M.U...........
00007f70: 31 42 5d c0 15 39 70 48 6b ed e5 3e 64 11 83 51  1B]..9pHk..>d..Q
00007f80: 0d 9a 82 3d 49 af d5 7f 23 7c 41 a4 97 67 7f d3  ...=I...#|A..g..
00007f90: 3e c9 1a 86 50 e6 82 79 1e 78 36 4f c8 f1 7d 64  >...P..y.x6O..}d
00007fa0: ea a3 6a 24 4a b1 24 16 41 cc bb b4 3e 5f 80 12  ..j$J.$.A...>_..
00007fb0: 92 66 7c f4 2d 8f 21 96 d8 f8 f2 47 61 c1 ee ed  .f|.-.!....Ga...
00007fc0: 64 69 a9 2e 15 ea fe 3a 4a e7 36 c2 7e aa a0 93  di.....:J.6.~...
00007fd0: 6e 5b be 85 cc 1d 8a 65 9b 01 2b 01 68 7c 5d e7  n[.....e..+.h|].
00007fe0: ae 17 58 ca 22 56 29 9a 68 1c b2 86 50 50 44 ca  ..X."V).h...PPD.
00007ff0: 46 52 65 b8 9d 6d e1 c8 6d d9 52 8f 0a 78 58 45  FRe..m..m.R..xXE
00008000: 89 88 44 06 1d 95 e7 9c 44 78 c8 4a 93 9d 49 3b  ..D.....Dx.J..I;
00008010: 22 79 b4 bc cb c5 db 99 52 be 01 92 92 7a b9 c3  "y......R....z..
00008020: 0a 0e 7f 4a f7 a9 33 ab 90 be eb c1 9b cf b9 c6  ...J..3.........
00008030: 7a 9e 79 68 7c 21 8f 60 be fb 93 57 41 7c d6 44  z.yh|!.`...WA|.D
00008040: 8b 7d 03 93 41 43 14 c2 c6 51 0d fc ea 2d c1 f9  .}..AC...Q...-..
00008050: 31 1a 45 10 82 5a 57 29 7b 92 fa cc 0b b7 90 48  1.E..ZW){......H
00008060: a6 3c 8b c0 e7 01 0c c3 c4 49 df db 8e 2b d4 0d  .<.......I...+..
00008070: fc 37 0d a2 8a b9 4d 75 83 ff 74 22 d5 a6 1c 13  .7....Mu..t"....
00008080: a4 a7 07 95 88 e0 6c f8 a3 f2 f3 a9 1c de c8 bd  ......l.........
00008090: e1 3e 43 aa 02 1a 66 68 6d 35 64 ed 5f d0 8c 29  .>C...fhm5d._..)
000080a0: ab 9a 87 5b cb 7c f9 8a b5 2c 9d 4d 47 bc 76 12  ...[.|...,.MG.v.
000080b0: 32 04 c3 41 ab 89 8d fc 70 f9 72 0e 64 5c a3 95  2..A....p.r.d\..
000080c0: 03 3f 8b 19 23 4c 55 cf d7 2c 56 9b 7b 98 94 74  .?..#LU..,V.{..t
000080d0: 6e 2e 3c ef 8e 30 db b4 c3 e0 ce a5 e2 4c 6d 38  n.<..0.......Lm8
000080e0: c8 67 78 ca ff 21 3b b9 93 fd 02 89 b9 89 33 77  .gx..!;.......3w
000080f0: bb eb 1c e8 ed b2 97 c4 c6 ca b9 b6 cc bc 18 34  ...............4
00008100: f4 92 0b ae ae 06 ce 30 bf 52 ad be 63 dc 7c f7  .......0.R..c.|.
00008110: fd ba eb 12 43 8b 77 88 fd 67 89 c2 77 b2 2b 60  ....C.w..g..w.+`
00008120: de 89 93 9e 0c 17 08 16 33 cd 2a 4b 5c 60 2e a6  ........3.*K\`..
00008130: 92 61 80 0b 3a 79 c8 7e 8a 92 3b 1d 6e ae 09 82  .a..:y.~..;.n...
00008140: a7 b1 48 ce 72 44 e5 82 d7 e0 c7 f7 b9 d0 a0 ff  ..H.rD..........
00008150: 06 a6 90 35 31 dd ca 9b ce 79 f8 2a 61 f7 1c 5b  ...51....y.*a..[
00008160: e0 7b d7 0d fb 72 03 18 94 06 e2 94 d0 54 18 ba  .{...r.......T..
00008170: cd 87 cf 12 21 7c 05 ab 45 92 72 6d 5e 32 e5 52  ....!|..E.rm^2.R
00008180: eb 97 6d ca 80 01 e4 b5 1e ec 9d 4e 9a dd 5b 07  ..m........N..[.
00008190: aa 7c e4 7f b6 ba 1c c4 7d 70 3c 4b 7a 16 51 07  .|......}p<Kz.Q.
000081a0: 39 87 7e fc bc 5b d3 36 a6 3c ef 83 32 23 e9 5a  9.~..[.6.<..2#.Z
000081b0: 00 2d e2 d7 20 04 04 94 88 f6 0b 64 e4 53 16 6a  .-.. ......d.S.j
000081c0: b4 77 2c b6 3a e6 42 f3 f8 30 c8 2a 37 be 66 1e  .w,.:.B..0.*7.f.
000081d0: a2 9c c4 5a c5 d3 50 49 02 e1 e5 48 2c ea 8d 7e  ...Z..PI...H,..~
000081e0: 0b 3c 35 7b 30 48 75 a6 f6 db 27 21 e8 b2 3b cd  .<5{0Hu...'!..;.
000081f0: fe 21 ae 34 57 b0 a7 6d 02 5b 90 3b 5b 86 28 f2  .!.4W..m.[.;[.(.
00008200: 5e 4c 55 56 0f 03 5f 4d 1b 09 b0 10 64 51 d7 48  ^LUV.._M....dQ.H
00008210: 5d e5 d6 69 33 3f 4d c7 d4 e0 fb 35 c0 00 16 9a  ]..i3?M....5....
00008220: ef b5 d6 a9 00 e9 1c 25 0f b6 c7 d3 68 a0 69 df  .......%....h.i.
00008230: 90 ff 8d c8 36 d0 27 ab af 9a a6 10 4e 83 ba 31  ....6.'.....N..1
00008240: f9 7e 63 69 27 5a 09 ce 20 8f f5 be 6a 84 63 19  .~ci'Z.. ...j.c.
00008250: e1 c2 0e 8e 10 04 4a 2a 26 47 ca b0 7e 9b 8e 05  ......J*&G..~...
00008260: e2 3f 4a 5b 1c 52 e7 f1 5a b6 ff 9e f0 8b 8b eb  .?J[.R..Z.......
00008270: 9a 0d 60 3f 40 5d 0b 22 3c 94 c4 f7 2a 17 fd c1  ..`?@]."<...*...
00008280: 10 b4 8f 78 4d f5 cf c3 28 89 6b cf 07 1c 7a d6  ...xM...(.k...z.
00008290: e5 c1 50 eb d5 05 5d b4 c2 fc 0e 8d 32 a8 80 dd  ..P...].....2...
000082a0: 7c 8b d0 6d 6e 99 19 cd 5b e5 f6 2c 49 00 09 90  |..mn...[..,I...
000082b0: bc 79 6e 47 f4 87 3f f3 88 04 d2 29 7b 94 02 b2  .ynG..?....){...
000082c0: 02 c5 5c 80 7d d0 2e a3 5f 50 9e 21 62 ed 79 27  ..\.}..._P.!b.y'
000082d0: 07 bd 8b b8 94 c7 9e 3a 6e 61 f3 7e 88 68 cd c0  .......:na.~.h..
000082e0: bc a2 03 14 38 2f 2d bd 7d 75 90 ab 4a 34 f8 8a  ....8/-.}u..J4..
000082f0: 15 cb c6 cd b1 85 4d da 80 43 0f 08 be 77 bf d0  ......M..C...w..
00008300: 8b 12 94 5b 96 5c bc 3b 50 45 0f a1 c2 fd 26 c4  ...[.\.;PE....&.
00008310: c4 8b 97 78 28 e8 7a eb 32 5f 5e 97 14 96 66 a9  ...x(.z.2_^...f.
00008320: 6c 56 d4 a4 53 28 c0 1e 29 b5 0b 61 71 37 8c 4f  lV..S(..)..aq7.O
00008330: 20 f5 93 59 c8 38 d1 63 4c 20 f5 e8 00 da 70 20   ..Y.8.cL ....p 
00008340: 61 35 43 75 ec e2 4d d4 82 da 47 37 5f 6e 35 b0  a5Cu..M...G7_n5.
00008350: 82 a7 a5 ec 84 ea f3 4c 07 de 01 96 3c 98 d9 c7  .......L....<...
00008360: d8 a9 ad df d3 ce f6 2f 62 5f 73 2e c4 df 3c c9  ......./b_s...<.
00008370: 82 f8 d9 b3 32 89 4c 13 36 4e db dd 19 e6 5c 70  ....2.L.6N....\p
00008380: f1 19 2c 40 8f fd d4 de ca 14 86 dd 9f a3 cf ee  ..,@............
00008390: 43 56 f2 e1 08 8d 14 79 23 64 b2 32 45 80 03 87  CV.....y#d.2E...
000083a0: 39 21 5a 64 9d 21 fd a6 e6 f3 01 9d 28 7e 06 ba  9!Zd.!......(~..
000083b0: b2 3d 83 0e 6a 11 81 28 e4 2f ad f9 cc e0 dd dd  .=..j..(./......
000083c0: 8c 9c d9 78 62 3e 74 6f 4d 88 ce b5 05 74 33 48  ...xb>toM....t3H
000083d0: 0d d3 09 5e 4e b1 88 55 c9 14 c9 04 cf de 91 b1  ...^N..U........
000083e0: cb 7f 20 04 52 35 d5 f2 ed 56 f3 92 60 52 08 19  .. .R5...V..`R..
000083f0: 6b 4b f9 dd d0 1b 56 c5 26 fd 6d 3d 7a 46 32 19  kK....V.&.m=zF2.
00008400: 56 bd e2 0e 36 d4 f7 16 ac ca 89 22 84 85 c3 4a  V...6......"...J
00008410: 03 68 58 6d 61 8d 28 f8 7e 4e 1b c1 ac cd 3b 80  .hXma.(.~N....;.
00008420: e1 45 c0 de 9e b3 ee bb 44 4e 1f da 55 9a 48 cb  .E......DN..U.H.
00008430: 59 04 b2 99 dd a9 c9 98 57 b6 e4 04 17 93 22 5b  Y.......W....."[
00008440: ed fd 2b 2e 9f ae ba 17 45 a3 5e 56 1f 5b f5 6d  ..+.....E.^V.[.m
00008450: 49 a2 33 6a 3d 3a 3f 0b 31 04 80 24 1f 61 55 b0  I.3j=:?.1..$.aU.
00008460: 4c 3c e3 65 60 90 b8 46 ce 72 5f 63 6c 6f 24 2f  L<.e`..F.r_clo$/
00008470: 39 7b b0 b4 2e 05 2e c9 25 23 e4 22 fd 03 71 31  9{......%#."..q1
00008480: 06 07 56 a4 5b 36 76 b8 68 55 52 ad a3 10 11 7c  ..V.[6v.hUR....|
00008490: bd 1e 60 9a 06 98 89 3c c3 dd 9c e1 e8 8a 4b d1  ..`....<......K.
000084a0: b7 fe ff 38 b7 02 1f 1e 3e da fd 3c a4 3a 7e 30  ...8....>..<.:~0
000084b0: 70 5e f0 5f 62 e9 cb b0 ff 40 10 b2 4b 19 b2 d2  p^._b....@..K...
000084c0: 56 40 e4 06 a6 dc 91 0c 27 97 6d 5c f6 76 3c 90  V@......'.m\.v<.
000084d0: 87 bf 39 94 73 f8 c0 7e 84 c3 64 a4 fe e9 a3 57  ..9.s..~..d....W
000084e0: 51 ba a7 30 27 59 cd 78 6c 89 71 a6 8b 7f 4e 66  Q..0'Y.xl.q...Nf
000084f0: de fa bb 83 6f e8 52 2a 26 cb f1 2a 6e 12 db 86  ....o.R*&..*n...
00008500: 72 df fb c9 4a 85 a1 bf cb 83 f6 b8 21 83 79 46  r...J.......!.yF
00008510: 63 1e 5c 57 09 ac bf 5b dc 7e 9f 71 11 7c 76 0f  c.\W...[.~.q.|v.
00008520: 01 9d 48 f0 e1 28 02 be a1 16 6a b9 d6 d8 ae 33  ..H..(....j....3
00008530: 05 aa e6 c1 a9 f1 e3 0d 3e 4a 31 4c 23 52 02 a3  ........>J1L#R..
00008540: 70 69 d2 12 33 be a1 17 5e dc 38 03 2c a4 cb 69  pi..3...^.8.,..i
00008550: 42 cb a2 d7 e9 cc 3a a9 40 49 a5 13 87 60 85 c8  B.....:.@I...`..
00008560: 15 74 f9 61 73 ff a1 03 93 61 0f c9 fe 1e 2f fd  .t.as....a..../.
00008570: a6 1c 50 df da 23 eb 28 af e9 04 aa 37 07 f6 08  ..P..#.(....7...
00008580: f9 e7 a2 fc 8d 23 c4 a0 f7 6a a6 2c e5 15 27 d7  .....#...j.,..'.
00008590: e5 10 3c f5 f1 bd ad a6 60 4b 82 91 0c f3 89 77  ..<.....`K.....w
000085a0: fa eb ac 39 f1 d9 76 b5 f6 d3 98 17 52 00 57 fd  ...9..v.....R.W.
000085b0: 4f 5e 94 e2 98 35 13 08 0f d1 a1 b7 d9 83 e7 1a  O^...5..........
000085c0: 43 f8 89 94 ff 13 1f 4c 5b 4a a6 cd 4c 8f 53 c6  C......L[J..L.S.
000085d0: 1b 55 96 07 73 eb 25 be 97 e9 68 d7 36 80 e4 87  .U..s.%...h.6...
000085e0: 3f 8e b9 cd 3f 4e 71 76 79 5b 46 9c d1 7b f7 49  ?...?Nqvy[F..{.I
000085f0: b5 aa ae fd 8b 56 10 ec e6 56 7e 26 cc ba c6 88  .....V...V~&....
00008600: 04 cf 65 88 5d 4a 5c 55 4b 58 73 89 cb 86 66 24  ..e.]J\UKXs...f$
00008610: 34 9b 9d 4b 52 9b 47 3c aa 38 92 5f 01 b5 38 66  4..KR.G<.8._..8f
00008620: ec 15 68 2d 1a 52 83 74 75 b4 45 a3 48 66 af a1  ..h-.R.tu.E.Hf..
00008630: 68 84 90 e7 94 21 c4 d6 fc 2f 49 7b 22 8c 31 93  h....!.../I{".1.
00008640: ea c7 dc c7 46 5f 84 1e 26 e8 e3 4a 27 45 1c 7d  ....F_..&..J'E.}
00008650: 00 a6 fb d1 ce 46 91 08 ce b1 e9 02 d6 b8 2a ce  .....F........*.
00008660: c9 5f 2c 38 75 d3 2e bd 5c 3e 2c da 96 48 55 ab  ._,8u...\>,..HU.
00008670: 7a 8b 13 8c 84 f6 d1 e2 56 a7 ac cf 0e 7c 98 14  z.......V....|..
00008680: 99 84 a7 5b 96 be ba 98 70 f3 0f c3 1d cb 89 d2  ...[....p.......
00008690: c3 ba 0b 7f 4e 42 ca 79 d5 44 44 f0 2b 27 ee 90  ....NB.y.DD.+'..
000086a0: ed 20 81 09 7f 1b 9a aa 8e 69 62 1b db 1c 40 6e  . .......ib...@n
000086b0: 45 57 80 88 01 b2 b1 6f 3f 5e 03 c4 0a 5e 9b b0  EW.....o?^...^..
000086c0: 67 8e f7 79 59 4b c9 98 86 bd 50 ac d3 3c 00 e7  g..yYK....P..<..
000086d0: b8 e3 81 ca 6e 92 f6 c7 6e cc 7c 78 62 da a5 49  ....n...n.|xb..I
000086e0: 0f 93 fb ad 63 f1 63 e4 26 e4 f0 0f 98 19 d5 80  ....c.c.&.......
000086f0: 82 2c ec e1 f0 d9 ea 86 94 47 74 7f a1 ba 75 56  .,.......Gt...uV
00008700: c0 58 c1 bf b4 cb 8a 7c 63 32 a6 5c 5a 17 f9 10  .X.....|c2.\Z...
00008710: ae 5f 68 86 92 86 5a ad 22 ea 77 09 96 b4 52 4d  ._h...Z.".w...RM
00008720: 7c dc bd 13 2d 87 8c 64 fb 0e b0 ee 46 b3 9c 02  |...-..d....F...
00008730: aa da d6 5a 8f 90 f6 80 ae df 49 71 2c 69 af f6  ...Z......Iq,i..
00008740: 08 03 cc d6 46 1a 04 4c b8 e9 51 87 4f 8b 1c 2c  ....F..L..Q.O..,
00008750: 02 a4 d6 62 fb a8 5c 0b 49 1a d3 a8 c4 49 4b 24  ...b..\.I....IK$
00008760: cf fb 4d bb 34 c4 53 20 b3 7a 4a cc b1 f1 df 1e  ..M.4.S .zJ.....
00008770: 88 ba 48 69 3c c8 07 99 56 60 04 2a 6a fe 17 ce  ..Hi<...V`.*j...
00008780: c0 fe 54 ae 4d e4 4e 5a 7e ef e8 4a 1d b1 01 e1  ..T.M.NZ~..J....
00008790: 5c 0d c3 f7 d6 18 10 fb 3e f0 61 c7 c2 74 ca 55  \.......>.a..t.U
000087a0: 94 67 c2 4a 27 78 10 8f 3f a6 b3 d8 fa 78 7e 89  .g.J'x..?....x~.
000087b0: 70 66 cb a5 78 0a dd 3b 17 7a f8 4c 20 7d 38 14  pf..x..;.z.L }8.
000087c0: 06 1a 74 f1 38 f0 35 b7 d9 01 88 22 78 39 2c 04  ..t.8.5...."x9,.
000087d0: 2a 0a 84 d5 9b 3f d6 eb 65 92 bd 94 34 35 ec 18  *....?..e...45..
000087e0: 8e c4 91 a2 a8 9c 88 73 24 9c b6 d5 22 32 c8 0e  .......s$..."2..
000087f0: 88 84 a0 45 3a 84 a0 2a 74 a4 b9 59 bf 82 ad 0f  ...E:..*t..Y....
00008800: dd 64 53 7a 77 5f ab fb 7d 25 a8 3d 98 39 ff f7  .dSzw_..}%.=.9..
00008810: 3c 26 7a 4b 0d 6f e6 07 f6 88 7e 25 5e c7 24 c4  <&zK.o....~%^.$.
00008820: a4 7a 0d be b1 49 97 df 76 8a 99 30 df e6 a5 b6  .z...I..v..0....
00008830: e0 39 dc fe 3c a5 c5 e7 2c ca 6b 17 7b 39 55 2e  .9..<...,.k.{9U.
00008840: f3 65 cb ba f6 49 05 af 46 44 fa 7f 9b 14 fc 12  .e...I..FD......
00008850: 35 27 60 1f 93 15 c8 58 bc 91 88 78 3b 2c 70 a8  5'`....X...x;,p.
00008860: bc d9 38 c6 4a b0 d8 ce 27 47 9e 7f a8 32 b1 79  ..8.J...'G...2.y
00008870: e9 63 42 16 f9 21 40 fa 9f 58 f3 fc 30 9b 7d 0b  .cB..!@..X..0.}.
00008880: 83 ae 6e e2 6c de 06 b1 ec e7 df f4 3c 82 21 a6  ..n.l.......<.!.
00008890: c5 35 af b2 5b 1e 37 9c fa 1c aa 1f fc 30 a0 83  .5..[.7......0..
000088a0: db 9a a4 d6 4e aa 89 8f 93 cd 0a 40 8a c3 1b 82  ....N......@....
000088b0: 95 0e e1 30 6a 03 a2 ba 7b f5 cf 25 01 98 67 06  ...0j...{..%..g.
000088c0: 52 12 51 8e 54 25 92 87 1e 2a 2c bd eb 8e 46 40  R.Q.T%...*,...F@
000088d0: 18 42 90 a0 d3 71 17 6f bb 02 dd a9 48 14 71 3e  .B...q.o....H.q>
000088e0: 4a 72 66 e3 04 01 1f cf 69 f1 31 ca 10 96 7f 58  Jrf.....i.1....X
000088f0: 5b 3f dd e1 69 c7 9c 1a 17 62 e2 18 85 96 9b 67  [?..i....b.....g
00008900: 58 1f 02 e8 d2 ef 8a 38 30 8f 43 56 ba 25 ae 86  X......80.CV.%..
00008910: f4 63 45 43 df 66 52 4a fc d2 b5 d9 79 a6 0f b4  .cEC.fRJ....y...
00008920: 71 60 66 3e 09 6c 1e 38 e1 87 16 8b 99 9a a9 1e  q`f>.l.8........
00008930: ce 3f 6c 6b 6a dd fb a6 68 5a d2 cf b0 25 8a cf  .?lkj...hZ...%..
00008940: 9f ee 04 9f ba 12 0e 16 b1 4c 96 25 9b d1 6f d3  .........L.%..o.
00008950: 61 df e1 8d f3 1c 12 aa 3a fc 80 04 5e c2 94 ee  a.......:...^...
00008960: 17 50 58 34 59 e9 e4 f3 7b 30 15 6c 11 be 94 d0  .PX4Y...{0.l....
00008970: 8b 5a 92 a4 59 5f 16 12 83 16 30 dc c6 8d 9e 39  .Z..Y_....0....9
00008980: 40 fa 71 62 81 0c c7 42 4a f0 b3 fa 49 32 cb 3f  @.qb...BJ...I2.?
00008990: 7a cc 17 bb b9 6b 03 18 f9 32 a7 f9 7c 59 22 50  z....k...2..|Y"P
000089a0: 74 26 70 79 18 66 fd 40 bd ab 76 9b 82 7e 43 3c  t&py.f.@..v..~C<
000089b0: 92 16 cc 0d 02 fc 24 db dd 60 e1 a7 9a 68 8a f0  ......$..`...h..
000089c0: c1 18 8a fb b2 5f f1 87 10 70 7b 0f ce 39 30 55  ....._...p{..90U
000089d0: 4d 83 fd f7 9f c0 d6 3e 6d 2b 15 28 28 19 25 f1  M......>m+.((.%.
000089e0: e2 ab 51 d6 24 eb a2 43 d7 60 13 54 d8 a9 84 3c  ..Q.$..C.`.T...<
000089f0: 44 d1 aa 2e b3 50 fe 93 ab 8e 2e 6b fd ec ce 0d  D....P.....k....
00008a00: 3f 25 c3 62 da 7e 24 39 69 f9 dc 41 a6 4f 49 e2  ?%.b.~$9i..A.OI.
00008a10: 2c 0b b1 d6 f6 ef dc 37 c0 fa 08 2e d8 1f 6c 17  ,......7......l.
00008a20: 5e 99 1f ab 5d 97 61 c8 e8 09 6e 88 bd 82 1b 51  ^...].a...n....Q
00008a30: 56 ca 8d e4 a1 3e 2e b7 5c 00 34 d4 32 b9 78 f8  V....>..\.4.2.x.
00008a40: 7c fc 6a 69 5b 27 6b 97 be 48 ca 5b e7 9c 8c e8  |.ji['k..H.[....
00008a50: a9 7f 5c 45 b4 a1 b1 4d 67 ac 8a 4f d8 83 3b ef  ..\E...Mg..O..;.
00008a60: 7c 46 f3 9d 43 ba b8 59 15 28 f9 5d 09 ef b5 f8  |F..C..Y.(.]....
00008a70: 3b b5 92 07 4b 87 41 e8 e2 d2 db ff 6f fb 44 17  ;...K.A.....o.D.
00008a80: 36 3f b3 9b 1f 5f 3b ed 5b 7f 3c 9b a6 b8 e8 60  6?..._;.[.<....`
00008a90: db 28 fa 80 bb 5c 2b 30 60 a0 19 f3 95 26 5d b0  .(...\+0`....&].
00008aa0: b2 61 21 8e 79 8d 61 ad 11 7e 9e ff 27 df 93 3e  .a!.y.a..~..'..>
00008ab0: bc 08 b7 84 bf 8a 55 5a 2d d8 9b d5 d2 81 63 ba  ......UZ-.....c.
00008ac0: 41 60 59 5c 2a 3d 05 09 c1 e7 55 c9 01 eb 71 cc  A`Y\*=....U...q.
00008ad0: 34 cd ef 70 62 96 d3 f8 4b a4 ff 2f 46 1b 14 36  4..pb...K../F..6
00008ae0: e7 7b e9 9a 14 b5 be 25 ea 9f d3 2b c9 8e 15 8e  .{.....%...+....
00008af0: 8e 8c 2f b2 c5 2b 7c 5f 86 be 4d 0e 79 97 46 e3  ../..+|_..M.y.F.
00008b00: bc db c2 2a 87 38 d0 62 3e 18 7b 02 7e 7f d0 5d  ...*.8.b>.{.~..]
00008b10: 23 55 8c 27 ae eb ff f1 fd 9d 2a 37 8f be a6 54  #U.'......*7...T
00008b20: e1 aa 9e 38 7a 2d 52 e4 61 07 c4 84 e0 45 a5 a4  ...8z-R.a....E..
00008b30: 9d eb d2 56 68 70 8c 63 c9 11 79 e2 d6 f2 11 1d  ...Vhp.c..y.....
00008b40: 75 06 ae e6 d4 e5 b1 04 83 eb 70 76 63 29 9e 21  u.........pvc).!
00008b50: 64 41 10 08 bf d2 8c a8 1f e9 19 fd 73 43 23 49  dA..........sC#I
00008b60: 90 a8 5d 26 e6 fe 9b 59 f4 76 fe 69 12 a9 55 66  ..]&...Y.v.i..Uf
00008b70: 55 53 89 a3 49 77 08 b5 13 88 c4 05 ff fe 56 cc  US..Iw........V.
00008b80: 23 8a ed b6 12 af 5c 10 e9 cf 4f c5 31 4e 76 8c  #.....\...O.1Nv.
00008b90: fa 85 02 ce ef ad 2b ad 19 e5 49 0d e5 67 f1 df  ......+...I..g..
00008ba0: fe 0c 1f fc 92 8b f7 f7 36 e7 8c 4f d8 94 bf 1f  ........6..O....
00008bb0: cb f6 c4 93 7b 91 57 bc 8f 3b c6 ff ce fc 46 73  ....{.W..;....Fs
00008bc0: f8 aa ac 54 ed f0 00 f7 7e 56 3d b6 32 fb 83 8f  ...T....~V=.2...
00008bd0: 4e 60 5a 38 15 d3 69 68 2e 13 2a 70 a3 1b aa 33  N`Z8..ih..*p...3
00008be0: d4 7b 0d 2e a5 c2 4f b6 7b a5 df 53 f8 f9 e0 80  .{....O.{..S....
00008bf0: 4a 09 5a bb f5 7d f1 52 12 72 51 54 c6 cc ba 71  J.Z..}.R.rQT...q
00008c00: ac 9e 93 e6 ae cf 43 4b 51 c3 7d 15 ee 03 fc 27  ......CKQ.}....'
00008c10: 3b d0 6a cd 60 d0 59 84 1c 08 42 0a 61 a4 fe 7d  ;.j.`.Y...B.a..}
00008c20: e9 68 58 c3 3f ab 8f dc 06 ba 26 e3 b2 59 8f 31  .hX.?.....&..Y.1
00008c30: b1 bf 3a 02 60 10 fc b6 7a fb 5b 25 15 83 17 5f  ..:.`...z.[%..._
00008c40: e9 81 8b 5c 86 00 40 b8 d2 4e 3b bc 6f 61 39 9b  ...\..@..N;.oa9.
00008c50: 7f 67 9c 93 d5 98 a9 0a 00 ac 23 00 96 49 03 94  .g........#..I..
00008c60: 37 e2 7e 0d 7e 50 10 7a 2a 50 9a 56 d6 6f d4 47  7.~.~P.z*P.V.o.G
00008c70: 4b 18 69 ed 94 74 97 ce 17 e5 20 ac 7d 7b 2f 9b  K.i..t.... .}{/.
00008c80: 2b ab b7 71 e4 bb 34 14 0b 9c cb 34 a5 ee 6a 35  +..q..4....4..j5
00008c90: e6 6c 0b ce 2d 40 c2 05 95 57 e0 ae e7 85 36 ff  .l..-@...W....6.
00008ca0: a2 0b 98 00 db cc 08 4a 26 6f 7d fa 34 fa c2 19  .......J&o}.4...
00008cb0: 7e 1f 2a a0 5c f8 4d 40 87 c0 8b 91 3f b9 2e 4d  ~.*.\.M@....?..M
00008cc0: 73 c8 24 54 4d d6 bc a7 91 8d c7 98 89 fe ca 4c  s.$TM..........L
00008cd0: 8f fc bd 8d 58 0b cc ef c0 6c 91 82 ef 69 2e 2c  ....X....l...i.,
00008ce0: 1b 4f 67 b9 14 78 a5 fe f4 3e e4 ef 1d 79 b9 d7  .Og..x...>...y..
00008cf0: 0a fc 75 a2 42 7d 0d 33 3b b5 51 92 e7 03 ca a9  ..u.B}.3;.Q.....
00008d00: 55 b0 1f 2a 00 09 da 2a ca 54 15 82 62 df ab 42  U..*...*.T..b..B
00008d10: 45 10 b2 f2 51 1c 92 40 e9 a7 0e e9 91 02 6f 96  E...Q..@......o.
00008d20: db bf df 20 f5 e2 c7 44 25 c9 cf 49 13 df 7b 10  ... ...D%..I..{.
00008d30: ba bd 04 b6 1d a6 76 92 75 0b ff 11 25 98 49 a2  ......v.u...%.I.
00008d40: 02 9b 99 49 9b b1 45 76 ae 77 38 4b 06 68 f5 29  ...I..Ev.w8K.h.)
00008d50: 43 18 24 d4 f2 c9 9d 8a fb 60 bf ea b4 bf e3 83  C.$......`......
00008d60: 65 cd be 65 4d 2f 45 3d 49 8f 57 90 cf 9f 1f 3d  e..eM/E=I.W....=
00008d70: c1 14 e0 2e e9 eb 46 20 1c 95 60 27 c6 57 3c 52  ......F ..`'.W<R
00008d80: 15 84 7d 0a 76 eb 57 3f bb 83 d1 74 cb 8d 56 a2  ..}.v.W?...t..V.
00008d90: a4 c9 c7 8b 1d 86 d0 3d c7 ac ff 82 36 64 d2 11  .......=....6d..
00008da0: a8 0a 7f 5e fb 8b 2c 79 a0 b2 b9 01 fe 67 53 1e  ...^..,y.....gS.
00008db0: cd c5 f5 38 36 9a 6f 5a 77 89 f7 2b da c3 51 75  ...86.oZw..+..Qu
00008dc0: ba 2d aa 2d a9 66 cf 6c ec c7 32 ef 21 d3 e6 82  .-.-.f.l..2.!...
00008dd0: 94 17 ba 43 f2 2d a1 44 eb 28 cc c7 06 cb f9 b0  ...C.-.D.(......
00008de0: 46 95 05 37 97 71 63 b1 f4 ce d5 34 cb f2 5e 44  F..7.qc....4..^D
00008df0: 5a 3d 7f cf 47 0b a8 e9 2f 73 7b 89 52 0c eb d7  Z=..G.../s{.R...
00008e00: 95 9e 8b 6c 85 c3 96 8c 1a ea c7 11 32 25 9f 96  ...l........2%..
00008e10: 24 63 38 a4 14 55 dd 18 59 af 7b 2a a6 06 bb df  $c8..U..Y.{*....
00008e20: 8d 60 12 e8 0b 1f 7f ab cc c2 5f e0 8d a3 aa 4f  .`........_....O
00008e30: 3b 25 8b fb 17 3a 56 e7 bc 6e c0 5b c7 54 65 9e  ;%...:V..n.[.Te.
00008e40: 9a db 0e b2 6f db 86 c6 36 34 9e 12 b2 a1 d2 9c  ....o...64......
00008e50: b7 2c 0f 89 59 24 82 90 7f 06 14 62 8c 11 95 90  .,..Y$.....b....
00008e60: 59 10 78 53 17 fa 59 a8 7c d2 10 89 90 2b 53 0a  Y.xS..Y.|....+S.
00008e70: 1b 28 5e 0c 47 44 85 1f 4d ba cc f3 d8 d9 2b 26  .(^.GD..M.....+&
00008e80: be 0a 2e b8 e9 9b e3 c7 08 55 73 6a 8c e4 2a 38  .........Usj..*8
00008e90: 0f 6e 89 15 14 90 f7 41 1b 82 95 29 6d 11 55 99  .n.....A...)m.U.
00008ea0: f8 46 9b cd 30 ef c8 2a c3 f6 aa 8b b1 7b c2 6d  .F..0..*.....{.m
00008eb0: d5 3f 8a 21 84 a1 ff 51 1a 88 2d a3 a0 0a 8d 1d  .?.!...Q..-.....
00008ec0: 9f 84 15 d6 c6 c2 56 76 49 b9 a3 ed 11 8b 12 4f  ......VvI......O
00008ed0: de 85 ab 13 03 14 e6 a4 30 81 ac ba be 29 a8 f4  ........0....)..
00008ee0: 0a 95 99 f6 32 16 83 f9 ca 94 9a 57 0b 5e d5 e7  ....2......W.^..
00008ef0: 95 8f f0 ff e4 08 ec 31 2a a0 f4 7d 6a c5 d9 a7  .......1*..}j...
00008f00: 9d 39 a8 79 61 fc d8 a1 de ee ed 52 b8 18 2d ac  .9.ya......R..-.
00008f10: aa f2 db dd fe b5 f7 67 b8 10 b0 be 0c b3 12 29  .......g.......)
00008f20: f8 c5 e9 ae 6b 99 7b 94 11 92 c0 5f 14 59 ed 77  ....k.{...._.Y.w
00008f30: c5 a2 da 89 1c 3c 06 5f 86 ef a5 1b ed 5e 40 ea  .....<._.....^@.
00008f40: 9f 86 c3 25 b8 42 0a 58 49 f3 bc 4d 9d 91 00 35  ...%.B.XI..M...5
00008f50: 0b fe 04 b5 ac 50 e9 7a 55 71 a0 ac 2d 1e ca e3  .....P.zUq..-...
00008f60: bb ee c7 aa 87 92 8c 4e a4 35 05 fd 14 bc f0 32  .......N.5.....2
00008f70: 99 05 15 b2 2e 5c c2 9c 64 ff e8 bb a6 9e 7a c1  .....\..d.....z.
00008f80: c0 d9 8c 27 a2 0d 51 d5 92 d9 ab fc e1 83 4e 84  ...'..Q.......N.
00008f90: 16 a2 cf 63 4a ee f2 04 48 80 29 02 dc 67 5f ae  ...cJ...H.)..g_.
00008fa0: fd be 41 d8 8f 55 0e 57 f7 3d b2 20 56 a1 af 17  ..A..U.W.=. V...
00008fb0: 9c c8 9b 7a b8 9d 51 ad 20 04 70 5c 7a 32 1c e0  ...z..Q. .p\z2..
00008fc0: c4 ca 4d 51 a6 3b be 86 75 bc dc 3f 21 1e 5e 24  ..MQ.;..u..?!.^$
00008fd0: 23 76 2a 29 24 27 a6 0e c2 78 1c e1 22 47 8f d3  #v*)$'...x.."G..
00008fe0: 58 ea ae f6 03 07 ce 98 b5 d0 a6 28 c6 9a 10 9b  X..........(....
00008ff0: 22 ad 50 5a bd 3d 13 1d 15 83 7b f4 cf 5c 76 68  ".PZ.=....{..\vh
00009000: 80 6e 87 14 8f 0a 0c 9f 1f b4 dd f5 5d c0 a8 9a  .n..........]...
00009010: 1e c4 e0 5a a2 d5 3b 84 5c c1 55 97 01 5a 0c 96  ...Z..;.\.U..Z..
00009020: b7 3a 38 ac fb 1e 42 27 c5 93 a0 03 72 d3 bc 61  .:8...B'....r..a
00009030: 9d d5 b6 2a aa 8e 43 75 6b a1 4b 32 46 2c 32 46  ...*..Cuk.K2F,2F
00009040: 41 e5 b6 80 53 4d 52 68 d8 a5 35 ed 85 72 52 5a  A...SMRh..5..rRZ
00009050: e2 9e 58 34 09 42 87 73 3e b9 01 f0 4b c7 c7 b2  ..X4.B.s>...K...
00009060: 25 ca 17 3b c7 bb 8f 5d 62 0c 46 76 99 e1 53 c7  %..;...]b.Fv..S.
00009070: 6f e6 fa a6 05 85 c2 38 42 f2 1f 15 c7 94 8b 35  o......8B......5
00009080: 5d e3 8a cb 2a 81 12 a0 f7 67 2d 2f 6f 4c c0 f8  ]...*....g-/oL..
00009090: c3 c5 62 e0 5c a0 5b be b6 f8 75 4f 05 c3 4f 92  ..b.\.[...uO..O.
000090a0: 5e f1 77 bc 38 f2 78 bb d7 9d d1 b6 d0 d4 15 31  ^.w.8.x........1
000090b0: b3 f5 25 69 8a e8 b8 32 8d 76 5c d9 fd 18 ab de  ..%i...2.v\.....
000090c0: 84 76 e6 3b 4c ca 4b 02 e5 13 64 68 1e 04 87 35  .v.;L.K...dh...5
000090d0: 8c bc 1d e9 27 73 5a 16 c6 6c 2b 2e 48 5a af 62  ....'sZ..l+.HZ.b
000090e0: 99 9e 0f 07 a3 2b 75 59 7c 12 f4 24 9e 81 a1 b6  .....+uY|..$....
000090f0: a4 ef df 20 f9 99 0d a8 a2 1a b1 b7 7b fa f2 ef  ... ........{...
00009100: 3a 62 a9 d5 9a 77 a4 3e f5 60 95 d7 6b d6 13 df  :b...w.>.`..k...
00009110: b2 5d c2 10 83 af 18 29 91 a1 f8 24 9e 93 b5 ae  .].....)...$....
00009120: 9f af c9 ba b7 c1 76 2c 60 56 20 3e 2d fd e3 71  ......v,`V >-..q
00009130: 22 f2 ec 83 7b 77 09 b5 38 7c 86 3c 7e 38 69 76  "...{w..8|.<~8iv
00009140: 2c 02 b9 92 e7 56 51 3f 51 93 71 be 2e d7 ae 11  ,....VQ?Q.q.....
00009150: 5d 34 b8 55 89 a5 43 98 78 bc e0 72 a5 19 48 e0  ]4.U..C.x..r..H.
00009160: a1 0c 4e 47 11 28 18 34 e8 96 8a 30 08 2e 6c 22  ..NG.(.4...0..l"
00009170: 40 fd ca f2 14 49 01 0d 8f a5 6f d9 fe ae bf db  @....I....o.....
00009180: 28 57 11 ff c9 c8 86 68 86 0e 7a 56 00 98 59 25  (W.....h..zV..Y%
00009190: ca 4a f1 ca 3c 1f 16 8b ad b2 45 f8 b8 66 a4 92  .J..<.....E..f..
000091a0: 77 39 8f 93 b4 45 12 7e fc a4 d3 49 4f f6 fb 5b  w9...E.~...IO..[
000091b0: da bb 0d ab bf ba 4b 91 13 b1 16 a7 d1 b2 89 37  ......K........7
000091c0: 67 0c 49 56 7d 18 1b 36 c8 8c 54 cb 4f cc 7d ac  g.IV}..6..T.O.}.
000091d0: 5a 8b 03 d1 a9 c9 07 6f c2 cc 69 0a 44 e7 f0 9f  Z......o..i.D...
000091e0: 82 5b 4e 8a 32 8c 10 e2 a5 1b 77 db f2 3a 29 5c  .[N.2.....w..:)\
000091f0: 58 e9 0f 5a 41 16 03 59 20 03 f3 75 6c 4b 73 d5  X..ZA..Y ..ulKs.
00009200: 26 c5 9d d4 38 70 50 70 20 76 f7 c8 dc 1f 51 6d  &...8pPp v....Qm
00009210: 98 b6 15 cd cf e2 2d 61 af 1e 08 88 04 b6 17 7c  ......-a.......|
00009220: e0 91 0b 29 f7 76 4a c0 f2 d9 61 24 28 55 b2 5e  ...).vJ...a$(U.^
00009230: 1e d9 9f d0 92 c6 e1 84 92 1b e0 14 84 36 84 67  .............6.g
00009240: eb 83 45 a6 5d 6b 8a 68 81 a3 a8 f3 8a f9 29 48  ..E.]k.h......)H
00009250: 4d c5 0e d5 5e a5 30 42 30 47 48 a0 4b 7c 11 2e  M...^.0B0GH.K|..
00009260: 4e 58 2e 1e 33 2d 54 84 0a 6e 97 8e c1 fe 0a be  NX..3-T..n......
00009270: f8 23 5f 17 7d 1a 2d b5 47 e1 2c b7 ee ef f6 e7  .#_.}.-.G.,.....
00009280: bf 29 60 86 cf 26 71 5a 44 58 42 5b 2a 69 65 04  .)`..&qZDXB[*ie.
00009290: 13 ec c4 7c ac 7b 4c 04 c9 e4 d8 57 c9 72 6e 50  ...|.{L....W.rnP
000092a0: 34 f2 ab 2c e5 6d 8b 9a 0e 53 de cc 23 29 04 2e  4..,.m...S..#)..
000092b0: e0 d9 3c 01 e4 d0 b5 ee 67 c8 9a bf 80 c3 65 a3  ..<.....g.....e.
000092c0: 2f 7d bc 98 1e 5f 4e de c7 6e e9 f0 b4 0f 2d 1b  /}..._N..n....-.
000092d0: 5e 86 92 e9 39 6d 1e a0 d9 c5 fd 9a 34 29 5e 46  ^...9m......4)^F
000092e0: 78 24 06 ac da 2a cf f2 c9 76 86 25 57 e5 a3 be  x$...*...v.%W...
000092f0: 2f 5a bb e8 4b 92 19 ca b9 68 ae 95 d0 be a1 d2  /Z..K....h......
00009300: 8a 0c 61 a6 e4 78 c1 be a3 76 54 dc a1 53 7c bf  ..a..x...vT..S|.
00009310: 8f e6 77 89 c8 7e 63 64 b4 3e 8a c2 5c 91 ec 75  ..w..~cd.>..\..u
00009320: 94 4b ad 16 1a 5d 02 8c e7 44 ff c9 52 5b 13 75  .K...]...D..R[.u
00009330: 7a f1 0a 33 44 24 43 33 8c e2 1c c4 c8 aa d8 45  z..3D$C3.......E
00009340: ac 65 25 22 f4 73 64 bf dd dd 2b 82 14 7d 55 b5  .e%".sd...+..}U.
00009350: e4 cc 8e af 88 ad 88 f6 a5 1b 19 df 46 87 9a c9  ............F...
00009360: 35 62 6c a7 68 83 04 90 1a 4b 24 c0 57 c4 e6 87  5bl.h....K$.W...
00009370: 60 12 38 3b f5 87 72 0c 68 b5 25 24 91 15 66 cb  `.8;..r.h.%$..f.
00009380: 91 35 fd af af d3 79 e2 2a d9 f0 3b 4d ea 4d 5d  .5....y.*..;M.M]
00009390: 55 1b fb bb b9 e0 e6 7e 2e fd a2 5c 56 19 79 20  U......~...\V.y 
000093a0: 2c 13 69 89 a5 df 12 bc df 72 9d 75 5b e8 c4 08  ,.i......r.u[...
000093b0: bb 45 df 9b 2f a0 56 f7 f2 55 2c 1c 7b 48 d8 73  .E../.V..U,.{H.s
000093c0: 1f 1e b0 f3 60 28 3c f6 0f 9a fa b5 4f cb d1 d2  ....`(<.....O...
000093d0: ec 96 16 08 2c 1e 1b 08 4f b4 76 67 fc 13 44 1c  ....,...O.vg..D.
000093e0: 96 84 cd bf 13 f9 95 e8 f0 7f 48 50 c1 69 bc cf  ..........HP.i..
000093f0: 20 3c d8 c7 a7 92 cb a2 b4 be e3 f9 1e 3a 91 04   <...........:..
00009400: b3 de 14 b6 97 71 aa 7c b9 87 b1 6a db 6e 27 51  .....q.|...j.n'Q
00009410: 15 59 fb 0e 1c a2 86 41 39 44 bb e4 8c c6 fc 50  .Y.....A9D.....P
00009420: b0 60 43 e8 5d 29 d7 7a b5 e3 48 fe ae c0 3c 06  .`C.]).z..H...<.
00009430: e5 df cd a9 fa 4a e1 fb 26 a3 c5 7c 69 fe 7a ef  .....J..&..|i.z.
00009440: ef 18 d5 dc f3 95 ab 4b 1c 4e 2b 74 14 6f 3f 0f  .......K.N+t.o?.
00009450: 8d fa 24 cd 4e 0a 36 8b 95 7f 0a 43 11 84 12 bf  ..$.N.6....C....
00009460: 6c 36 51 08 24 21 c6 88 e0 88 93 f8 ab b3 68 10  l6Q.$!........h.
00009470: 87 22 dc bf 72 2a c9 f4 40 30 ba a0 8d 29 8e 4b  ."..r*..@0...).K
00009480: aa 2d 70 4f 52 92 7f 7a 5b 3c 52 2a b0 e8 4d e1  .-pOR..z[<R*..M.
00009490: 39 5e 5e 10 23 fb a5 9e cb 1b 43 b2 6b 38 2a 9a  9^^.#.....C.k8*.
000094a0: 35 f3 8f 99 87 3c 2a 12 fa 37 f7 b8 04 c6 e5 9d  5....<*..7......
000094b0: 0e ed d3 85 12 1b c0 71 d2 ca ea f8 a3 34 f4 7e  .......q.....4.~
000094c0: f5 e7 4c bf 06 77 63 18 19 db 89 91 fe e6 a4 58  ..L..wc........X
000094d0: 1a 33 f2 44 3d 6c 9c 3e 8e 5b fa 15 f9 22 89 e2  .3.D=l.>.[..."..
000094e0: 10 38 60 d2 3e a2 d6 bc f8 e8 24 bb 20 47 da 0b  .8`.>.....$. G..
000094f0: b0 cf 02 77 39 5d 0c a2 ab c0 93 de db 17 cb af  ...w9]..........
00009500: ee 15 79 be 13 c1 19 45 17 81 9c 89 9d a9 49 5d  ..y....E......I]
00009510: b3 7e f2 af b4 34 20 e5 a5 c9 a8 f8 d5 07 da 90  .~...4 .........
00009520: a0 69 ce 05 69 f0 31 fa ca 72 85 cc 8d 21 ed c5  .i..i.1..r...!..
00009530: 6d fb cf 25 48 a8 fa 39 cc ca a1 24 79 4e 92 bc  m..%H..9...$yN..
00009540: 56 2b d5 65 5e 8e 07 98 ff 82 2a a2 da 05 3e ff  V+.e^.....*...>.
00009550: 46 f7 6e 38 16 f8 68 54 e9 e6 b6 e8 74 51 81 70  F.n8..hT....tQ.p
00009560: 14 36 15 2c 91 60 51 d6 56 a3 43 30 6f aa ec e5  .6.,.`Q.V.C0o...
00009570: 32 be 9d 76 06 58 81 d3 47 27 a8 b4 4c 61 cf b2  2..v.X..G'..La..
00009580: 90 22 d8 21 6d cf 12 eb ba 08 fb 00 c8 9d b4 cd  .".!m...........
00009590: 3c 69 b0 62 20 ff 46 19 96 4a d4 3c 7f bc 78 db  <i.b .F..J.<..x.
000095a0: 60 6c c9 ae 94 d4 4a 2e f4 60 73 f8 d3 d8 d5 c4  `l....J..`s.....
000095b0: fc c4 77 4f 68 b9 ba 1f 57 55 ac d9 38 76 e9 b9  ..wOh...WU..8v..
000095c0: 5f d3 15 46 66 75 7f 96 49 29 42 cd 00 82 23 8d  _..Ffu..I)B...#.
000095d0: 89 4e ea 15 5a 20 cd ba b2 dd 47 82 fe 02 5f 36  .N..Z ....G..._6
000095e0: 67 9d 18 1d e4 d8 0d 6d ad f4 ad 50 b4 95 4c 7a  g......m...P..Lz
000095f0: 4d ac b3 ca 46 72 19 47 d9 e5 73 57 0e 05 a3 df  M...Fr.G..sW....
00009600: 2f ec f5 72 b3 ea c7 4d 58 ef 68 f5 fa 90 f6 6f  /..r...MX.h....o
00009610: 19 c7 d0 84 7a 45 18 86 67 dc 29 7a 4f c2 89 19  ....zE..g.)zO...
00009620: 1b 59 fe 8d 30 65 3d bd 05 23 c9 0b a1 9f 14 28  .Y..0e=..#.....(
00009630: c0 5a fd 62 27 06 7c 2a d3 5a 5a a5 80 1c fc e0  .Z.b'.|*.ZZ.....
00009640: a2 6b db 48 78 73 d4 35 3f fe f3 d1 b9 2e c1 f4  .k.Hxs.5?.......
00009650: 82 f7 08 90 44 bd ed ab 15 79 f2 91 77 ef 6b c5  ....D....y..w.k.
00009660: 54 d9 09 88 20 b0 29 7d ce 77 9a 26 87 ed f9 f3  T... .)}.w.&....
00009670: 57 bf 66 d8 b0 c0 9e 94 15 7d fa cb 12 41 bc 72  W.f......}...A.r
00009680: 68 fe 1b a4 73 64 72 0c a7 52 09 04 59 d5 99 a7  h...sdr..R..Y...
00009690: f3 ef 46 1b b5 f9 1e 56 f9 bd 4e ec ab ca 47 1f  ..F....V..N...G.
000096a0: 5f b3 a2 5c 49 b3 2d d5 f9 8e 7d a8 1c 77 4b 4b  _..\I.-...}..wKK
000096b0: c6 c8 9a 23 8e 3e b6 09 d3 54 5a 9c 08 0b 5f 90  ...#.>...TZ..._.
000096c0: 79 03 7e e6 10 e2 b7 ec 8f 13 fa b5 54 29 34 f2  y.~.........T)4.
000096d0: be 3b 34 27 cc f9 4b 9e 53 5a 2c 97 fd 55 c4 14  .;4'..K.SZ,..U..
000096e0: 18 2b c6 f9 07 38 e0 43 fc d7 b5 05 f9 db bf bc  .+...8.C........
000096f0: 3e 40 fd 2b b0 e5 ab 09 c2 33 2f d9 db c1 f8 f4  >@.+.....3/.....
00009700: 2b 64 5d d5 8a 04 ef 41 87 80 49 82 d1 d3 6d 59  +d]....A..I...mY
00009710: 9d 8f 7b a7 52 02 2a 96 e0 d3 85 50 42 a7 4e 93  ..{.R.*....PB.N.
00009720: d8 81 24 a1 58 59 c8 d7 50 5f 57 7e d8 b0 86 cd  ..$.XY..P_W~....
00009730: 6b 79 70 39 ac de 5a 7a 56 9e 24 51 f7 2a 16 b3  kyp9..ZzV.$Q.*..
00009740: 09 5f b7 25 fb 1b cb 8f f7 83 f9 58 42 93 fd 15  ._.%.......XB...
00009750: ca 67 24 f8 a7 32 42 d7 e8 a2 ef 9c 12 04 c1 09  .g$..2B.........
00009760: 13 5b 87 ff 4a 83 32 0c 1e 0e 30 90 a9 0c 0f 4b  .[..J.2...0....K
00009770: 68 3a 6e af b0 2b 38 db db 24 b7 4d 72 54 a5 ee  h:n..+8..$.MrT..
00009780: 1d 24 c1 68 17 cf 54 ed 76 40 71 b9 82 75 63 38  .$.h..T.v@q..uc8
00009790: 73 19 7e 93 5f 73 d7 48 ab 90 db 78 f5 88 15 da  s.~._s.H...x....
000097a0: b7 88 dc f1 1d bb 6c b6 77 99 ef 82 ec f8 12 ef  ......l.w.......
000097b0: f1 4a 11 65 77 64 d3 a8 1d c8 a2 62 a6 0b 61 9f  .J.ewd.....b..a.
000097c0: 1f 28 15 01 e0 76 98 7c 5e 8c 6b e0 7a 29 aa 2b  .(...v.|^.k.z).+
000097d0: e0 a8 79 9f 0d c9 5c 64 60 71 35 5c 03 92 72 19  ..y...\d`q5\..r.
000097e0: d7 8f 89 9b ca f3 1a ec 1b ea f5 3a 69 a4 b6 6d  ...........:i..m
000097f0: c5 f2 88 20 db 31 b4 45 67 f3 ea a1 e2 a6 6d 40  ... .1.Eg.....m@
00009800: 8c 11 2e d6 ce e1 43 1b bc 38 63 76 b8 1b b3 ed  ......C..8cv....
00009810: 56 b8 2d 1d a0 36 3b dd d9 21 5a bb 2b 79 c6 bb  V.-..6;..!Z.+y..
00009820: b8 c5 a2 bf b3 9a bf a0 f5 31 8d 19 41 f2 1b 99  .........1..A...
00009830: a2 85 32 e6 40 60 c6 7e 58 03 22 24 12 42 7d 0a  ..2.@`.~X."$.B}.
00009840: ad aa 92 30 6e 66 30 c9 50 c3 3d 77 cd 6e 5d 01  ...0nf0.P.=w.n].
00009850: 74 f2 e9 0b 62 1a 17 b4 ac 04 5a d9 41 32 5a cd  t...b.....Z.A2Z.
00009860: 9c 89 17 8c 46 b0 bd 83 b3 79 5d 0e 7c 29 28 5d  ....F....y].|)(]
00009870: 0e 35 f0 24 f5 30 ff 61 3a ad 90 08 8c 96 fc b7  .5.$.0.a:.......
00009880: f3 d6 2b 33 b4 65 4e 12 57 c8 15 f9 36 99 71 1d  ..+3.eN.W...6.q.
00009890: 08 2f 35 2a 91 7a 0e 5e 61 aa 69 78 31 32 11 e8  ./5*.z.^a.ix12..
000098a0: 57 ad eb 7d 75 15 0a 3e 20 fc fc e6 fa f4 08 aa  W..}u..> .......
000098b0: e6 60 e0 c9 38 93 3c 5d 71 88 da 08 07 f8 ac 0e  .`..8.<]q.......
000098c0: 07 5b c0 44 1e 1f 27 44 10 37 fb 6a 70 be 4a 5f  .[.D..'D.7.jp.J_
000098d0: 2f 29 4a 2d 3d 03 35 ba fa 22 d7 25 e3 11 95 af  /)J-=.5..".%....
000098e0: 8b b8 81 55 5d 6f d4 b1 a6 ce b0 ac 2d 73 f0 4a  ...U]o......-s.J
000098f0: 5f 2e 17 0e 6a 6b cf d3 61 7b 59 4f 32 f8 24 b9  _...jk..a{YO2.$.
00009900: 1a 56 cf 4c 64 e8 fe e5 21 48 db 7d d1 4f fa cf  .V.Ld...!H.}.O..
00009910: 0d 48 c1 97 5b 65 17 91 e3 e5 17 25 99 ce 50 68  .H..[e.....%..Ph
00009920: 1f 71 de 3d af 46 28 d5 58 ed 07 3d 06 ec 7f 77  .q.=.F(.X..=...w
00009930: e5 88 b7 9c e1 9b 13 7c 73 7c 58 7f bb 71 c5 53  .......|s|X..q.S
00009940: 09 03 2b 82 ee be f6 01 58 74 bc 9e 1a 60 60 69  ..+.....Xt...``i
00009950: 63 53 0c 9e 2e 85 65 95 f6 b1 bc bf 68 31 ed ae  cS....e.....h1..
00009960: ed 6b 4f 85 ef ef b6 ad fa c5 dc 35 11 ee 16 c2  .kO........5....
00009970: 60 70 ba d2 f3 e2 53 61 76 06 9f cd 17 72 15 4c  `p....Sav....r.L
00009980: e3 d1 a5 43 fa c6 7d cd c7 43 60 13 ed e7 af 5c  ...C..}..C`....\
00009990: 55 b2 5a c4 40 1b 56 a1 fe 16 e0 fd d0 62 75 53  U.Z.@.V......buS
000099a0: 35 f3 12 19 a4 d5 9c c2 b4 be 0a d1 d7 5d f7 f9  5............]..
000099b0: 31 6d e5 75 04 28 66 8b d2 59 97 61 5b b8 b7 13  1m.u.(f..Y.a[...
000099c0: f9 1c b1 14 1f 7d ba 44 6d 63 18 13 54 a6 8f 19  .....}.Dmc..T...
000099d0: 10 07 7e 4e 69 be d2 de 00 39 1b e6 1b bd b9 e8  ..~Ni....9......
000099e0: b2 fe 48 b9 6e 3b 27 bb d6 6e f7 fe 7e 56 78 5b  ..H.n;'..n..~Vx[
000099f0: b1 53 52 37 ed ec ef f0 2d 35 4f 94 18 83 16 9a  .SR7....-5O.....
00009a00: c2 ce 9b 7c b0 ec 26 dd 81 2e c7 82 bb 9c af f7  ...|..&.........
00009a10: ac 25 72 80 2c d6 eb b7 6d aa c4 47 87 4d 21 17  .%r.,...m..G.M!.
00009a20: 28 5b 03 53 22 1f b9 13 b8 1c 56 2a 4c 5b de ca  ([.S".....V*L[..
00009a30: 3a 67 c9 ca a2 1f 2c d5 b9 d1 25 67 e6 9a 15 87  :g....,...%g....
00009a40: 0f c0 ae 85 3e 00 e5 d1 36 55 80 f2 63 b0 58 1e  ....>...6U..c.X.
00009a50: c7 76 7f 4f 84 9f 34 89 70 72 c8 01 03 cd d0 8e  .v.O..4.pr......
00009a60: 5b bf 82 1a f9 b6 7a 5a 41 a7 e5 97 ce b6 6c 59  [.....zZA.....lY
00009a70: 8f fa eb d8 af 80 73 17 a1 ec c5 65 c6 2b ac 52  ......s....e.+.R
00009a80: d6 6e 22 06 1a 8b eb 67 6a 7b 11 4d e2 36 a9 35  .n"....gj{.M.6.5
00009a90: 06 63 e3 72 1d 04 7d c2 b9 22 2f 10 45 3b da bf  .c.r..}.."/.E;..
00009aa0: df 91 97 be bc 05 92 1b d5 de 1e 2a 6d 39 3e 76  ...........*m9>v
00009ab0: 72 3a 81 dc 32 9a 8b 1f 4a 50 84 38 b1 24 80 54  r:..2...JP.8.$.T
00009ac0: f4 7b 32 b3 0a 58 d6 13 f6 f3 33 20 65 ad 9c cd  .{2..X....3 e...
00009ad0: 52 f1 34 38 1c f3 55 f6 8a c8 df 8a 91 ff b0 5c  R.48..U........\
00009ae0: 9d d2 c8 58 19 36 c0 57 d5 d8 2c 25 95 06 11 9a  ...X.6.W..,%....
00009af0: c5 e3 ce 8c e4 03 39 46 ff 36 4d 42 10 b9 ec c8  ......9F.6MB....
00009b00: 60 99 ac d2 58 65 e3 6a e0 80 2e 0d 16 61 81 14  `...Xe.j.....a..
00009b10: 33 0f c9 17 fb f6 d8 01 f3 8e 88 fc 4b a4 8d d9  3...........K...
00009b20: 7a b2 f7 d1 8e 6a 30 b7 81 f8 cb 2b 83 7e 27 d9  z....j0....+.~'.
00009b30: 3a 74 a2 4d 08 74 28 a2 0a 6b 43 a2 cb 42 6a c5  :t.M.t(..kC..Bj.
00009b40: 91 35 c0 21 ba 0d 5b 55 e5 bc 80 0f f9 73 2d ec  .5.!..[U.....s-.
00009b50: 9c 23 b5 94 d6 42 9c 6b ce 28 82 fb 37 80 8c 70  .#...B.k.(..7..p
00009b60: 2c d5 54 0c 96 9a b1 5f 7b 31 5e 6c 67 87 1d 4d  ,.T...._{1^lg..M
00009b70: 8a d3 a1 0c ac 91 5c 12 8a 22 52 80 41 fc 2b e2  ......\.."R.A.+.
00009b80: 47 6b 4a aa fd 07 c5 57 0e 53 d0 0a 9f 7f 02 0e  GkJ....W.S......
00009b90: f5 15 91 20 79 af 18 8e 71 18 fa a4 33 97 f2 f9  ... y...q...3...
00009ba0: 2f c6 4c f3 b7 8f b8 03 71 5a 55 6b 81 80 f6 1a  /.L.....qZUk....
00009bb0: 4e 70 3c 37 4e 1c e9 53 ab 7b f5 7c 45 75 70 ee  Np<7N..S.{.|Eup.
00009bc0: d9 28 de c9 cd 4e cb ff ec ef aa 6c 56 6f 81 48  .(...N.....lVo.H
00009bd0: 47 76 66 4b c1 37 42 e4 31 30 0a 24 b0 f0 07 19  GvfK.7B.10.$....
00009be0: d2 da 1c 53 e4 ff 8b 23 4a e6 82 53 aa 55 af c4  ...S...#J..S.U..
00009bf0: 69 4d ec ac f8 3a e6 6e 38 68 90 e9 a5 05 42 5a  iM...:.n8h....BZ
00009c00: e4 61 2f 63 46 c7 6c cf 0a 9e 93 de 58 a4 db 89  .a/cF.l.....X...
00009c10: cb 26 74 1a 94 f2 67 e7 1f c7 09 de 42 ec f3 85  .&t...g.....B...
00009c20: fc 46 16 1a d6 2d 4c 91 a7 fb 14 cd ef 20 fc cc  .F...-L...... ..
00009c30: 31 8f 83 9e f6 92 8a d3 16 5c 64 1c 0e 40 66 e0  1........\d..@f.
00009c40: da 4f 6b 17 41 a0 c3 59 87 a1 72 2a 2f b3 74 06  .Ok.A..Y..r*/.t.
00009c50: 7b c0 3c 79 59 ec 35 b8 33 8c 93 d7 62 99 41 9c  {.<yY.5.3...b.A.
00009c60: 12 c1 96 1f 38 2a 97 42 60 35 4a 44 6a bb c2 43  ....8*.B`5JDj..C
00009c70: 5a 76 08 48 9e 7a 32 c2 77 25 b9 cf f7 07 a9 09  Zv.H.z2.w%......
00009c80: 14 51 26 31 d6 60 79 dd c3 e2 5d f9 40 c5 66 74  .Q&1.`y...].@.ft
00009c90: 58 50 d2 2f be d2 11 4b 1f e1 84 cf 69 d5 50 da  XP./...K....i.P.
00009ca0: 6a fd a6 51 73 a1 a3 19 c0 7d 2a 4b 23 d8 aa ac  j..Qs....}*K#...
00009cb0: b7 7e 72 11 27 bf fd e1 08 12 8a cf 83 da d4 25  .~r.'..........%
00009cc0: 54 32 a2 cf c7 33 0b 11 99 8c 66 c9 4a c7 a6 75  T2...3....f.J..u
00009cd0: 31 18 db 5c 8f 27 3f 38 36 22 f6 e1 5c f9 f2 9a  1..\.'?86"..\...
00009ce0: a1 90 48 5f a6 fa af c1 d5 e7 1d 4e 2b fa 34 71  ..H_.......N+.4q
00009cf0: e7 41 ca 0f c5 29 7a 58 9b 5f c6 6d b0 fb 7b ca  .A...)zX._.m..{.
00009d00: f2 91 d1 d9 41 96 64 c4 82 4c 2b 16 73 22 fe 31  ....A.d..L+.s".1
00009d10: ec 11 e7 e4 90 ca c1 ab f8 e8 71 ed 2d 7a 23 22  ..........q.-z#"
00009d20: f3 67 74 e9 ba 92 d6 05 cd 47 29 50 cb aa 08 97  .gt......G)P....
00009d30: 10 1b bc d3 81 37 b9 ac 9b 81 67 62 22 5c 17 f8  .....7....gb"\..
00009d40: 5a 93 0a d0 97 f1 dd 36 d7 3b be 50 9c fe 82 e2  Z......6.;.P....
00009d50: d6 20 9c 6e fc 89 42 d3 db 45 7d fc 61 ee f8 9a  . .n..B..E}.a...
00009d60: 68 6c d0 0e 88 7e ea bc 51 16 b8 08 b6 b1 28 f3  hl...~..Q.....(.
00009d70: 71 7f 51 5e 39 70 2f 7d 02 c2 cc 83 ac bd b7 49  q.Q^9p/}.......I
00009d80: 62 a8 6a f4 5e 07 02 04 e6 c7 d4 16 e1 38 0a 92  b.j.^........8..
00009d90: 26 02 16 b6 25 9f ba 46 b9 e8 d0 c8 9b bd a4 f1  &...%..F........
00009da0: 17 cf 1a f4 6d d0 d0 b9 f2 90 2b 74 e9 db 58 b6  ....m.....+t..X.
00009db0: 5d 53 58 bf 6e 5f 05 50 e1 4c 09 70 75 65 f0 4f  ]SX.n_.P.L.pue.O
00009dc0: a3 73 c8 cf c7 c0 86 ca 67 a8 5c 55 2e f6 96 fc  .s......g.\U....
00009dd0: 91 41 e2 b2 9e ca 62 30 58 9c 92 c9 81 fa 22 d0  .A....b0X.....".
00009de0: 66 2d 39 a8 0d 79 ce 45 67 a2 74 71 c1 1d 9a 39  f-9..y.Eg.tq...9
00009df0: 89 37 8c 92 42 b5 df 26 5f 5a 7e d9 3a 52 7d 31  .7..B..&_Z~.:R}1
00009e00: 88 04 0d 3e f5 b6 0e 2c 66 46 b8 ce bb d0 2a 90  ...>...,fF....*.
00009e10: 2a a2 e5 45 0f d5 4c 57 36 ba 93 4d 9f c6 84 e4  *..E..LW6..M....
00009e20: 60 3f 17 62 b1 a7 13 03 e6 1c b3 36 84 d7 02 89  `?.b.......6....
00009e30: e5 3e 4e d8 b6 65 c4 12 93 30 15 25 3a 86 d8 a7  .>N..e...0.%:...
00009e40: 4f 41 6d d5 3e 0c 64 b9 0e f9 3e 71 ea 95 a7 5a  OAm.>.d...>q...Z
00009e50: 66 dc 1d 87 58 bd 15 13 b9 c1 86 b7 ad c3 1c 7e  f...X..........~
00009e60: 41 7b 05 58 1d e5 90 11 6a ac 4b 03 c7 33 c4 3d  A{.X....j.K..3.=
00009e70: e7 41 26 64 61 d7 76 15 8d 45 22 a6 5f 97 13 19  .A&da.v..E"._...
00009e80: 76 95 fc dd 80 8e 51 94 04 5b 4e 51 81 09 21 76  v.....Q..[NQ..!v
00009e90: 2b 3f fa b9 36 2d 76 98 73 fe bc 3c c9 c6 6e e3  +?..6-v.s..<..n.
00009ea0: 11 bf 53 81 98 86 f2 30 da c4 87 75 90 25 f6 e7  ..S....0...u.%..
00009eb0: 24 a2 38 c4 47 e5 0c 71 83 7e 69 60 0f ea 2b cd  $.8.G..q.~i`..+.
00009ec0: 7a 4a 0d 42 c7 6e 6f 14 1b 60 00 38 d7 e5 ce c1  zJ.B.no..`.8....
00009ed0: b8 a5 a0 c0 42 9e 29 82 8b df a5 c3 db 69 ed 62  ....B.)......i.b
00009ee0: 21 16 2f e5 3a 96 13 25 00 e5 8e 0a b9 c8 92 44  !./.:..%.......D
00009ef0: 2c 61 ea 44 74 6e c0 28 7a a4 81 0b 64 98 84 30  ,a.Dtn.(z...d..0
00009f00: 6b fb 7c 61 2b 00 93 37 84 0c b1 80 7e ab e2 ee  k.|a+..7....~...
00009f10: e7 18 6c c4 ed 7e f0 fb d3 e8 ca e1 5a 40 2d 33  ..l..~......Z@-3
00009f20: 34 91 6a a5 3f 48 7e 90 80 cc bd c0 05 c4 10 27  4.j.?H~........'
00009f30: 57 bd 82 1f 9a ae f8 8e a6 43 6c fc 12 f1 ac b4  W........Cl.....
00009f40: f4 92 ff 82 25 7c e6 99 c0 6d 1e 00 10 3c 30 ba  ....%|...m...<0.
00009f50: 9f fe 97 12 4a ec e9 82 e3 7e 61 c2 f4 24 a5 44  ....J....~a..$.D
00009f60: d2 d0 e9 aa be 12 0b 86 4e 87 24 37 49 7e 84 d7  ........N.$7I~..
00009f70: 1e f2 69 e9 e9 47 0b 27 dc 03 18 ba 9c f5 15 d4  ..i..G.'........
00009f80: 49 a2 cc 01 80 2a 48 0d 30 17 f5 21 07 68 fd 27  I....*H.0..!.h.'
00009f90: 7e af 30 55 37 76 f0 1c 24 b9 56 d9 3f e8 90 28  ~.0U7v..$.V.?..(
00009fa0: d3 2a 9d 30 1d 31 3f 19 94 7e b1 2d 4a 11 be b7  .*.0.1?..~.-J...
00009fb0: dc cc f1 64 ed 01 f9 ce 4f 67 ad 5e 45 53 8c 6a  ...d....Og.^ES.j
00009fc0: 14 50 c5 cd ab c7 86 62 07 80 db bd 67 a3 ed 95  .P.....b....g...
00009fd0: 39 ef e2 1d 3b 90 f6 1d 80 4f f0 18 ea db 92 c3  9...;....O......
00009fe0: 86 29 00 83 15 28 79 0e 39 d0 16 a8 02 8c 40 0a  .)...(y.9.....@.
00009ff0: d2 0a f4 25 ec 37 ce 8f 89 fb 07 6b 75 47 f5 fa  ...%.7.....kuG..
0000a000: 72 b8 6c 49 23 10 d2 0d 38 12 39 1d 82 fe dd 03  r.lI#...8.9.....
0000a010: df 54 6d 24 a3 07 52 3f 3f 6f 74 3f 4b e7 05 11  .Tm$..R??ot?K...
0000a020: d1 8f 39 04 0a f7 46 f4 f5 f5 a6 1e 70 3e 69 d8  ..9...F.....p>i.
0000a030: d8 6b 20 87 71 a5 38 fb 9c 58 02 8f 5f 0d 2c b0  .k .q.8..X.._.,.
0000a040: c7 35 c2 d9 2b b8 dc e1 a8 eb 38 10 4b 66 e2 42  .5..+.....8.Kf.B
0000a050: 6c cc d7 e2 43 b1 d0 4b 2f c7 48 cb 8c f2 74 ec  l...C..K/.H...t.
0000a060: cc 2a f6 77 af 8e b2 84 9f 30 59 37 02 1a d7 55  .*.w.....0Y7...U
0000a070: bf 08 ae ee 24 c8 f2 e1 98 ca 1f b5 b5 4e 20 e3  ....$........N .
0000a080: 23 ce 7d 28 9e f4 f5 80 6d ef 5b 37 b1 ce ac 93  #.}(....m.[7....
0000a090: 03 e4 bd 4f 4c 7f 7a bb cc f7 08 32 e8 80 00 33  ...OL.z....2...3
0000a0a0: 1e 94 d2 a0 d2 42 8b 68 ff 42 0b 60 fb 34 5c 18  .....B.h.B.`.4\.
0000a0b0: 86 8a a9 fb 44 e6 4f 02 13 8a b8 37 fc 5f 7a 8b  ....D.O....7._z.
0000a0c0: ab 22 23 33 0f ab c1 67 0e 0e 4e 8a 44 97 a9 f7  ."#3...g..N.D...
0000a0d0: 12 56 bc d1 cc a4 c3 17 11 51 b5 64 c3 85 11 0d  .V.......Q.d....
0000a0e0: 76 ff 5f 5b 62 92 16 bb 43 85 0e cb 19 c9 87 fd  v._[b...C.......
0000a0f0: a1 f0 c2 bc 76 c9 e0 a3 95 3d 82 f4 32 2f b1 fe  ....v....=..2/..
0000a100: 36 a4 8d ee d9 e8 e2 f2 c8 af 40 ed eb 76 c5 a2  6.........@..v..
0000a110: 6b 76 f5 85 61 ca e6 1c eb da c1 15 c6 6c b8 17  kv..a........l..
0000a120: f5 4d 88 14 e4 02 a7 39 cb 7a db e0 ec 0d 70 ae  .M.....9.z....p.
0000a130: 7b ba af d2 85 5b cf 12 c7 60 cf 09 38 a3 c0 b3  {....[...`..8...
0000a140: 24 29 79 67 4f 91 da 01 73 8c e4 ed 38 56 7e d7  $)ygO...s...8V~.
0000a150: 40 82 25 d6 22 dd b7 0f d8 b9 78 af 98 d8 2b 89  @.%.".....x...+.
0000a160: 6e ba 23 a3 52 a3 63 a6 61 e6 22 96 88 56 29 ab  n.#.R.c.a."..V).
0000a170: 5c 14 cb b4 a6 28 7c ca 09 45 e3 8c 15 1c 28 38  \....(|..E....(8
0000a180: ce ce 25 9d 76 e7 14 9b bd c9 b2 0f 62 cd 35 e8  ..%.v.......b.5.
0000a190: 35 f0 ec a5 e8 45 63 38 70 73 35 34 81 b6 d2 20  5....Ec8ps54... 
0000a1a0: b3 53 f1 80 3c c4 30 0b c9 d1 65 09 83 ff dc 5c  .S..<.0...e....\
0000a1b0: a0 70 5a 8d a2 34 e1 01 2f e5 f5 3b 52 90 dd 8e  .pZ..4../..;R...
0000a1c0: 4d 7d 67 e1 bc 30 66 a7 ca 57 7f dd ff f9 d9 5f  M}g..0f..W....._
0000a1d0: e6 84 21 20 0d aa 8c 62 6a 22 c0 9b 5f b0 b4 db  ..! ...bj".._...
0000a1e0: 10 04 1b 8e 17 d4 5f ba ee df 09 38 e2 61 2b 98  ......_....8.a+.
0000a1f0: 2c f0 ae e8 fe 58 be 42 80 44 32 f1 02 0a 9b b9  ,....X.B.D2.....
0000a200: 03 8a 03 ce 96 30 0d 81 11 28 eb c7 8b 0b 43 c6  .....0...(....C.
0000a210: 56 7a 61 36 35 94 c6 9d 8f c4 30 1a f7 bd 8b c4  Vza65.....0.....
0000a220: e5 fd 2c 73 91 e5 57 dd e3 e8 1a 8a a0 c6 38 04  ..,s..W.......8.
0000a230: b9 fe f4 3f 40 28 12 f4 31 30 16 37 24 3c 95 e7  ...?@(..10.7$<..
0000a240: a9 74 7d f3 0c ce c5 2b 02 c8 9f a3 44 03 6e df  .t}....+....D.n.
0000a250: 36 55 a1 8a 4d e0 72 68 17 59 28 62 b5 ab 3c 81  6U..M.rh.Y(b..<.
0000a260: 32 50 3e ec 4b 92 d2 75 2c cd 28 75 da 7c 1f bb  2P>.K..u,.(u.|..
0000a270: 05 31 eb 23 57 c5 36 b6 eb d0 ee 42 d0 ba 17 37  .1.#W.6....B...7
0000a280: ca 24 6f 1e 56 94 40 88 37 19 ea 82 cc bc 8e 60  .$o.V.@.7......`
0000a290: 63 22 70 8b a9 fc 3f 2c a3 1a 3e 5a ec 60 9f 24  c"p...?,..>Z.`.$
0000a2a0: 29 43 d3 1d e8 e8 cc 7d 08 ee af 95 cf 53 36 66  )C.....}.....S6f
0000a2b0: 7a 99 1d 34 2a 42 6f bf 94 0a 41 cc ea cd b6 bd  z..4*Bo...A.....
0000a2c0: c1 ab bc 73 16 50 b5 1c 4c 5a a2 c6 ed 76 7e 6a  ...s.P..LZ...v~j
0000a2d0: e9 6d 9f 3a a3 6c 72 82 60 7c f7 aa 7f 9f e3 ad  .m.:.lr.`|......
0000a2e0: 29 79 73 1d 24 9e fb 4f 4d 19 78 d2 2a 9a a3 5c  )ys.$..OM.x.*..\
0000a2f0: 58 35 ec fd 3e f3 02 3f 65 09 bc ea ab 5b 79 91  X5..>..?e....[y.
0000a300: 97 43 cd 65 66 71 fc 91 3f 74 c6 66 fc 91 bf e9  .C.efq..?t.f....
0000a310: 75 bd 01 27 d1 a2 38 49 3b 60 8d f5 5f ea 5e ac  u..'..8I;`.._.^.
0000a320: e3 30 d0 cc 36 a8 f0 e0 40 d4 3a 67 ed 0b c9 b7  .0..6...@.:g....
0000a330: bb 0c 61 0b 60 8a 6c b7 53 aa f2 d5 c0 6e e8 af  ..a.`.l.S....n..
0000a340: 0b f3 3c cd bd a6 7d 63 ec 86 1e 9e 2f ef 47 78  ..<...}c..../.Gx
0000a350: 5f c8 50 35 cb 7d 38 88 2f 88 6a 14 6e fa 5a 95  _.P5.}8./.j.n.Z.
0000a360: 93 a0 d4 69 12 a6 f6 32 f9 d8 61 ce d1 78 69 a8  ...i...2..a..xi.
0000a370: d8 14 e4 13 9b fd 66 41 6a 80 6e 1e 1e 8d 92 f0  ......fAj.n.....
0000a380: 49 71 e8 1b d7 68 1c 4a d2 08 1b 6d bc 13 c6 11  Iq...h.J...m....
0000a390: d8 be 31 dc 90 c2 05 a8 37 dd 6f b6 7e 5c 7e c2  ..1.....7.o.~\~.
0000a3a0: 16 9a 8f 97 fd af c6 bd 2e 7b 27 a4 c1 7b 4d 0d  .........{'..{M.
0000a3b0: 27 cb 39 d4 36 97 62 96 95 1a cc c9 ec 7b 2b 10  '.9.6.b......{+.
0000a3c0: 14 0e 72 40 cf 97 e6 d4 b2 b4 2a d5 f1 90 0a 01  ..r@......*.....
0000a3d0: 7b b7 11 14 4e 86 45 e7 75 a5 13 4c 65 dd 5b 71  {...N.E.u..Le.[q
0000a3e0: 9a a7 9f 64 19 da c9 9a 13 9c 99 91 e4 34 91 8a  ...d.........4..
0000a3f0: e1 96 35 6d a1 a1 eb bf 95 84 8c 2a ae 9e 81 6a  ..5m.......*...j
0000a400: e8 8a b0 2a 21 9d 15 0d 35 12 54 ef 41 aa b0 9d  ...*!...5.T.A...
0000a410: a6 10 88 9f 81 c8 78 e0 2b f3 dc ed 34 e5 ff c1  ......x.+...4...
0000a420: e3 9c 81 ff cf ec 3a bb fd 1c c3 9d eb d3 9f 4b  ......:........K
0000a430: 17 71 7d 27 fc 5c 3e fe 5e a9 fd 4f 2b 5b 29 5b  .q}'.\>.^..O+[)[
0000a440: b3 f1 43 f1 7d 34 65 4e 2a b3 ad fe 3c 3c 72 0f  ..C.}4eN*...<<r.
0000a450: b2 5d f4 44 b5 94 73 fa 9f dd ba fc 01 c9 1f 83  .].D..s.........
0000a460: 1b 5a b1 b2 37 c7 92 41 23 c3 c0 29 5d b1 39 1a  .Z..7..A#..)].9.
0000a470: 0e 68 96 3a 36 4c 22 bd 2f b1 0e 05 bb 45 4c 04  .h.:6L"./....EL.
0000a480: ab d7 c4 f5 7c e9 23 91 ae ce 16 fc c5 34 75 80  ....|.#......4u.
0000a490: 3f 74 e3 67 18 fb c9 25 ae da 9f d8 b4 64 73 4a  ?t.g...%.....dsJ
0000a4a0: 28 37 ab da ab 7b 7e bc 02 17 f1 66 10 02 b6 82  (7...{~....f....
0000a4b0: db 1c 18 c6 58 7b 65 32 48 90 a5 19 54 18 7d 20  ....X{e2H...T.} 
0000a4c0: d8 ec 64 a4 9a f1 c3 6b 62 a4 4c 36 e0 94 df e7  ..d....kb.L6....
0000a4d0: 4c af 6f 16 6c 60 db b1 ad ab a2 89 0a f8 b2 68  L.o.l`.........h
0000a4e0: c7 a7 27 b7 3a 48 9c 6c bb a7 07 d0 28 6a 16 0d  ..'.:H.l....(j..
0000a4f0: 3c ad 3a cf 0f 90 e2 e0 d8 d2 bc c4 05 a6 02 de  <.:.............
0000a500: 85 f3 fe 56 f5 b3 30 f7 5b aa 8e 9f 94 61 01 f4  ...V..0.[....a..
0000a510: 49 16 9e 2d 40 cb 8d bf fb 9e 76 d0 d7 78 19 83  I..-@.....v..x..
0000a520: b1 15 32 91 7f 7f 45 98 d7 2d ca fc 21 55 9a 71  ..2...E..-..!U.q
0000a530: 25 1d cd 5a 15 cf fa 8f a7 fa 31 e7 35 e1 75 c0  %..Z......1.5.u.
0000a540: 0f 4c 7c 4f 99 6d cd 95 13 76 e2 e2 39 e0 f2 37  .L|O.m...v..9..7
0000a550: bd 4f e5 fe 7a 64 f4 7a 7f f4 b7 b6 dd 99 96 8d  .O..zd.z........
0000a560: 25 b4 b2 37 e1 73 5c 14 69 e0 07 fb 3a 83 37 ec  %..7.s\.i...:.7.
0000a570: 5b 35 f5 ad 49 d0 8e 8d a1 c7 52 51 07 98 4c 1f  [5..I.....RQ..L.
0000a580: a7 4d 92 59 f2 b3 7a ec 52 f5 68 35 f9 79 34 dc  .M.Y..z.R.h5.y4.
0000a590: 3d 2c 04 c7 8b c3 11 04 f7 72 a7 8c 30 f5 01 f1  =,.......r..0...
0000a5a0: 0c 62 58 11 53 2d a5 4f 85 ad f6 bf 03 d7 06 4a  .bX.S-.O.......J
0000a5b0: e0 5a 8f f5 ef 32 be 03 c1 56 f3 5e a9 3c 05 1b  .Z...2...V.^.<..
0000a5c0: af 19 0a 2b b4 09 f2 a6 55 3b 45 40 f3 a4 36 02  ...+....U;E@..6.
0000a5d0: 4e ab 44 8b 05 d5 95 7c b9 7d bb 73 20 89 01 17  N.D....|.}.s ...
0000a5e0: c4 98 c1 c0 bb 76 b5 29 58 04 64 10 37 86 e6 68  .....v.)X.d.7..h
0000a5f0: cf 9e 84 2c a6 63 a4 1b 55 9e 12 0b ed 20 9b 4d  ...,.c..U.... .M
0000a600: e4 0e 82 78 8c ba 98 ae c9 99 7f 9d 06 b0 2f 42  ...x........../B
0000a610: 41 7e 74 9c fa f2 01 7f d0 b7 e8 92 dd 8b f7 fb  A~t.............
0000a620: c5 2f 8e 08 cf b1 4e ab da 58 73 a6 ee 88 bb 79  ./....N..Xs....y
0000a630: d1 e4 40 4a 94 61 f5 d4 d5 84 67 24 a9 68 7f 52  ..@J.a....g$.h.R
0000a640: fe fb 31 71 60 6d a9 f5 de a0 da 59 c9 de 69 2c  ..1q`m.....Y..i,
0000a650: 60 3a 5c 7e b4 ef bf ac 6d 6f db 33 08 6d 7b 2d  `:\~....mo.3.m{-
0000a660: 78 e8 36 36 f3 91 a3 10 35 72 32 0e fa 63 16 87  x.66....5r2..c..
0000a670: dd 99 53 db 0b 82 15 30 ef 56 95 28 0a c0 f2 75  ..S....0.V.(...u
0000a680: 87 d9 a2 56 47 3b 32 c7 53 c4 d3 98 a7 3b 13 de  ...VG;2.S....;..
0000a690: 03 64 57 74 ba 4b ce 36 95 d3 f0 9b 36 fe d1 5e  .dWt.K.6....6..^
0000a6a0: 02 19 cb 27 bb e5 de b9 8b d4 de 1b c8 11 88 e9  ...'............
0000a6b0: 57 ff 19 cb 0d e5 5e 5c 4c aa c6 92 29 77 9e c5  W.....^\L...)w..
0000a6c0: 26 fd 02 1f ff 1d 18 09 e3 ad 2e 8d e1 40 a3 ca  &............@..
0000a6d0: 18 54 84 b1 7b e9 40 59 37 7e c3 42 71 82 12 d1  .T..{.@Y7~.Bq...
0000a6e0: 4b 19 29 12 35 d3 cc f2 80 7c 66 b2 0f 72 10 12  K.).5....|f..r..
0000a6f0: 75 39 0d 14 05 a9 cc e1 1f 9f 2b d4 b9 be 42 26  u9........+...B&
0000a700: f7 a9 4a b6 d1 e8 61 6e 16 fb 7a 60 11 bd 43 b5  ..J...an..z`..C.
0000a710: 79 29 3a 8f bf 11 ff 74 b3 bb 0a 09 b5 dd 9c 89  y):....t........
0000a720: 19 d6 3c 27 18 60 92 08 ba 1f 0f 9a 2d 9c 3b 7e  ..<'.`......-.;~
0000a730: 24 6a fa af 21 63 6f be d4 bc 93 3a de 05 68 82  $j..!co....:..h.
0000a740: 27 5f 9f 64 d0 62 04 9f 8d b7 62 a5 e6 6f 4f 8f  '_.d.b....b..oO.
0000a750: 83 76 a0 63 73 38 32 f9 26 c5 43 b4 d0 62 b0 68  .v.cs82.&.C..b.h
0000a760: 59 d7 21 ee 06 25 64 91 ac b5 a5 52 6b dc c7 58  Y.!..%d....Rk..X
0000a770: 67 f4 59 72 ac 57 65 60 75 43 1d ae 38 ed 1a a6  g.Yr.We`uC..8...
0000a780: 8a 37 32 bd bb c6 7f 08 75 56 32 a9 6d d0 89 19  .72.....uV2.m...
0000a790: 88 c7 50 0b 8a ba b2 f9 3a 58 23 86 e2 13 e8 3c  ..P.....:X#....<
0000a7a0: ac 0b 37 32 46 04 69 46 bb b3 e0 9d a9 3e e1 45  ..72F.iF.....>.E
0000a7b0: 76 de 3e a8 96 63 10 12 f3 cd b7 69 4b be 4b a1  v.>..c.....iK.K.
0000a7c0: 0e 06 3c 83 bb 1b 8d dc c9 14 7d 22 e7 71 37 cd  ..<.......}".q7.
0000a7d0: 2f c2 e7 54 33 c9 ae ef 9f ce 51 8d 84 e4 a9 85  /..T3.....Q.....
0000a7e0: dc 7e 20 8a b9 c3 9d 80 98 7c dc 1b 68 c8 4b d0  .~ ......|..h.K.
0000a7f0: a2 a0 b6 17 5c 6d 34 38 99 78 4b 20 37 44 23 c8  ....\m48.xK 7D#.
0000a800: 6a fd 09 ab cc 45 cd fa 06 48 0d f4 f0 b2 93 ad  j....E...H......
0000a810: 09 82 ce 7e a2 10 0d 29 3f 50 3d c1 16 e9 08 a0  ...~...)?P=.....
0000a820: 54 85 24 18 84 75 f4 ed a1 96 42 1b 35 1b d7 09  T.$..u....B.5...
0000a830: e4 d5 a5 f8 e1 37 d0 ad 1b 3d 9a de 08 d1 28 ee  .....7...=....(.
0000a840: ba 33 f9 90 0f ed 8e fc de e9 e5 85 5b fa 1d 85  .3..........[...
0000a850: c2 43 45 52 e6 3b 60 db 3f ab 26 52 82 72 b0 e5  .CER.;`.?.&R.r..
0000a860: fa 98 bb 23 89 b3 b1 b2 b0 d0 f6 a2 95 53 ac 5b  ...#.........S.[
0000a870: a0 19 e6 c4 0b 0b 0c e5 9a bf c3 35 0e c7 42 27  ...........5..B'
0000a880: 3c 20 53 91 5d c0 73 17 02 7f 2f 9f 72 10 03 e8  < S.].s.../.r...
0000a890: 60 99 42 01 b9 85 24 7a a2 0c ec 00 ae 3b 04 1d  `.B...$z.....;..
0000a8a0: ba 2b c1 d1 3c 69 64 ce 3f 13 78 5b a4 e2 87 38  .+..<id.?.x[...8
0000a8b0: 85 ce a1 ab 41 1f 6d 8f 97 14 98 38 37 63 04 b8  ....A.m....87c..
0000a8c0: df c3 fb 69 8f 73 5a 6e 5c aa c1 76 93 fa 93 1c  ...i.sZn\..v....
0000a8d0: e7 95 1e b2 dd 37 54 54 b8 8b bb 80 cc 2c 88 ef  .....7TT.....,..
0000a8e0: 78 5b a2 02 82 d6 04 94 83 cd b4 f5 e9 d3 5a ad  x[............Z.
0000a8f0: ee 9e 04 f3 75 02 b4 3d 75 4f 54 08 d2 ed 65 72  ....u..=uOT...er
0000a900: 89 3d cd 43 93 c6 e8 d9 d4 8c f9 5b b3 ce 00 5f  .=.C.......[..._
0000a910: b6 2a 98 bd 42 31 a9 fd f5 a5 a7 26 85 ed 4a 92  .*..B1.....&..J.
0000a920: 2b 45 1f 5a 29 e9 c3 90 2e 23 4b 81 87 f2 4d 68  +E.Z)....#K...Mh
0000a930: 93 4b c2 25 a7 55 b4 62 08 fc 71 3a 8b 43 3d d3  .K.%.U.b..q:.C=.
0000a940: 46 d2 09 5f 48 e0 5a 1f ce 38 08 b8 1b a3 7b 3d  F.._H.Z..8....{=
0000a950: 4c 80 02 65 12 e5 b4 9a 59 4a c1 1e 0c 79 bc 5a  L..e....YJ...y.Z
0000a960: 3b 0f db 2e 00 fb b2 de 7e f4 a4 f5 7b 85 ca 33  ;.......~...{..3
0000a970: f5 87 17 16 27 ed 55 80 71 73 c8 28 eb a1 5b 75  ....'.U.qs.(..[u
0000a980: 1e de 3b 78 b6 9a 16 4b 2a b4 39 24 36 df c7 19  ..;x...K*.9$6...
0000a990: 04 2e 78 26 4e 34 dd 4d 8b da 53 51 fe 3a 91 2a  ..x&N4.M..SQ.:.*
0000a9a0: 58 df 21 8d b8 ea 97 18 0e 3c 24 18 02 ee 86 44  X.!......<$....D
0000a9b0: bb 30 9d ae fc bd f0 4c b2 59 11 f1 ae 01 34 39  .0.....L.Y....49
0000a9c0: ae f2 3d 5a 04 e4 dd c2 4f f0 15 2b d1 24 ba 0c  ..=Z....O..+.$..
0000a9d0: a6 43 05 10 c0 1c 92 8e ac 41 aa f9 23 55 d3 6c  .C.......A..#U.l
0000a9e0: 40 6b c3 0f 80 f3 ba 9f ed 1e f5 91 48 1b cf 77  @k..........H..w
0000a9f0: bc f9 cb 5a 22 19 d6 b5 69 cf 40 24 78 b5 b3 0f  ...Z"...i.@$x...
0000aa00: 05 c8 28 f2 62 92 d6 17 44 71 a0 7a f2 67 10 32  ..(.b...Dq.z.g.2
0000aa10: e4 e9 44 ea f3 7b 2a 65 b4 91 09 b7 eb 37 d5 fc  ..D..{*e.....7..
0000aa20: 76 23 bd b2 7e c6 67 b0 cb 0c cb b4 64 0a 4e 8b  v#..~.g.....d.N.
0000aa30: 51 e1 15 36 6c fb 26 6e 83 a7 72 bc 52 fd b0 ed  Q..6l.&n..r.R...
0000aa40: 52 dd e5 11 f1 b0 c9 d9 b2 51 7f 1b ac 76 16 50  R........Q...v.P
0000aa50: 46 a6 15 06 aa 8a d2 b2 2d 38 b5 cd 71 d6 a4 3d  F.......-8..q..=
0000aa60: a6 bb e7 ec 5c 27 91 8d cc 6c 33 67 2f bc 9d 4a  ....\'...l3g/..J
0000aa70: ec b9 92 fd 69 4a 9d 08 bc 46 67 b4 91 12 cf 14  ....iJ...Fg.....
0000aa80: de 6f b6 37 0b 07 91 e0 7e c7 68 5f 8f 0c 41 6c  .o.7....~.h_..Al
0000aa90: fa 84 fc dc 77 73 60 d0 09 2a b6 80 d0 63 0b 02  ....ws`..*...c..
0000aaa0: ff ea c2 eb 51 18 bf 30 00 2d c3 b5 83 4f 79 79  ....Q..0.-...Oyy
0000aab0: 62 88 a7 48 39 6a 74 e1 db ae 7e 53 6d e5 9a 78  b..H9jt...~Sm..x
0000aac0: e0 19 63 ad 25 00 71 bf ea 7d f0 77 38 66 7b 2b  ..c.%.q..}.w8f{+
0000aad0: a3 99 1e df 9a 0b 30 50 cc e6 f9 eb 62 fd 17 b3  ......0P....b...
0000aae0: 49 ad 00 d8 28 3f c8 c9 42 c4 86 96 4b e4 43 25  I...(?..B...K.C%
0000aaf0: 0f 16 7b 32 3f f5 1a b7 28 c9 38 48 27 b1 2c 09  ..{2?...(.8H'.,.
0000ab00: 4e ac 95 5a c7 0a 4f 17 f7 62 a0 8d bc 13 c2 7b  N..Z..O..b.....{
0000ab10: 1a f2 c3 2d 7c 7f 31 61 40 79 63 a4 b7 06 76 e8  ...-|.1a@yc...v.
0000ab20: 6d 33 fa 9a 10 50 5c a2 a8 a0 a8 10 68 14 fc 20  m3...P\.....h.. 
0000ab30: 42 ac 62 46 85 12 c5 ff bd 6a 77 14 9b c5 5f fa  B.bF.....jw..._.
0000ab40: 8b 05 f0 f1 74 0c 65 4f 90 ed ca c2 09 ee 6d 6f  ....t.eO......mo
0000ab50: b4 23 03 2f 4d 20 96 1a eb 7b af 72 fd 6f d4 e7  .#./M ...{.r.o..
0000ab60: 44 d4 62 db 2c 32 e1 70 00 95 de 39 c3 f1 b1 2f  D.b.,2.p...9.../
0000ab70: ea b9 90 56 b3 84 95 6d 5f 74 93 ef b0 2f 72 7d  ...V...m_t.../r}
0000ab80: 17 b6 e4 44 0b 35 1d 52 39 12 fb cc de d0 90 70  ...D.5.R9......p
0000ab90: 0e 9d 22 86 86 eb c2 9c 27 97 c7 3d 5c ae 7f 3f  ..".....'..=\..?
0000aba0: a1 3d 8b 80 74 7d 3d 3b 32 69 f2 02 e7 8b 2d bc  .=..t}=;2i....-.
0000abb0: 91 60 19 95 91 ca 45 75 2f 5a 1f 39 ee 30 7e e5  .`....Eu/Z.9.0~.
0000abc0: f7 78 8e ef 06 5a 10 56 9e 84 d4 31 ec 5a 43 4e  .x...Z.V...1.ZCN
0000abd0: 88 bd ef b6 82 da fc 29 1e 79 f3 fe 48 55 1f a5  .......).y..HU..
0000abe0: 7b 40 8e c4 08 88 23 ed ab 37 76 fe dd 67 25 37  {@....#..7v..g%7
0000abf0: aa 47 63 89 30 65 4f 67 d3 c7 34 29 82 14 55 50  .Gc.0eOg..4)..UP
0000ac00: 02 69 5a ae 2d e2 53 4e c2 ac 84 4c 4b ad b8 2b  .iZ.-.SN...LK..+
0000ac10: 69 84 fe 81 42 80 40 90 bb 47 a0 e6 2c b7 f7 bf  i...B.@..G..,...
0000ac20: ea 9f a5 f3 29 85 92 7d ee e6 f7 52 be 83 d4 da  ....)..}...R....
0000ac30: 47 7e d5 86 0d 5b c0 95 e0 1b a2 07 0b b3 72 29  G~...[........r)
0000ac40: 56 5d 97 9b 65 2d 10 73 d8 49 c0 d9 36 f7 0c 9a  V]..e-.s.I..6...
0000ac50: 13 22 16 b0 79 2d 4f 1b 9e 3a 9a da 9a 3d 4f 46  ."..y-O..:...=OF
0000ac60: f2 4f 85 06 21 e7 11 56 fb 95 01 0e 28 59 4c 5a  .O..!..V....(YLZ
0000ac70: b5 c2 51 9f a4 a3 b8 55 5f 6e f7 fc 6b 1a ee e2  ..Q....U_n..k...
0000ac80: f4 9b 54 48 28 b1 9f 89 d2 32 c1 36 a2 bd 6e 29  ..TH(....2.6..n)
0000ac90: 78 b8 27 b3 ad eb 44 d6 25 7f c7 f5 f7 3e 18 53  x.'...D.%....>.S
0000aca0: 10 0d e6 3b b9 75 13 94 74 2f ee 9a a8 f1 22 c2  ...;.u..t/....".
0000acb0: a0 33 72 32 9d da 8c 37 8d f5 c1 6b 34 2f 03 93  .3r2...7...k4/..
0000acc0: b0 5e 58 97 5f 0f 4e 3f 95 c7 2f e8 42 ac 56 f5  .^X._.N?../.B.V.
0000acd0: 47 b3 ff af f9 cf 19 d9 c1 e7 a5 f8 b6 6e 09 da  G............n..
0000ace0: 89 0e 86 f3 b6 ff 03 ea bc 35 c8 54 08 27 30 33  .........5.T.'03
0000acf0: a0 d2 53 cd a5 a9 f5 f6 10 b5 9a 81 39 be cb 72  ..S.........9..r
0000ad00: 2c 6d 0d d6 b9 56 16 22 65 11 d9 76 ea c0 ce c2  ,m...V."e..v....
0000ad10: 03 02 16 af f9 7f ff 8e 71 eb 0f e2 1c 9a e0 e0  ........q.......
0000ad20: c9 7e f9 29 81 c4 23 02 3e 5a b3 93 aa 39 f7 c3  .~.)..#.>Z...9..
0000ad30: c1 bb fe 33 73 81 ec 18 30 54 f1 40 b3 6e 50 5f  ...3s...0T.@.nP_
0000ad40: 17 4e ae 15 65 83 81 86 22 39 29 c8 fa 6f 4f a3  .N..e..."9)..oO.
0000ad50: 81 fa 6d 16 8e 38 c3 a1 6c a7 8c 19 c5 2e 3c 20  ..m..8..l.....< 
0000ad60: 4a cc 45 e6 ca e7 ad df ea 87 04 ec e5 96 b3 5f  J.E............_
0000ad70: ae 4e 8f be 7c 0a 64 b4 52 54 91 c3 a8 c3 c6 4e  .N..|.d.RT.....N
0000ad80: 60 9f 33 b1 9b a0 11 06 f4 72 d6 4d 5c cb 49 97  `.3......r.M\.I.
0000ad90: 07 a1 89 35 d0 76 57 e4 93 6b 14 5f 1d 73 81 eb  ...5.vW..k._.s..
0000ada0: 01 b3 f7 b4 ac 83 98 d4 25 e0 1e 6b 86 b0 54 f3  ........%..k..T.
0000adb0: 46 7c 6c 64 2b b7 27 2e f5 9b f8 11 7b 8d dc 75  F|ld+.'.....{..u
0000adc0: 14 ee f6 ff 3d e0 e0 14 8b 02 d4 e9 52 0e 99 93  ....=.......R...
0000add0: 6a 74 c7 30 66 9a e4 03 2b c3 65 eb 70 5b 8a 30  jt.0f...+.e.p[.0
0000ade0: 8e f4 74 12 fe 37 fb a8 9b 21 e3 63 89 17 49 bd  ..t..7...!.c..I.
0000adf0: 51 f1 3e 51 ea 84 97 b4 3b 72 14 6b ef c5 68 9e  Q.>Q....;r.k..h.
0000ae00: da a8 72 30 5a 3b 79 52 38 95 da cb 9c 07 97 f0  ..r0Z;yR8.......
0000ae10: 48 2f dd 42 83 16 92 e2 44 b3 04 39 4f 05 aa e8  H/.B....D..9O...
0000ae20: 9f ef b0 30 ac a4 95 2a 18 39 6c 67 01 83 72 44  ...0...*.9lg..rD
0000ae30: db 91 e0 23 f2 f7 a4 31 25 0a 0e 48 5d 50 98 27  ...#...1%..H]P.'
0000ae40: 6b 59 c6 c4 28 b3 55 f7 e9 42 e2 50 b9 31 7d bc  kY..(.U..B.P.1}.
0000ae50: 7d 4a cc 80 2a f1 36 3c b7 be c0 0d ea a9 27 27  }J..*.6<......''
0000ae60: b0 95 1d be 71 8c d1 02 17 08 12 48 e6 b6 48 e2  ....q......H..H.
0000ae70: 38 8e 9d 45 82 75 63 4a f1 2d 1c 3b d5 30 ed 05  8..E.ucJ.-.;.0..
0000ae80: 63 c0 49 41 b3 ac c0 36 27 2f 88 a8 ab aa 5b ba  c.IA...6'/....[.
0000ae90: ad ac c5 e9 c4 06 06 47 fe 6e 7a f3 0d c0 2c f7  .......G.nz...,.
0000aea0: 50 29 60 bd a5 1a 20 2e a8 35 66 6b b4 b5 1c 8b  P)`... ..5fk....
0000aeb0: c8 46 43 91 41 ad cf 99 6b fb 51 39 4b 81 16 4c  .FC.A...k.Q9K..L
0000aec0: ea 10 09 ff e7 5f 48 d3 65 13 4e a8 2d ee 5f 1f  ....._H.e.N.-._.
0000aed0: bb 5c e6 fb 9a eb 1a 4d 7a ab c2 b2 cc 90 15 21  .\.....Mz......!
0000aee0: fc 2a 4b 44 fb 3d d9 4c c8 7c f1 ca 9a d8 58 47  .*KD.=.L.|....XG
0000aef0: 50 17 05 a4 68 68 98 a9 8a 48 ab cb 31 77 c1 a2  P...hh...H..1w..
0000af00: a3 fa bb a3 c1 7d d5 91 9b 8f 6f 80 13 3b 7b 41  .....}....o..;{A
0000af10: a4 28 22 4b a9 99 6a ab cc 9b bc 44 e4 6c 4a 2a  .("K..j....D.lJ*
0000af20: b1 5a e9 f5 25 64 78 93 1c fc c1 a2 15 d5 c1 7a  .Z..%dx........z
0000af30: b7 79 f5 af 47 77 ee d1 cc f9 77 30 39 5e ed 1e  .y..Gw....w09^..
0000af40: 19 0f ab a7 da 51 0f ce da 2b 83 60 cb 81 d0 6d  .....Q...+.`...m
0000af50: 15 26 8e 8f 94 9f 3b 75 1a c9 f4 6f d3 ca 99 2c  .&....;u...o...,
0000af60: 20 0f 95 53 ce fb 3b b9 d8 17 3c 4c aa dd 51 9b   ..S..;...<L..Q.
0000af70: 59 0b aa d1 1a ea fd da e6 ab 2a dc da 09 94 06  Y.........*.....
0000af80: fd 63 9e 58 1c 35 72 5f 0c 60 b5 6f 89 e8 fd e6  .c.X.5r_.`.o....
0000af90: 62 fd 4a b5 10 bf 35 99 90 ba 78 f1 e2 f1 27 40  b.J...5...x...'@
0000afa0: 72 ec 1b 51 58 ee 8a d9 76 4e 62 fd 4d bc 0d 6e  r..QX...vNb.M..n
0000afb0: e6 45 bd 98 3a bc 19 0b dd 6b 83 02 7f 7e ba 13  .E..:....k...~..
0000afc0: c4 59 4e 9b aa b5 ee a0 a4 98 85 7a 21 b1 33 73  .YN........z!.3s
0000afd0: 65 ca 5d 3e 00 0a bc 61 78 cc 2b 29 13 36 12 28  e.]>...ax.+).6.(
0000afe0: 12 56 4e 4e 46 ad 25 64 0f fa 1b a3 39 9b f3 95  .VNNF.%d....9...
0000aff0: d1 3d e6 2e 3e e6 99 e8 d9 e0 c1 16 f0 ef e4 fa  .=..>...........
0000b000: d0 94 a8 a1 1e 70 b3 dd 2e 8b 7c 47 1f 34 14 88  .....p....|G.4..
0000b010: 2b 10 1d c6 19 46 f0 08 92 de bb be bc 80 3f d5  +....F........?.
0000b020: 76 1d 72 3e c2 f6 02 a7 6d 48 2f d7 80 d2 15 d4  v.r>....mH/.....
0000b030: 62 c1 87 17 cb 3d 9c 5e 7e f5 e6 3e 07 97 38 03  b....=.^~..>..8.
0000b040: ba 47 9c cd 10 04 42 ec 68 0a 75 55 00 1c f4 ed  .G....B.h.uU....
0000b050: 38 37 f9 ce 8f 4c 34 c8 48 64 4f c5 dd f3 9f a7  87...L4.HdO.....
0000b060: e8 b5 7f 08 26 40 01 41 5a 4f 9e 70 e9 da 51 ed  ....&@.AZO.p..Q.
0000b070: 7b 36 2d 1f 6f d2 13 08 b1 17 c1 d6 3f e6 c1 3a  {6-.o.......?..:
0000b080: a9 52 46 f7 86 08 fe 7e 38 27 b6 85 97 e4 1b a1  .RF....~8'......
0000b090: 1e 70 2e a1 fc 8c 90 f9 73 88 5d 97 1e 7c 5e 00  .p......s.]..|^.
0000b0a0: a2 4b a0 07 79 1f 27 b4 bc 12 95 5c f8 58 48 6e  .K..y.'....\.XHn
0000b0b0: c9 3a d7 de 15 11 36 45 ce 5d f3 26 ab c2 38 2f  .:....6E.].&..8/
0000b0c0: 96 b2 de a7 2b 29 49 42 a1 98 ca e1 53 18 f1 83  ....+)IB....S...
0000b0d0: 91 61 1f d2 0b 85 05 02 44 ab 5f ba c6 c9 96 dd  .a......D._.....
0000b0e0: 00 cb 74 5e 0d 6a 4e 78 07 86 de 72 39 ba a4 09  ..t^.jNx...r9...
0000b0f0: 3b 6e ee 92 01 20 cb cc 36 83 13 b7 92 06 08 a8  ;n... ..6.......
0000b100: e2 3c 3d b1 b9 73 be ff 03 80 1c 4a 8a ff cc 74  .<=..s.....J...t
0000b110: de 44 0f 5c 98 ce 9c 18 95 c5 bd eb 9d 59 4d fc  .D.\.........YM.
0000b120: f4 0d be 8b a3 3e f9 6c eb 29 b5 c7 f8 bf ff 4b  .....>.l.).....K
0000b130: a6 1b 28 3e 91 f0 71 05 92 d5 a7 f5 dc 73 ac d6  ..(>..q......s..
0000b140: 47 14 ea 52 f7 f4 38 2c 56 02 5a e4 d8 aa 34 56  G..R..8,V.Z...4V
0000b150: 46 cc 9a 2f a7 dc 3c 61 49 3c 01 0c 2c c1 b8 a1  F../..<aI<..,...
0000b160: 53 27 33 3c 33 f0 25 81 48 5c 72 29 39 8c a7 53  S'3<3.%.H\r)9..S
0000b170: f9 32 e1 b0 77 29 fc f9 54 7c dc a9 a4 43 fd 26  .2..w)..T|...C.&
0000b180: 73 af 73 e2 ea 1f bf 3f 72 2f cc ce 58 1b ea e1  s.s....?r/..X...
0000b190: 79 0b d3 63 64 df b5 ba 34 8b 9e 40 07 77 c6 91  y..cd...4..@.w..
0000b1a0: bc a8 49 32 a7 97 88 dc 56 ec 32 6d 73 74 aa 39  ..I2....V.2mst.9
0000b1b0: 69 ae 4b 36 e8 ec f4 b2 62 44 03 cd 7a d5 f4 34  i.K6....bD..z..4
0000b1c0: bb a5 78 1b fa eb 91 06 49 09 72 7d 7c 8d d8 77  ..x.....I.r}|..w
0000b1d0: ec c3 f9 02 2a 8e 58 0f 4f 5a 33 4c 3c e7 52 82  ....*.X.OZ3L<.R.
0000b1e0: a0 0b c7 56 b1 e4 23 5b 5a 8e 94 52 c7 b4 56 01  ...V..#[Z..R..V.
0000b1f0: e3 35 2f c2 65 0c 67 3f b4 ca b9 b3 47 d4 e0 ec  .5/.e.g?....G...
0000b200: 94 5b e7 70 cb 30 0d 38 fb 90 99 84 e2 8c 67 ee  .[.p.0.8......g.
0000b210: dc de c1 d5 4b d6 97 50 ec 3e 96 67 0a 60 12 f4  ....K..P.>.g.`..
0000b220: c9 bb 46 62 ef 47 ed f5 c8 74 21 4a 5d e5 66 ad  ..Fb.G...t!J].f.
0000b230: a9 2a b2 2d d9 79 f3 92 58 01 cb aa 1a 98 8a a4  .*.-.y..X.......
0000b240: 59 02 83 7f 36 81 e3 be a5 af ea f6 61 eb af ea  Y...6.......a...
0000b250: 2b 83 f3 73 e2 1a 8c 23 de cb 76 4f 56 87 f4 f2  +..s...#..vOV...
0000b260: 97 f5 b1 b2 28 c0 99 8c c1 67 f6 00 39 12 a4 d1  ....(....g..9...
0000b270: 8c 2f 9c f3 29 45 a8 38 24 4b 4c fc 8a e7 63 ab  ./..)E.8$KL...c.
0000b280: c8 88 ba 30 7a 56 fc 95 30 89 16 97 08 99 2e 6e  ...0zV..0......n
0000b290: 1f c1 77 16 57 8d 1b b9 55 ae 51 12 a7 5f 0e 25  ..w.W...U.Q.._.%
0000b2a0: 13 3c 58 4d ca d8 f6 cf aa 26 95 78 39 39 6d 5c  .<XM.....&.x99m\
0000b2b0: d8 3d e4 6b 89 c8 47 0d 20 f6 22 6d 9d ff d1 31  .=.k..G. ."m...1
0000b2c0: 51 b6 48 59 93 4c e5 6c 78 aa 8d bc db 2c 20 f6  Q.HY.L.lx...., .
0000b2d0: a8 1b 3c 51 3a fc d4 ec 72 a6 a6 57 5b da dc 48  ..<Q:...r..W[..H
0000b2e0: 0c 0e ff 83 c4 bf ef 43 ad 90 00 2c 36 65 cb d4  .......C...,6e..
0000b2f0: 69 c1 3a 35 e7 35 a4 58 cf d4 8a e2 59 7a 33 b8  i.:5.5.X....Yz3.
0000b300: d0 b3 45 6e 04 a7 ae c3 22 9a 48 fb 22 aa 3a fa  ..En....".H.".:.
0000b310: e0 45 5a ef 8e cd 46 08 29 29 61 2b 3d 45 b7 bd  .EZ...F.))a+=E..
0000b320: d2 17 4d 7c a5 f0 3b ec 3d 3c f7 35 4e c2 f9 91  ..M|..;.=<.5N...
0000b330: b0 53 f1 b6 16 79 c5 a4 79 94 37 6d 6d 93 7f 2a  .S...y..y.7mm..*
0000b340: 1a 11 39 58 d0 8a cb 4d 2f 54 60 0b b1 2f e2 35  ..9X...M/T`../.5
0000b350: 28 67 cd 7f 97 ef fa fa 02 a3 7f 98 4d 88 82 49  (g..........M..I
0000b360: 79 b8 54 5c a9 77 f4 d0 ff b6 0c 49 b0 08 7c 63  y.T\.w.....I..|c
0000b370: 68 d5 5f 6f 93 64 e2 ce 05 5e 61 b3 e0 b0 64 f4  h._o.d...^a...d.
0000b380: 73 63 8f ca ed 12 96 bf d5 40 a1 5d 41 b9 53 2e  sc.......@.]A.S.
0000b390: ce be 77 9e dd 04 29 e6 49 27 ae f6 2f 6d fe e4  ..w...).I'../m..
0000b3a0: d7 59 79 f8 2b 80 2c 8b 64 f8 d4 cf 61 c3 9c 26  .Yy.+.,.d...a..&
0000b3b0: 82 4e b1 0f 76 73 5d 54 58 fe 6e 83 5c b3 e0 b5  .N..vs]TX.n.\...
0000b3c0: 74 0a 7b d5 2c de 4c 93 fe 8f f3 b3 11 7d 10 c0  t.{.,.L......}..
0000b3d0: 9f f1 57 12 e2 e8 5b 3d ad 46 1b 21 b2 af 52 69  ..W...[=.F.!..Ri
0000b3e0: c9 f2 5a 1a ab 13 30 80 38 f9 bb e6 16 5f 5f 52  ..Z...0.8....__R
0000b3f0: 64 7c a7 e1 ab 02 1e 47 28 f2 34 1d 2d 6a db ac  d|.....G(.4.-j..
0000b400: 01 23 e0 78 3b 6c 15 15 1b 21 03 95 b3 1d d6 75  .#.x;l...!.....u
0000b410: c7 4a fc 7c 30 7c d6 9b 4d a7 0e 3b 78 68 51 1a  .J.|0|..M..;xhQ.
0000b420: 96 9b 0e 1a b9 ab 67 25 5f 04 cb c8 73 f3 a5 94  ......g%_...s...
0000b430: d0 1e e1 2d 9b 49 15 45 36 b8 fc ae f8 38 83 6c  ...-.I.E6....8.l
0000b440: 2b 85 6b 8b 12 6d 50 a0 5d db 5b e0 97 80 1f 23  +.k..mP.].[....#
0000b450: 06 67 f1 dc f3 73 7d d1 2f d8 30 3d 25 dd 46 01  .g...s}./.0=%.F.
0000b460: 74 29 47 c0 e2 74 87 2d 8e 64 37 56 5d 48 ae c7  t)G..t.-.d7V]H..
0000b470: 7b 34 85 95 6f 49 f0 8b a1 3c f1 63 e0 d1 6e 67  {4..oI...<.c..ng
0000b480: 58 43 37 7b 93 61 2c 56 58 de 17 b3 81 1c 87 a7  XC7{.a,VX.......
0000b490: f6 24 41 a4 dd c4 e6 fc cc f9 55 10 1d 40 e9 f2  .$A.......U..@..
0000b4a0: c4 84 d4 57 3d 44 4f 55 5c c3 73 ff 91 fc 09 01  ...W=DOU\.s.....
0000b4b0: 98 2b ca af 9c a6 ea ce 25 ff ac 7d ee ed 04 9d  .+......%..}....
0000b4c0: 9f 13 4d 31 b4 9d ef a0 e4 7f a9 09 8e d3 02 d3  ..M1............
0000b4d0: e1 bf 19 26 12 6c 21 ea 3e 2c b3 01 23 24 9a cb  ...&.l!.>,..#$..
0000b4e0: 22 85 22 2e f0 7f cd a5 7c 6b 3f 34 64 f6 3d c3  ".".....|k?4d.=.
0000b4f0: fa 6e 9b 7d 14 e2 b0 53 ad 3b 3f 3e 71 63 31 d8  .n.}...S.;?>qc1.
0000b500: 7c 5f 31 0e 2c b8 20 d5 2b b7 fd 6a 13 3b c3 27  |_1.,. .+..j.;.'
0000b510: 84 76 60 ff 2a 88 49 7e 27 15 db 8a bb 36 53 25  .v`.*.I~'....6S%
0000b520: b3 a9 21 12 f9 b5 03 08 40 3e ac ed 6d 71 14 93  ..!.....@>..mq..
0000b530: 4d 3b 1e 96 76 2f 7a 4f 6d 40 43 ce 3c 3b 79 db  M;..v/zOm@C.<;y.
0000b540: 23 5e b4 17 4d 38 3d 15 ec 55 dd b7 e7 18 0e 4b  #^..M8=..U.....K
0000b550: 25 9f d8 ac d6 f1 d5 ba 3c 24 b7 9b 7c 3c 57 44  %.......<$..|<WD
0000b560: ba ef 04 50 2c a5 c8 df 5f b8 1f d9 0f e1 5b e2  ...P,..._.....[.
0000b570: ec df 63 13 38 3f 56 20 6c b3 9a 2f 7d 2e 8b 56  ..c.8?V l../}..V
0000b580: 68 23 a9 52 69 d4 f3 67 16 33 e3 57 df f9 4e 27  h#.Ri..g.3.W..N'
0000b590: 9d 56 02 78 14 73 69 db 22 bd 8a ab 5a b6 30 44  .V.x.si."...Z.0D
0000b5a0: af d8 42 16 9a 3c f4 a0 b4 c9 29 0d 52 13 c6 91  ..B..<....).R...
0000b5b0: ff c2 be 0b c8 c9 97 49 26 1f 79 48 a9 9a 26 4a  .......I&.yH..&J
0000b5c0: 67 24 79 55 58 d1 25 18 41 5a fb 38 6d a9 a5 02  g$yUX.%.AZ.8m...
0000b5d0: eb 1c b4 ab 88 f8 ff 88 79 75 c8 9a f0 21 66 07  ........yu...!f.
0000b5e0: 85 7f 58 37 da ae f9 64 5e d4 50 b4 1d 93 4a 4c  ..X7...d^.P...JL
0000b5f0: 22 72 3d 94 1b b6 fa a9 af 8d 33 40 7a 13 ca bf  "r=.......3@z...
0000b600: b4 46 01 9a cd 92 34 e4 20 c3 08 ce 9e f4 cd 7b  .F....4. ......{
0000b610: 3f a4 eb f6 f7 56 b2 9c cd d8 ae dc 0d 9e 77 71  ?....V........wq
0000b620: f3 eb 83 ec 78 af ba f7 f4 c2 ea 9a 0f 00 a8 ca  ....x...........
0000b630: e6 5c 86 3d 57 5e 3b c3 7a 17 bd 03 48 66 c8 d4  .\.=W^;.z...Hf..
0000b640: 6e df 11 7d 9b 2d 3e a0 ef c7 c7 0a bf ec fb 4e  n..}.->........N
0000b650: 2e 11 f6 cf 71 d4 33 22 bd e4 fe f3 a0 b5 0e 09  ....q.3"........
0000b660: 0e 66 97 ac 82 69 a2 c4 2a 89 b1 9b 2c c5 5e a4  .f...i..*...,.^.
0000b670: ec 3d 7a 9a 9b e2 9b 26 1b 64 11 98 75 b5 10 a9  .=z....&.d..u...
0000b680: bd df 7c bb 91 41 34 ff 15 94 0e 40 20 22 9f 84  ..|..A4....@ "..
0000b690: 74 cd cb a7 fa 6d 47 b3 a5 68 08 4b b5 03 15 8c  t....mG..h.K....
0000b6a0: 84 28 d0 50 7d e2 65 f5 e1 bd 8a 11 de a9 9b 57  .(.P}.e........W
0000b6b0: 64 75 e9 ad 05 6d 26 15 4a fe ef 79 db e9 4d d6  du...m&.J..y..M.
0000b6c0: df d6 e2 79 f3 53 a0 af 28 a6 76 94 85 60 8c 95  ...y.S..(.v..`..
0000b6d0: 67 e7 8f ba f7 0d a5 1b 4a 64 9e 19 2b 56 4a e4  g.......Jd..+VJ.
0000b6e0: e5 4d 6f 6e 3b 9a 4a 81 8f ad 6b ff ac cf e9 08  .Mon;.J...k.....
0000b6f0: 8b 77 9c 22 3b 74 8b 29 11 3b 56 80 3c f6 03 d9  .w.";t.).;V.<...
0000b700: 06 ee a8 60 8c b0 40 6b b3 00 da 86 32 39 ee 02  ...`..@k....29..
0000b710: 2c ad 58 fc c9 46 07 bc b0 74 6b 98 13 71 59 70  ,.X..F...tk..qYp
0000b720: f5 e1 8c 68 cc 9f b4 a9 d6 58 ef ae 19 cc 50 4b  ...h.....X....PK
0000b730: b1 9d 46 cb 29 3d a3 0b 5f a0 5c c4 37 5c 58 3b  ..F.)=.._.\.7\X;
0000b740: 57 8d 78 18 9f 63 99 2f e3 44 e0 79 91 e0 2f c0  W.x..c./.D.y../.
0000b750: a4 26 2e 77 2c 25 c8 48 32 92 01 98 20 3f 6a 56  .&.w,%.H2... ?jV
0000b760: 2b 10 e3 35 26 23 48 b1 58 0f b0 4e 83 cd 9e ea  +..5&#H.X..N....
0000b770: 0c ba ea ee 17 2e c4 91 b2 a1 20 a3 e8 01 95 1c  .......... .....
0000b780: ed ce dc 23 80 59 9c 08 9d b5 aa 7c 0a d7 fc 1f  ...#.Y.....|....
0000b790: 8d 82 16 8e b3 c2 31 53 1d ba c5 2a c1 c3 4a 44  ......1S...*..JD
0000b7a0: 42 41 43 1b 21 0a b6 1a e1 3e 56 76 a5 7a 46 d0  BAC.!....>Vv.zF.
0000b7b0: 7c 7f c3 e7 f6 d4 bc fa 94 51 b4 01 0e 2c f3 56  |........Q...,.V
0000b7c0: 0d d6 d7 3e 6b f3 0f e8 a5 c7 19 3a b5 6c 7b 39  ...>k......:.l{9
0000b7d0: 25 97 7e 26 f7 22 24 aa 08 93 6b fc 68 3f f6 65  %.~&."$...k.h?.e
0000b7e0: 4b 88 c7 96 23 58 5d 8b ac 8f 87 d9 50 4c 44 45  K...#X].....PLDE
0000b7f0: e6 1a 72 8a d1 56 68 1f 75 65 d8 90 32 b7 b9 b0  ..r..Vh.ue..2...
0000b800: a2 47 66 3a 14 10 d3 32 7f 40 d8 2f 1b 98 ea 9f  .Gf:...2.@./....
0000b810: f3 a0 02 49 48 4d ba aa c5 0d 04 c8 4f 4f 98 63  ...IHM......OO.c
0000b820: d5 7b 74 a4 46 fe 89 33 6e 8b 49 47 f5 63 58 03  .{t.F..3n.IG.cX.
0000b830: 90 02 14 2f ac 5a 75 d1 4e 86 5a 24 fa c0 29 51  .../.Zu.N.Z$..)Q
0000b840: 3a 52 0f b1 7d ba 8e 7b f7 5f 5f d3 9a 91 3a 6e  :R..}..{.__...:n
0000b850: 73 15 78 4b 1f 1d bc 9c 22 7a bf 81 69 6a 66 4d  s.xK...."z..ijfM
0000b860: 76 16 b3 e2 95 62 90 04 e0 d6 e6 db ee 10 b7 1a  v....b..........
0000b870: 68 c2 14 a6 8e 80 19 25 0a 0d fb a7 8b 59 00 ab  h......%.....Y..
0000b880: 3b fd 1b 1a a5 ad a7 0e 6a 73 d9 b5 cf b5 f2 e2  ;.......js......
0000b890: 93 75 4f b9 56 06 f7 65 26 0c c2 d0 54 12 c6 52  .uO.V..e&...T..R
0000b8a0: 94 b4 21 80 73 76 58 29 55 d9 f6 00 59 01 c0 3c  ..!.svX)U...Y..<
0000b8b0: e7 5f 6b 78 b5 8a 6d 53 a7 27 0c c5 c2 1b 03 44  ._kx..mS.'.....D
0000b8c0: f4 9c f6 62 8b b0 53 5d b4 d4 37 fb aa f2 d4 12  ...b..S]..7.....
0000b8d0: 9d 15 e5 e4 a3 7a bf 66 fb 43 27 b4 30 9f 05 cc  .....z.f.C'.0...
0000b8e0: e6 bf 6e ee d4 8a 15 c4 c5 65 01 96 82 36 e2 b8  ..n......e...6..
0000b8f0: 08 fd eb b9 5f ac 71 db 8f ff 6a 06 24 eb 77 c0  ...._.q...j.$.w.
0000b900: c0 ac d0 32 f3 4f d8 cd 1b 36 f1 97 88 df 42 14  ...2.O...6....B.
0000b910: 3e c1 41 b4 9b ed c0 42 ef 97 17 ed 33 c7 50 d8  >.A....B....3.P.
0000b920: 52 aa ad 77 7b 5a c4 d8 e7 6c 22 91 fe 1e da 15  R..w{Z...l".....
0000b930: 04 86 ef 3c be 0b 1f e4 24 f2 34 af 27 a3 70 65  ...<....$.4.'.pe
0000b940: 88 3c 23 54 7f de 2f 5d 92 df af 8e e6 f8 50 98  .<#T../]......P.
0000b950: e1 86 89 4b 86 60 5b 98 3b 06 74 d4 cf 8f 99 f9  ...K.`[.;.t.....
0000b960: 80 e6 53 8a 5f 34 1a 99 1d 9e ed 63 f7 e1 cc 00  ..S._4.....c....
0000b970: ad 0f 5a fb 32 80 f5 2f b1 e5 1c d8 d5 0e 3b 80  ..Z.2../......;.
0000b980: 19 21 6c 26 a8 88 5e 5b 0c 68 03 42 82 0e cc ee  .!l&..^[.h.B....
0000b990: 87 8f eb 6f 71 18 d1 55 fe 08 4e ad 73 f9 1e 51  ...oq..U..N.s..Q
0000b9a0: 64 1b 27 3e 5c e3 34 74 6a a4 c0 71 32 bc 00 0e  d.'>\.4tj..q2...
0000b9b0: a1 be 38 e8 d7 ef 33 ae 72 ef da ae 83 88 91 7e  ..8...3.r......~
0000b9c0: 02 ce f5 f6 8a 40 09 74 3f 62 0c f9 94 39 f7 29  .....@.t?b...9.)
0000b9d0: 9e e8 b4 c7 2e 16 33 73 27 6c 72 91 e0 d7 df e4  ......3s'lr.....
0000b9e0: 53 7c 2a 7a 27 30 87 b9 ef 02 4c d9 b4 d5 6e d7  S|*z'0....L...n.
0000b9f0: 81 33 1f 35 93 5e d5 a1 b3 29 7a 38 3c 3b df c9  .3.5.^...)z8<;..
0000ba00: fa 41 a6 19 80 56 52 a6 e4 98 ad a2 5e c6 11 76  .A...VR.....^..v
0000ba10: 3b 92 85 15 0a bf d0 b4 54 ad 92 20 59 92 d4 11  ;.......T.. Y...
0000ba20: 19 9c 2d 00 c6 6f 28 18 52 93 28 c7 37 f3 53 e8  ..-..o(.R.(.7.S.
0000ba30: 40 d5 28 6b f2 b8 ba d9 de a4 5c 7e c4 93 55 e1  @.(k......\~..U.
0000ba40: b9 19 50 52 4c 84 ec 85 52 3a df f2 aa 15 bf 2f  ..PRL...R:...../
0000ba50: 6b 8e eb e5 f4 2e f8 77 a6 1f f0 71 90 c0 f4 3e  k......w...q...>
0000ba60: 06 90 55 a0 61 df 65 4b 9d 77 c8 33 cb 75 c8 b1  ..U.a.eK.w.3.u..
0000ba70: d0 46 4f a6 df e7 ed a1 9a b2 5c ad 29 1a 83 6d  .FO.......\.)..m
0000ba80: e8 6c 92 6e 2f 98 a4 0e 85 9c b8 54 bb d2 d7 2b  .l.n/......T...+
0000ba90: ad 8b f4 bf 25 bf c0 02 08 9b 01 20 95 32 a1 37  ....%...... .2.7
0000baa0: d9 8a 6f 5d 35 41 70 0d 38 c9 0f e3 19 3e a7 ee  ..o]5Ap.8....>..
0000bab0: 7c 7c 3c e1 23 54 bd 0a 0e 55 86 9e c3 b8 65 ac  ||<.#T...U....e.
0000bac0: c4 1d a2 b9 3d e8 8d c1 a6 e3 64 e6 90 de d2 76  ....=.....d....v
0000bad0: ea 49 69 8d 66 06 1e d2 30 d0 ea 4f 56 f7 5e df  .Ii.f...0..OV.^.
0000bae0: 49 70 4e 0c 79 b3 1d e8 4b 24 ed 6e f5 bf 95 95  IpN.y...K$.n....
0000baf0: 82 4f cd 61 9b fc cf 94 89 e3 03 5d 97 3b 1b 0d  .O.a.......].;..
0000bb00: be 70 47 00 86 6b 7a 32 f2 14 42 e3 d6 10 d6 f7  .pG..kz2..B.....
0000bb10: 9e 99 c6 4a d8 23 28 34 16 c9 eb cf 8d 20 cc 8f  ...J.#(4..... ..
0000bb20: 08 65 13 b6 68 a1 13 85 9e f4 7c f4 25 1a c2 91  .e..h.....|.%...
0000bb30: 87 fc 34 f4 3f db ea af 36 73 08 a1 b8 39 7f c5  ..4.?...6s...9..
0000bb40: 79 73 5a 5b e0 db fb d7 f7 20 7b 57 8c 08 92 2a  ysZ[..... {W...*
0000bb50: 01 50 a0 51 c2 6e fd c2 f6 c4 31 3f 86 8e 72 0f  .P.Q.n....1?..r.
0000bb60: 6a 21 97 5c 8a 17 93 3b bd 94 2d c2 51 b2 c0 ea  j!.\...;..-.Q...
0000bb70: 05 29 06 47 5d 9c d5 e9 8f f9 a4 75 64 df 83 fb  .).G]......ud...
0000bb80: 79 a1 9c 83 a3 a7 3d 67 cc 24 99 3e c5 6a e8 c9  y.....=g.$.>.j..
0000bb90: 9a 46 b9 4f 9e d9 1b 52 00 7f ce 65 2d 3b db b5  .F.O...R...e-;..
0000bba0: 90 1d 9d 82 67 e9 69 b5 af b4 b5 86 16 82 32 50  ....g.i.......2P
0000bbb0: 7b f4 1d 24 db f2 90 5c b7 59 0a 10 ad 05 b6 fe  {..$...\.Y......
0000bbc0: 86 1a 98 5c 94 d1 73 89 9d 8b 88 49 89 6a 5d fb  ...\..s....I.j].
0000bbd0: 59 7f 03 61 08 9c df f7 39 03 a2 4d a1 93 89 04  Y..a....9..M....
0000bbe0: 3d a8 5e 1a da f2 4a 10 2c 44 a6 79 b7 2f 1c d7  =.^...J.,D.y./..
0000bbf0: cd 9e c3 c8 8d 3a c7 78 23 26 10 3f 98 c9 e4 64  .....:.x#&.?...d
0000bc00: 62 05 6b 8a b2 fb 2c ea 31 2f f7 0e 8a 3d fe 8c  b.k...,.1/...=..
0000bc10: 00 db 47 a0 07 da a4 9b 0d c5 b2 ad b5 c3 8e 90  ..G.............
0000bc20: 7d aa be 80 63 7c f6 91 d9 47 92 d1 c3 a0 6d 25  }...c|...G....m%
0000bc30: 47 de e8 0c 14 f9 15 01 96 c7 ea e0 60 59 79 2b  G...........`Yy+
0000bc40: ad 09 93 ae e7 53 7c f5 28 f6 ac 08 c8 d2 fd be  .....S|.(.......
0000bc50: 80 64 17 f9 4c 8e 25 e2 97 eb 2f 78 22 f0 9f bf  .d..L.%.../x"...
0000bc60: 32 64 d8 d9 01 72 72 7c 4e 8e cd 7c 3e 25 1b b5  2d...rr|N..|>%..
0000bc70: f2 d1 8c 86 24 23 42 88 dd c3 de 3f f3 65 45 33  ....$#B....?.eE3
0000bc80: 83 cc 6f 9c 58 0f 57 0c f5 e4 48 2f 87 cb 94 13  ..o.X.W...H/....
0000bc90: 4b 96 d2 98 dc a9 17 d3 97 bd 3b 4a bb df ef c3  K.........;J....
0000bca0: 64 d9 93 6c 5c f1 f1 b1 1d 48 e6 ef db 69 52 e1  d..l\....H...iR.
0000bcb0: 7d b0 48 8a 39 e2 27 84 b3 3f f2 9b c1 e1 2f d7  }.H.9.'..?..../.
0000bcc0: a4 e9 81 45 3a 86 3b b1 9c a2 6e 9c a7 60 8c 3f  ...E:.;...n..`.?
0000bcd0: 1e 54 b9 0c 50 6d 2c 0e 05 ce c8 39 a5 c3 17 af  .T..Pm,....9....
0000bce0: dc 41 9a 29 80 12 3a 90 3e 22 a8 9c 89 5c 09 57  .A.)..:.>"...\.W
0000bcf0: f6 49 a3 0b f2 51 f3 19 cb 7f 9e 28 66 e9 79 c6  .I...Q.....(f.y.
0000bd00: a3 cf 70 e5 7e 89 c8 a0 a8 4a a7 17 ff 4b 29 7f  ..p.~....J...K).
0000bd10: 52 1a 8d 79 d4 22 9a 42 79 3b d2 68 db 5a 3b 58  R..y.".By;.h.Z;X
0000bd20: 22 3d 1f b2 77 1e 34 a1 93 77 4a 5c 9c 5c 13 4a  "=..w.4..wJ\.\.J
0000bd30: b8 22 e2 6f dc 56 7a 8b 8a 89 05 3b 48 71 90 37  .".o.Vz....;Hq.7
0000bd40: 8e 15 2c 2f 34 35 1f e0 23 b3 ca 8d 06 2c fe 83  ..,/45..#....,..
0000bd50: a7 d7 b4 77 f9 fe 6f 99 54 9e 98 dd fe 14 72 68  ...w..o.T.....rh
0000bd60: ba 4f 54 e6 d8 3a 10 7b bc 54 7f 69 61 74 2a 3b  .OT..:.{.T.iat*;
0000bd70: dc 44 3d df ea cb 21 ed 0a 79 2d c1 6a c1 f6 25  .D=...!..y-.j..%
0000bd80: 5f c0 1b 2c 57 e0 4b 2f 5b bd fe 05 a4 d4 56 a9  _..,W.K/[.....V.
0000bd90: 82 e2 0a 34 28 87 47 53 88 52 45 b7 43 69 ab f6  ...4(.GS.RE.Ci..
0000bda0: e8 7c ad fb 61 72 21 f5 f9 2c b6 f2 30 2a cc b3  .|..ar!..,..0*..
0000bdb0: 6c 8d 87 f8 08 65 81 80 d6 b8 e7 9a 36 32 21 8a  l....e......62!.
0000bdc0: 40 3a 3e 7f 6f cc 91 f5 cc 55 1e d8 45 d5 eb ee  @:>.o....U..E...
0000bdd0: 89 f9 52 ba 99 0f 37 1c 19 4a 28 51 1a 7e 6c cf  ..R...7..J(Q.~l.
0000bde0: 14 c9 2c 2a 12 d3 59 b7 57 08 76 d8 cd 78 36 03  ..,*..Y.W.v..x6.
0000bdf0: f6 5b ff 6b 8d ab 44 12 ec 08 3f 6b 18 7c 20 52  .[.k..D...?k.| R
0000be00: 88 9f 9c 3b 11 07 79 db 15 7e 24 50 51 9a 70 a7  ...;..y..~$PQ.p.
0000be10: 84 cd be 29 86 b1 cd 26 f0 3b b6 ef 8a a1 d6 c2  ...)...&.;......
0000be20: ed d7 62 86 b6 11 87 20 82 bb d2 d8 5c 85 5b 9f  ..b.... ....\.[.
0000be30: 6f aa 17 dd c6 f3 13 0e 5c 57 e1 a4 15 12 4f 3a  o.......\W....O:
0000be40: 4b 5c 15 89 a2 a0 43 ca 7f b1 a9 a6 bf 83 0b 55  K\....C........U
0000be50: 25 3f b7 36 6c 72 15 ad 06 a4 fe ca be d9 7f f1  %?.6lr..........
0000be60: 54 9b 47 14 a7 e2 fb 6f 5c a0 cc 16 de c6 f1 0e  T.G....o\.......
0000be70: f3 df 63 87 da 49 d5 9b cf 0e e2 ef 73 c5 f7 5d  ..c..I......s..]
0000be80: 00 08 5f 89 82 ca 51 71 8d 7e 26 6b f9 27 14 52  .._...Qq.~&k.'.R
0000be90: 09 27 d6 34 03 ef da 17 88 67 1e 12 c5 5e 79 b4  .'.4.....g...^y.
0000bea0: 5c 10 94 f9 85 8c 36 42 85 f4 6c c9 3c 2e 4e 9e  \.....6B..l.<.N.
0000beb0: 24 34 6b 69 75 86 77 fc de d5 cd ba 97 ab 84 e6  $4kiu.w.........
0000bec0: cb 0b df 33 79 29 1d 61 8c 0c 57 99 40 48 8b 0f  ...3y).a..W.@H..
0000bed0: 1b fc e6 0a 39 67 69 ff ff bb db cc 3f 5a e9 2a  ....9gi.....?Z.*
0000bee0: af bb bc 61 aa 7c 4f 9e 7a 73 d4 23 06 41 a3 9c  ...a.|O.zs.#.A..
0000bef0: 27 9a 8c c4 58 39 fe 7c e8 aa f6 69 f7 a3 30 d6  '...X9.|...i..0.
0000bf00: 57 16 0e 68 80 61 11 30 21 4d dd ca f4 6a da f3  W..h.a.0!M...j..
0000bf10: d4 f9 f2 d1 8a 25 15 bb 22 ad c8 5e 16 12 2e 4f  .....%.."..^...O
0000bf20: 46 65 a3 de 0b 3e 08 24 b9 2f ec 60 de ea 52 22  Fe...>.$./.`..R"
0000bf30: c8 93 1a 84 a7 65 36 55 b6 99 08 ad 2f 68 cd 18  .....e6U..../h..
0000bf40: 0d c0 b6 43 dc ad 24 68 fe 75 55 7e fa 49 11 35  ...C..$h.uU~.I.5
0000bf50: ef 1f 0f 6c 56 d3 66 3b 40 04 47 0d 37 f3 fc 5b  ...lV.f;@.G.7..[
0000bf60: 04 5b 1c 06 c7 aa de ef 8b d5 3c 10 79 d0 56 fe  .[........<.y.V.
0000bf70: a5 18 0a ec 2c 7b 39 46 db 79 33 80 aa 17 fc 3f  ....,{9F.y3....?
0000bf80: fd 51 10 a8 aa 59 00 68 9f b7 5c 3b 8d 5c a8 35  .Q...Y.h..\;.\.5
0000bf90: 0e 5d 02 58 f2 4d 16 53 f6 39 73 0e 7a 64 99 b9  .].X.M.S.9s.zd..
0000bfa0: dd db 9c 9b 01 5c 16 62 bd 47 5c 18 1f b4 c2 c7  .....\.b.G\.....
0000bfb0: 30 58 88 de b2 61 7c bc 22 b5 ef 00 3a 75 14 f4  0X...a|."...:u..
0000bfc0: f7 ae e4 94 4c 84 45 65 c8 b7 0a 69 21 bf a1 dc  ....L.Ee...i!...
0000bfd0: a5 ca aa 45 00 fa 86 ef a9 67 5f 53 34 64 c2 f8  ...E.....g_S4d..
0000bfe0: 9a 5c 72 ef f2 cd f0 e0 7d 8d 2f 2d e3 f5 63 2d  .\r.....}./-..c-
0000bff0: 0c de be 13 6f 3a 6d bb cb b9 5c 16 ec 1e 94 73  ....o:m...\....s
0000c000: 3e bc 76 9a 72 67 d0 f0 64 fb f7 ce 2c a8 74 c4  >.v.rg..d...,.t.
0000c010: 30 13 16 e1 eb 60 5d 9f 8b cc 56 fe a0 44 f9 cc  0....`]...V..D..
0000c020: 59 43 e1 24 3a 8f 1b 2e fc ad 02 f4 48 88 08 c8  YC.$:.......H...
0000c030: 17 65 c9 78 5e f6 17 a1 5c 39 b6 c2 90 c8 79 1b  .e.x^...\9....y.
0000c040: 7b 66 e0 4b b6 ac d4 79 4d db 19 78 a1 f3 9a 1b  {f.K...yM..x....
0000c050: 83 dc 47 e5 b4 1d 2f 5b e4 96 91 3f fd e5 64 40  ..G.../[...?..d@
0000c060: 6b 36 9f db 72 1e 53 5b b4 71 bd ff 25 05 35 42  k6..r.S[.q..%.5B
0000c070: 11 8e ae d3 64 ad 3b 3c be 15 2f 2b 4d 43 d6 83  ....d.;<../+MC..
0000c080: 4a d2 0f 16 e3 b4 2c 24 ee 47 68 e4 5d ee 86 61  J.....,$.Gh.]..a
0000c090: f7 5c 7d dd 93 91 c2 6a af 9e d9 5d 34 06 47 08  .\}....j...]4.G.
0000c0a0: 04 40 23 86 cd 7e cd 93 de 39 40 a0 39 04 79 0b  .@#..~...9@.9.y.
0000c0b0: 34 bd b3 cb 58 f1 20 7e 39 8c 4e 70 e4 42 24 4f  4...X. ~9.Np.B$O
0000c0c0: b6 36 33 65 00 4e 4b 64 64 7c 19 e4 9d 64 a8 d0  .63e.NKdd|...d..
0000c0d0: 79 6d c5 f9 bf ea b8 a3 d5 eb 53 50 72 cd 76 5b  ym........SPr.v[
0000c0e0: 7a a3 4c b5 6f 86 02 41 c4 bc 0d 78 20 b1 c0 5b  z.L.o..A...x ..[
0000c0f0: 0b 22 cd c8 bf 91 12 07 b6 9b 46 96 c7 9d e2 4d  ."........F....M
0000c100: 53 31 d7 b7 21 b8 4f d6 31 74 64 e5 a5 0b d3 1f  S1..!.O.1td.....
0000c110: 0d 5e 15 fe ee e8 2a 3d 1d cf 8a 28 5b f6 ff 2d  .^....*=...([..-
0000c120: 22 a7 99 77 6c 54 d9 f9 5f d0 41 6e 0d 63 94 86  "..wlT.._.An.c..
0000c130: b8 75 f0 eb 13 36 b6 f5 cd 6f 53 1e d1 3c 49 f6  .u...6...oS..<I.
0000c140: 52 8e 1f 6f 7d ff 2d fb 4b e7 a9 87 a7 16 7c 63  R..o}.-.K.....|c
0000c150: d6 1d 50 48 0e ee 6f d8 ab 29 38 17 25 3e 73 a3  ..PH..o..)8.%>s.
0000c160: ba 69 04 fe 0d 47 22 c3 25 3d e9 ac 9e a5 7f bc  .i...G".%=......
0000c170: c6 7d 31 97 52 03 ed ce 6c 12 0d 31 66 d9 e3 28  .}1.R...l..1f..(
0000c180: ab 15 4d 3e 9c 55 d6 41 89 35 64 a3 a2 03 44 d5  ..M>.U.A.5d...D.
0000c190: ef 5f b2 b9 b0 12 ba 33 7e 3f 98 b1 ea a1 88 19  ._.....3~?......
0000c1a0: f4 0a 8e 8f 45 6e b6 ba ea 92 f2 13 2f 70 18 40  ....En....../p.@
0000c1b0: 99 bb 04 af df 7e 13 90 d7 3c bf 1a 56 b4 5a 63  .....~...<..V.Zc
0000c1c0: a6 56 03 19 58 ed 89 ae 9d ba 1d 55 18 a7 76 70  .V..X......U..vp
0000c1d0: 46 e2 09 2a dc 10 75 6a 84 6b 8f 65 ce 29 48 05  F..*..uj.k.e.)H.
0000c1e0: b9 49 77 99 c0 39 9a ed 71 d3 06 5c fd 05 d7 44  .Iw..9..q..\...D
0000c1f0: 2c b5 63 4c c9 dc f2 97 86 2c 3c b4 00 ff 78 f7  ,.cL.....,<...x.
0000c200: cf 28 66 d1 84 2d 3d 23 4a 2c 80 b5 c2 8d 3d fa  .(f..-=#J,....=.
0000c210: b4 4c ba 67 63 44 47 6d dc 55 88 8e 47 24 4e 76  .L.gcDGm.U..G$Nv
0000c220: 67 95 5e 87 cc 96 e1 e5 2c 41 75 11 cc ff 4e bc  g.^.....,Au...N.
0000c230: 7c 10 16 81 0e 3e cb 7d a6 b5 02 38 6f b1 ae 35  |....>.}...8o..5
0000c240: e4 a7 ca 26 ff 50 ef 64 56 36 13 ae 11 9f 2f 90  ...&.P.dV6..../.
0000c250: 5d 95 4a a7 4f 85 92 f6 ec 17 75 4a 15 29 27 7d  ].J.O.....uJ.)'}
0000c260: 6d b4 6f d9 f7 c7 28 26 49 3a 11 aa 56 c9 f1 db  m.o...(&I:..V...
0000c270: f9 93 70 14 4b 1c 45 60 4a 29 81 39 e0 3e 9b f8  ..p.K.E`J).9.>..
0000c280: 8b d0 30 fe 18 60 a0 ce a0 5a 61 99 3e 0a af c9  ..0..`...Za.>...
0000c290: 6d c6 49 22 76 92 08 10 58 93 86 35 9d 1a 34 6d  m.I"v...X..5..4m
0000c2a0: 73 8f 28 ff ab 6d fa 14 29 a6 1a 93 5b ae f9 65  s.(..m..)...[..e
0000c2b0: 23 d2 0a ac 84 25 c4 ff f8 b7 6b 60 0c 7a d8 a6  #....%....k`.z..
0000c2c0: 5a 08 1a 05 1c 4b bc 7b 6f 27 88 52 67 69 47 02  Z....K.{o'.RgiG.
0000c2d0: 44 66 96 3b a2 88 b3 7b 12 bb 00 41 12 1f 2a 25  Df.;...{...A..*%
0000c2e0: d7 92 ce 8a 80 07 73 cc 95 c9 9f 7b 6c b8 56 94  ......s....{l.V.
0000c2f0: 6a 0e f4 30 0e 08 ff 40 c2 4c 5f 22 46 5b b8 3e  j..0...@.L_"F[.>
0000c300: 89 04 36 91 8a cb 57 1e 9e bd f3 5e 9e eb 29 2a  ..6...W....^..)*
0000c310: 77 0d 07 5f ef 58 39 f8 f4 85 01 fd 31 96 7e 10  w.._.X9.....1.~.
0000c320: d3 ef a0 0a 36 d4 b0 21 92 c9 58 22 3c 5a 53 bf  ....6..!..X"<ZS.
0000c330: f1 68 9d d0 fe 0b f2 b6 49 e6 45 ca 88 4e b1 71  .h......I.E..N.q
0000c340: f2 5a c5 ec d7 3a af e5 d3 69 b2 09 84 96 6e af  .Z...:...i....n.
0000c350: 0b a6 30 d5 a7 02 1a bf d6 c6 bb 16 e2 1d ad b5  ..0.............
0000c360: 98 ca 22 0c 06 9f 83 3f 99 30 4d 9b 40 cf 5e 43  .."....?.0M.@.^C
0000c370: e5 5c 1c d4 f6 bf ce 10 38 f9 9c 5d 19 79 1d a6  .\......8..].y..
0000c380: 67 6d 55 fc b1 06 07 af 8c 64 de 8c 45 61 02 f2  gmU......d..Ea..
0000c390: b6 23 82 3b 03 44 40 56 12 6e e5 0c 1d 34 d0 c3  .#.;.D@V.n...4..
0000c3a0: a0 54 ae 23 d2 9b 03 03 cb 86 00 6d b8 90 d3 ea  .T.#.......m....
0000c3b0: 39 57 c2 2a 75 f5 4b ac 29 79 1d 2d b1 b1 f4 70  9W.*u.K.)y.-...p
0000c3c0: 8e 14 ef 9f 2b 63 ce 16 a1 04 1b 7d f7 5f 4a 72  ....+c.....}._Jr
0000c3d0: 53 7c 19 d0 c8 19 de d5 88 34 8e 28 79 e0 cf 57  S|.......4.(y..W
0000c3e0: 6a 9e 85 c5 49 cd 29 e3 9b 0a 70 d6 8f 28 e4 0e  j...I.)...p..(..
0000c3f0: cf b4 a0 78 1e 0b eb fb 63 8c f3 90 fa ad c7 c0  ...x....c.......
0000c400: 98 96 9e 61 fb de 0b 38 9e 9b 7c f3 15 4c ae 76  ...a...8..|..L.v
0000c410: 5c aa 50 d7 76 66 60 bd 99 e8 70 2d e7 35 d0 0d  \.P.vf`...p-.5..
0000c420: 3a f1 56 38 8c e0 3c b5 c0 9a 69 80 5c 3c fe 3a  :.V8..<...i.\<.:
0000c430: 54 28 e3 0e 6c 95 f8 18 ee f5 03 f5 6d 58 30 29  T(..l.......mX0)
0000c440: 23 1d e8 c6 86 da d4 b2 8d 67 dd eb 73 5f 21 8a  #........g..s_!.
0000c450: 54 80 a4 44 19 47 22 6a 8d a2 59 29 9e e8 8d 3a  T..D.G"j..Y)...:
0000c460: 72 92 b8 e4 e6 64 a4 f6 f0 42 0c ae cf 8b 13 d9  r....d...B......
0000c470: 05 64 e4 f8 85 61 3a 5c c8 31 c8 f4 61 b2 2d 32  .d...a:\.1..a.-2
0000c480: ea be 2d 9d 24 02 5a 1d cc 41 cb 44 61 c7 0e 41  ..-.$.Z..A.Da..A
0000c490: a3 7e 53 86 a8 00 15 12 58 c3 94 46 80 2c 7c 15  .~S.....X..F.,|.
0000c4a0: 2a 50 06 cf 13 9d 82 cb f1 08 14 84 83 48 58 77  *P...........HXw
0000c4b0: 0d be d0 11 f0 da f3 2c 8e b0 3f c9 a6 26 de ca  .......,..?..&..
0000c4c0: 64 d9 af 9d a8 0e 43 73 e7 8f 1c 33 ee e8 1a 0b  d.....Cs...3....
0000c4d0: 74 f6 15 a3 32 37 dc a6 76 28 c7 48 ef f2 ab 99  t...27..v(.H....
0000c4e0: 51 33 24 b7 79 de 65 cb 93 45 00 5e 25 66 49 51  Q3$.y.e..E.^%fIQ
0000c4f0: 52 20 5e ef ee 39 e5 73 69 59 79 af eb 99 fd aa  R ^..9.siYy.....
0000c500: 11 09 ea d5 4d 29 37 9e 35 23 39 65 18 42 a9 ef  ....M)7.5#9e.B..
0000c510: c4 a5 66 dd b8 92 95 3c ec ae e7 b9 ca f6 47 5c  ..f....<......G\
0000c520: 2c 45 7d ad 0d 65 39 d4 54 01 fe b1 ff e8 9a b2  ,E}..e9.T.......
0000c530: de 5f 27 ec 0b f1 55 51 70 7d 5a 36 a4 67 39 03  ._'...UQp}Z6.g9.
0000c540: 89 53 5f 9d 15 f5 88 22 b4 b9 f4 1c bd 5a ae 77  .S_....".....Z.w
0000c550: 15 f3 82 63 31 42 15 0e f3 50 df 83 72 35 5a 3e  ...c1B...P..r5Z>
0000c560: 12 d8 e6 ca b9 37 07 00 f8 f8 d8 8b ac 1d a1 70  .....7.........p
0000c570: f2 10 d7 15 7f da c3 19 3d c6 a9 f4 80 97 9a 40  ........=......@
0000c580: 70 a9 1f e8 c9 8a 3f 2f af 23 04 1e 11 92 f9 82  p.....?/.#......
0000c590: 46 9e ce 48 86 61 1d 05 98 7f 17 28 19 cd c8 9a  F..H.a.....(....
0000c5a0: db 38 c5 4b d3 eb 97 c6 c3 72 77 f4 e3 0f 5f fb  .8.K.....rw..._.
0000c5b0: 40 75 b7 7b 6a 08 ba 7e f1 ba 6d de 5c 4a 0d 9d  @u.{j..~..m.\J..
0000c5c0: c2 28 80 c2 b4 8d 15 bc ac 10 63 13 91 00 3b b0  .(........c...;.
0000c5d0: e1 6a ac c0 5b 7b 3c 2d c9 ca 73 b1 38 d5 6d d1  .j..[{<-..s.8.m.
0000c5e0: 40 08 45 9c 11 dd b6 2d 63 92 7d 25 d2 11 38 fb  @.E....-c.}%..8.
0000c5f0: 48 58 13 11 0b af b1 d2 63 cd 13 c0 6a 75 7a f6  HX......c...juz.
0000c600: 10 5c ca cf e6 78 e4 38 b3 38 ab d0 f0 85 12 6a  .\...x.8.8.....j
0000c610: 3f cb 55 4e 28 c6 31 67 ef c2 09 e5 10 53 86 a7  ?.UN(.1g.....S..
0000c620: 39 b5 30 c4 cf a7 c9 fe 50 0d ca 6a 63 9d dd 59  9.0.....P..jc..Y
0000c630: f3 a5 e8 9a b5 d2 15 41 b1 30 e5 36 7e 60 9e 63  .......A.0.6~`.c
0000c640: c2 b5 54 03 4e d3 9a 87 16 4c 9c 21 ad ad 07 8d  ..T.N....L.!....
0000c650: 4c 63 16 c8 f3 d0 d5 ec d2 0b 60 e7 8e 8c 6d 59  Lc........`...mY
0000c660: 1d 2d 36 6b df 3d e5 c3 73 3d 4f c4 50 f2 6b 46  .-6k.=..s=O.P.kF
0000c670: 14 77 e8 db 73 22 14 8c 15 64 4a a0 0f d8 d2 01  .w..s"...dJ.....
0000c680: 6c 44 67 47 eb 12 23 f2 bb ad 2d ec b6 85 39 9e  lDgG..#...-...9.
0000c690: 1b 93 6a 9e 9e 60 61 34 b4 9b c1 46 65 ff e7 1e  ..j..`a4...Fe...
0000c6a0: 39 3b 18 ca 75 a0 f7 3f 22 82 9f 2b 46 ab ee c3  9;..u..?"..+F...
0000c6b0: 2f ff cd 69 f6 aa ea b0 92 4b fd 8e c3 46 99 62  /..i.....K...F.b
0000c6c0: 88 e5 0e 5b 7c 53 53 0b 0f 61 16 0b 7c 91 d1 c8  ...[|SS..a..|...
0000c6d0: cd 4f 75 2b bd b1 72 dc a4 ee 06 e0 7c 82 04 7e  .Ou+..r.....|..~
0000c6e0: 90 b6 67 5c 0b 7d c7 3a 53 b9 fa fc 48 81 a6 07  ..g\.}.:S...H...
0000c6f0: 6c 68 90 01 eb e0 14 34 b3 31 c6 0c ba fd 84 72  lh.....4.1.....r
0000c700: e6 f0 50 0d a6 78 33 5e 62 01 af 50 a0 03 0f a9  ..P..x3^b..P....
0000c710: 4c 21 e8 d4 12 6e 7d ac 89 11 c2 f8 9b 7a 8d 7d  L!...n}......z.}
0000c720: 9b 2c cf 7d 8c 97 be 17 b5 28 cb 78 d8 65 84 02  .,.}.....(.x.e..
0000c730: 6c 60 c1 61 a3 40 5f d4 c5 74 be fd b4 9b ac 94  l`.a.@_..t......
0000c740: f1 60 09 7f b8 64 3c 31 62 3c 67 44 e1 be 4e 61  .`...d<1b<gD..Na
0000c750: 98 5b 93 fa ab 03 62 a1 b2 74 8c b2 c9 a9 e4 9c  .[....b..t......
0000c760: 96 5a 74 e8 a8 90 0a f6 4d 1c 9d 22 4c db c7 b6  .Zt.....M.."L...
0000c770: 88 e9 74 5c 6b 7e d5 82 84 b7 5e 29 e1 fe ac 2a  ..t\k~....^)...*
0000c780: 97 48 a4 1f 88 bf 33 90 4e 3c 02 a2 1c bc 8e 67  .H....3.N<.....g
0000c790: f1 c3 1f df b4 5b da 72 58 eb 2e 16 c1 fd 6a 1f  .....[.rX.....j.
0000c7a0: ce d5 55 cb 68 58 72 fe 89 6e 8c 57 f7 f1 cd b1  ..U.hXr..n.W....
0000c7b0: 06 a0 3b 1a 94 a5 40 7c e5 58 cc 29 bb d6 0e 15  ..;...@|.X.)....
0000c7c0: 53 9c b1 19 ad 33 3e 8a ec d4 24 ab 8d 99 45 4f  S....3>...$...EO
0000c7d0: e7 68 c4 bf 52 a8 73 9d a4 b6 c8 b6 86 a8 a2 32  .h..R.s........2
0000c7e0: 06 bf 79 9d 4a 38 02 3b 89 aa 22 ed 21 20 eb 24  ..y.J8.;..".! .$
0000c7f0: 47 61 54 a0 cd bd 2d 0c 71 29 06 66 a8 a1 4f bd  GaT...-.q).f..O.
0000c800: 4e e7 1c f3 6b f1 f4 4a f5 f7 c6 33 10 22 3e 0b  N...k..J...3.">.
0000c810: 5f 0b 00 0b ff 4d d3 ca 8b 1f 9d 8a 62 26 de b6  _....M......b&..
0000c820: ee 5d 9c 3d 1e 3c 75 b4 e8 05 fe c3 40 59 a8 1b  .].=.<u.....@Y..
0000c830: c3 b4 a2 37 f4 d6 cc f9 a4 e0 fd 50 55 ca 88 a3  ...7.......PU...
0000c840: 56 86 96 34 18 64 18 85 73 6f 72 ad 1d 30 22 81  V..4.d..sor..0".
0000c850: 8e 26 f7 1f 49 42 0c 88 6d a0 17 a6 e6 8e 43 62  .&..IB..m.....Cb
0000c860: 62 b5 30 1a 70 6b 64 25 e8 8b 88 fa 01 ab c4 43  b.0.pkd%.......C
0000c870: ef 6c 81 4e 99 c6 52 61 29 85 fe 0f d5 e4 f2 7a  .l.N..Ra)......z
0000c880: f4 71 86 17 0d 49 4a 94 ec b7 cf 9f 64 89 bb c6  .q...IJ.....d...
0000c890: 97 d1 f8 58 e6 22 6a 8a 3a d8 cc 18 60 d7 50 6d  ...X."j.:...`.Pm
0000c8a0: fd 1f 2b b0 7c f0 31 39 42 ed 90 35 9f 54 5d 55  ..+.|.19B..5.T]U
0000c8b0: 5f 9f b3 fa 13 1e 67 f1 7f 26 08 cd 86 eb 9d 73  _.....g..&.....s
0000c8c0: 1f 69 8f 95 60 8c ac d9 02 fa c6 4b 3c cc 8e 14  .i..`......K<...
0000c8d0: 93 6b 89 3b b4 a0 9e cc 51 49 6c 0b dd e5 2f 06  .k.;....QIl.../.
0000c8e0: 3d 35 30 bb e5 1b 14 73 1d 57 c5 c2 68 1a 90 a3  =50....s.W..h...
0000c8f0: fe 8d db 7f 05 fa 99 b8 ef 86 ab e7 01 0a a9 4d  ...............M
0000c900: 57 12 e7 6b 5d ed 5c 0b 57 94 c7 3e b2 47 ad 60  W..k].\.W..>.G.`
0000c910: d7 98 16 41 5d 60 4f 85 b1 d4 d4 64 c6 bc af 3d  ...A]`O....d...=
0000c920: d2 53 27 27 45 25 be d8 08 94 1d f1 ff 7e a9 b0  .S''E%.......~..
0000c930: a3 28 b0 fe 47 09 57 29 33 8c 97 7e 33 8b d2 02  .(..G.W)3..~3...
0000c940: 01 3b d5 c5 12 fa 4f 74 ce 96 72 54 f1 fe 07 03  .;....Ot..rT....
0000c950: e0 fd 44 b2 eb 9a c5 ca ec 0d 95 65 4a ea cc cb  ..D........eJ...
0000c960: 38 e8 b1 4a 8f 89 40 c2 fc 4c b5 9c e7 7a 38 3a  8..J..@..L...z8:
0000c970: 8c b5 e5 6e 4f 04 f1 15 9e 48 67 92 45 e7 d2 87  ...nO....Hg.E...
0000c980: e1 25 72 2d a1 3f 62 9b 8a 02 0c 79 e0 0f 15 6c  .%r-.?b....y...l
0000c990: 6e c9 0f 22 c0 fa cb cd 32 77 b8 88 55 f6 03 fc  n.."....2w..U...
0000c9a0: 18 36 91 63 03 9f 75 22 3b d4 f4 d1 5a d1 37 75  .6.c..u";...Z.7u
0000c9b0: bf 87 f7 ff f6 33 c3 c3 e7 1d 68 17 f7 a2 44 db  .....3....h...D.
0000c9c0: f1 e6 bd 34 c2 1b 88 7d 65 f8 d5 b3 88 10 81 1a  ...4...}e.......
0000c9d0: 79 4b d7 91 63 eb 21 f3 e7 d9 21 f8 d2 19 a9 73  yK..c.!...!....s
0000c9e0: e3 31 0d 9b 30 80 99 56 52 b4 41 7b 64 4f 68 5b  .1..0..VR.A{dOh[
0000c9f0: bf a9 52 43 55 51 c6 46 c4 0c a1 49 7c b3 ab ac  ..RCUQ.F...I|...
0000ca00: 72 21 3e b8 90 4a 49 06 06 5e 01 50 53 0a 6a f2  r!>..JI..^.PS.j.
0000ca10: 7d 6b 09 d8 f6 ba d8 00 ac 10 90 69 9d 80 de ee  }k.........i....
0000ca20: 3d c7 96 15 1f 7a ef 57 3f ed 68 18 f7 31 ec ed  =....z.W?.h..1..
0000ca30: 65 32 db 80 08 22 d1 c3 d9 6d 0a f2 53 c5 fa e7  e2..."...m..S...
0000ca40: 4a 9a d2 02 a7 34 9d eb 33 74 99 69 ad 17 41 d6  J....4..3t.i..A.
0000ca50: e2 e9 c0 94 e4 b0 c7 69 ad 12 10 eb 67 ff f8 48  .......i....g..H
0000ca60: 55 7a 2c 58 6d 61 7e a2 f1 d6 cb 74 38 a9 c1 c5  Uz,Xma~....t8...
0000ca70: 04 35 22 f3 15 e3 25 77 fd 64 1b 15 0b cc 25 90  .5"...%w.d....%.
0000ca80: ae 1e d4 07 e5 dd a4 c7 d5 67 4d 0f 98 de 05 34  .........gM....4
0000ca90: 0b 24 f7 65 7e 3f 13 07 5f 03 35 4d 0e ee 13 f9  .$.e~?.._.5M....
0000caa0: 25 d9 77 0b 49 15 86 3f 6a 91 e2 66 71 96 5f e5  %.w.I..?j..fq._.
0000cab0: cf 04 0d 6c 1a 41 86 2b da 9d 45 af ad a3 c3 8b  ...l.A.+..E.....
0000cac0: 10 c9 7d 13 15 21 8f f4 75 21 44 9b d6 9f 0d 1a  ..}..!..u!D.....
0000cad0: 86 99 93 d3 06 8e d5 e3 c7 af da d5 ea 1d a0 0a  ................
0000cae0: cf 74 6e 85 b2 95 5c b4 a7 0c 98 1d 26 31 f7 bd  .tn...\.....&1..
0000caf0: b4 c6 c0 ac 53 76 32 2d 51 3e 23 2a 10 d2 45 2d  ....Sv2-Q>#*..E-
0000cb00: 7d cb 4b 3f 7e 26 17 4f ab 1c e5 cc 1e 0b a3 6a  }.K?~&.O.......j
0000cb10: 52 8c 51 d7 5c 05 ae b3 c6 29 c3 e0 cb 78 1d 59  R.Q.\....)...x.Y
0000cb20: b3 77 06 2c 14 69 91 27 6f fd 44 57 e4 1d f8 d7  .w.,.i.'o.DW....
0000cb30: 8d 05 e8 73 31 7e d9 80 34 0d 2e b2 74 c0 fa 6d  ...s1~..4...t..m
0000cb40: f1 04 c9 d1 33 7f f8 1c 68 99 78 d0 84 49 b8 8a  ....3...h.x..I..
0000cb50: 83 6f 21 57 15 75 0f ad 1d d3 71 47 9e b1 44 b1  .o!W.u....qG..D.
0000cb60: f2 9c 33 9a 3e f0 34 21 ac c9 37 d2 4c 6d 32 f5  ..3.>.4!..7.Lm2.
0000cb70: 57 05 fa 7e 3a 95 3f cf a6 ad 5d c4 c3 6d 8c e5  W..~:.?...]..m..
0000cb80: f0 52 e7 6c eb 01 03 14 d2 b9 e4 db b8 c6 c5 96  .R.l............
0000cb90: c9 49 76 9e 29 ec cf eb 8b 36 a7 dc f3 d4 be 65  .Iv.)....6.....e
0000cba0: c8 68 56 5f 89 76 34 bf 91 86 4b 2f 1d 3b 39 90  .hV_.v4...K/.;9.
0000cbb0: df 04 55 b6 d7 e8 39 82 bc c0 2c d6 28 4c 00 8b  ..U...9...,.(L..
0000cbc0: 39 e4 72 6a bc 68 39 ce e3 8f 9b b9 ab 47 86 6b  9.rj.h9......G.k
0000cbd0: 13 73 9e 32 a4 75 d1 91 dd 82 d3 2a 25 be 60 41  .s.2.u.....*%.`A
0000cbe0: 84 b5 de 8f 51 81 b8 b7 79 fa 64 b1 82 dc 4f cd  ....Q...y.d...O.
0000cbf0: 86 b7 6d ea b1 41 ca 3f 2d db 9b c5 43 3b 8e ef  ..m..A.?-...C;..
0000cc00: ea 87 69 a5 ab e6 12 46 35 f1 c6 48 96 67 81 bd  ..i....F5..H.g..
0000cc10: d8 95 49 a0 6f 79 f9 31 cc 47 5d b0 14 f9 39 c0  ..I.oy.1.G]...9.
0000cc20: 77 e8 ec 95 03 72 f8 51 aa 21 5a 34 cb eb 99 fe  w....r.Q.!Z4....
0000cc30: e4 67 07 ba 8f c5 7f 94 23 b0 07 22 a9 3d 2f 9b  .g......#..".=/.
0000cc40: 85 92 1e ac e0 19 41 36 2d 3c 7e c7 b6 cc a3 6a  ......A6-<~....j
0000cc50: d3 a3 d7 7a 2f 77 fe fc 76 0c 84 16 c0 76 ff 6d  ...z/w..v....v.m
0000cc60: 5c 62 52 d5 b2 7f e2 32 d2 36 5c 7c 57 9e 42 56  \bR....2.6\|W.BV
0000cc70: 12 26 0a 1c ee 64 a4 12 1a e2 af 51 ab 01 77 9a  .&...d.....Q..w.
0000cc80: 0f a6 7a e5 9d d9 60 6a d0 eb c2 04 ab df 46 86  ..z...`j......F.
0000cc90: a5 51 7d aa dc bd 09 be 21 b7 8c 01 05 3f 5b 28  .Q}.....!....?[(
0000cca0: 05 0d 21 cb 2c 23 8a 71 48 d8 5d 9f c5 9e c3 0f  ..!.,#.qH.].....
0000ccb0: bc 51 90 e9 1a ef 78 10 db 64 48 46 50 04 98 52  .Q....x..dHFP..R
0000ccc0: 68 4b 18 fd 0d 1f c3 14 40 4a f6 f2 f6 df 57 6b  hK......@J....Wk
0000ccd0: bf 14 cc f8 cd b5 15 74 f9 ec 25 a3 61 e5 11 50  .......t..%.a..P
0000cce0: 38 5e 18 69 90 e6 71 c9 c6 c3 8c ba e0 0c 90 21  8^.i..q........!
0000ccf0: a1 9e 1c f4 c7 89 70 3a 53 5b d2 98 1a 82 77 e6  ......p:S[....w.
0000cd00: 26 fd 2c c1 6c 27 6d a2 b8 5e 14 33 12 91 6e 6e  &.,.l'm..^.3..nn
0000cd10: b8 fb 2f d1 17 1b 9b f3 8a 29 0f e6 d1 05 69 72  ../......)....ir
0000cd20: 9d 10 45 8c de fa 2d 02 75 14 4a e3 21 18 76 6f  ..E...-.u.J.!.vo
0000cd30: 3d f0 ba fa 2f e2 ba 6f d6 7a 8f 29 5f ed e3 d3  =.../..o.z.)_...
0000cd40: 3a b2 91 45 3f d6 59 0c c2 ac bf c6 fc b3 03 e9  :..E?.Y.........
0000cd50: d6 d2 49 81 02 6b 0e 31 61 83 33 23 ca 2a 07 7c  ..I..k.1a.3#.*.|
0000cd60: e8 46 a1 10 fd ca 58 08 60 7d 34 5b ec 92 0b f8  .F....X.`}4[....
0000cd70: 6f 91 34 7f 85 43 65 46 aa fc 28 dc 2a 18 75 05  o.4..CeF..(.*.u.
0000cd80: 8d 4f 5e b3 ee d1 b9 90 ab a0 d8 d3 2c c1 18 65  .O^.........,..e
0000cd90: 6d 17 38 1a 86 d2 4e 2e 55 24 21 32 ff e4 06 21  m.8...N.U$!2...!
0000cda0: cf c8 f2 7c 33 69 d1 a7 1f b9 e7 a9 d5 d3 a3 0c  ...|3i..........
0000cdb0: c0 11 f2 df 39 75 0d 32 73 25 9e a4 bd 1b 28 67  ....9u.2s%....(g
0000cdc0: ec 4f 56 91 d8 15 14 c6 82 e2 25 f2 37 de 42 c1  .OV.......%.7.B.
0000cdd0: c9 56 a9 6a 55 ab eb 28 02 f0 01 64 8f 64 5b 45  .V.jU..(...d.d[E
0000cde0: 5b 69 1b 97 4e 5d 1d 17 0a 24 75 71 e2 74 67 89  [i..N]...$uq.tg.
0000cdf0: ce 8b 4f d0 f9 ad b1 34 7c f3 9c db b4 c2 f5 58  ..O....4|......X
0000ce00: d8 9e 12 f2 1c 73 3c 76 6d ca eb 46 fb cf 85 ad  .....s<vm..F....
0000ce10: 0e e2 60 f8 f0 15 75 b5 82 92 ea 2b 5d df 59 6a  ..`...u....+].Yj
0000ce20: 2d 9b 04 8e 63 4c 1a f8 50 0f d7 bd d1 71 ae c0  -...cL..P....q..
0000ce30: 5d 3b f2 fb e7 81 13 25 20 a2 22 bb 4a 61 df 13  ];.....% .".Ja..
0000ce40: 9f 3a 8d e8 b1 b9 da 54 e6 fa 35 02 60 11 cf 99  .:.....T..5.`...
0000ce50: 53 d9 59 15 18 84 62 3f 40 97 d9 6b a5 31 ec b6  S.Y...b?@..k.1..
0000ce60: c7 4c b4 fd 58 50 fd 83 0e c3 17 d0 0b ee c6 08  .L..XP..........
0000ce70: 07 48 a7 7a 4a 7c f4 ad c0 00 fd 89 8f 94 35 ca  .H.zJ|........5.
0000ce80: 68 0a f7 06 79 a0 f8 95 d9 7b c4 8c db d6 05 2d  h...y....{.....-
0000ce90: ac fb bc 84 7f 78 e8 7b c9 b3 66 f2 39 bc 80 30  .....x.{..f.9..0
0000cea0: 3b 74 0d 80 b1 20 d9 35 07 8b 70 13 70 82 01 c1  ;t... .5..p.p...
0000ceb0: 64 03 fa c5 e7 a6 53 c2 12 c1 72 3f e1 d3 83 e2  d.....S...r?....
0000cec0: 10 3d e0 e0 d7 fe 1e a6 d7 71 63 24 41 39 51 34  .=.......qc$A9Q4
0000ced0: 34 29 27 21 14 20 72 ac d5 f1 ef 60 f5 a8 92 ae  4)'!. r....`....
0000cee0: dc 21 49 02 d8 7d 0e 44 87 d4 8f d6 67 ed c7 be  .!I..}.D....g...
0000cef0: ed f9 8b c5 4b 2e 58 68 6c c1 bf 09 7e 06 83 9c  ....K.Xhl...~...
0000cf00: b5 d8 32 6e f4 7b 16 85 e3 a6 13 23 69 cd fe 50  ..2n.{.....#i..P
0000cf10: fc e7 8b c2 a1 77 44 99 92 71 e9 62 1f b9 c8 34  .....wD..q.b...4
0000cf20: ab 11 5d 80 e4 ab 85 c0 8d a2 61 54 6d 5b 29 1f  ..].......aTm[).
0000cf30: 77 a4 f9 09 94 ef 16 af 9c 0c bf df 49 b5 b1 3c  w...........I..<
0000cf40: 8b 47 ea e5 33 68 3a e4 ab 90 5a 05 07 92 4a 00  .G..3h:...Z...J.
0000cf50: c2 7a 71 5c 5d b1 5f 31 de 9f 00 f3 93 d4 f1 fe  .zq\]._1........
0000cf60: 47 ea 19 d0 67 99 92 01 1f 9a ba 5b 1b b4 1a c6  G...g......[....
0000cf70: b2 aa 76 08 8d 7c 22 42 2f 28 18 9e 4d cd 6b fa  ..v..|"B/(..M.k.
0000cf80: 93 70 61 96 9e 45 f8 67 43 49 0f 51 24 94 38 a9  .pa..E.gCI.Q$.8.
0000cf90: bd 67 b4 49 e3 44 dc e9 5e 63 7a dc b9 fe 03 41  .g.I.D..^cz....A
0000cfa0: 77 8b 7f 2e 82 d6 7e 69 35 d0 7e cc d4 e0 8d e1  w.....~i5.~.....
0000cfb0: 31 08 21 ab 74 27 55 7d e3 76 70 c4 af cd ef 11  1.!.t'U}.vp.....
0000cfc0: e9 17 e5 18 a6 40 91 7f 20 84 9c 68 e1 48 dd 41  .....@.. ..h.H.A
0000cfd0: cc 18 56 af f9 a2 0e 66 48 09 f7 07 14 32 66 52  ..V....fH....2fR
0000cfe0: 6b a0 db fc 57 cc f3 3f b5 13 14 58 fe 47 e1 c7  k...W..?...X.G..
0000cff0: 86 aa 3a 56 59 54 7c 6c 5f 21 d4 f8 e0 62 ae 33  ..:VYT|l_!...b.3
0000d000: 24 0a ee 78 8c b4 63 02 ee 8e 14 08 b4 4b 36 b1  $..x..c......K6.
0000d010: 77 2d a0 53 70 6d 4f d3 f6 d7 4d 71 d1 ec ca fe  w-.SpmO...Mq....
0000d020: ae a8 55 5b 3f fd b3 a1 d8 d3 2a 9b b0 8c 7c 89  ..U[?.....*...|.
0000d030: 29 7f 64 95 1c 18 76 7d 60 56 89 eb e5 4a ac 58  ).d...v}`V...J.X
0000d040: c7 7a bb d5 e8 ae dc 9e b7 14 cd 3c 9f 53 c7 ce  .z.........<.S..
0000d050: 6e 7e f8 a7 30 f2 d6 30 02 58 e8 df 16 d0 8d 49  n~..0..0.X.....I
0000d060: 0a b6 4e 0b 98 9b 62 a9 d1 f2 21 96 c8 36 3e 55  ..N...b...!..6>U
0000d070: 09 a3 2c f0 6f 5d 2a 42 a5 6f 6e 36 33 c5 ee e8  ..,.o]*B.on63...
0000d080: a9 b3 a8 62 09 89 c5 4a df cd 7d 92 78 ef 2d cd  ...b...J..}.x.-.
0000d090: 31 41 96 40 8a ea a1 fa b2 99 1e e0 33 30 2d b7  1A.@........30-.
0000d0a0: d2 07 18 b5 b9 2f c0 b6 e8 f8 7f b0 86 e7 c9 33  ...../.........3
0000d0b0: 11 54 16 f5 b7 5b cf 15 c0 1b 65 d3 0c 75 57 2c  .T...[....e..uW,
0000d0c0: 94 19 b4 93 de a8 3f 50 d5 9d 52 3b 33 d1 6c 9b  ......?P..R;3.l.
0000d0d0: 5c 28 58 1e 3b f1 75 f8 49 d5 6a 88 23 f7 57 43  \(X.;.u.I.j.#.WC
0000d0e0: cf cf 47 37 1a 11 65 b7 e7 28 8f e8 2b b3 b0 fb  ..G7..e..(..+...
0000d0f0: 12 25 f8 cb 49 7d 69 3e 8c dc d9 07 31 41 9b 12  .%..I}i>....1A..
0000d100: 27 91 b6 0e aa 25 e3 f8 38 a6 71 c1 32 3c f1 37  '....%..8.q.2<.7
0000d110: e8 43 4b a2 ed 62 46 e9 aa c6 52 40 be 2b 1a 19  .CK..bF...R@.+..
0000d120: a6 01 5d 8f 68 5c 6e 43 f1 e3 a5 94 4c be fc af  ..].h\nC....L...
0000d130: 15 49 1f 44 8a 8b 1d 8b a3 bf fc a3 5a 03 aa 6c  .I.D........Z..l
0000d140: f7 18 53 8e ba f4 e2 7f 4b 38 20 7c 27 fd 24 32  ..S.....K8 |'.$2
0000d150: 03 19 f8 74 8f a3 80 93 f4 13 32 a0 76 9d 87 66  ...t......2.v..f
0000d160: 53 4b 44 3a c0 48 e1 3c 7b 60 46 21 ed bf ce fa  SKD:.H.<{`F!....
0000d170: 0d e6 62 58 96 79 26 a7 4e b4 09 cf 89 cd 27 ae  ..bX.y&.N.....'.
0000d180: ab 2a cf 27 66 53 4e 52 c9 49 61 5a 69 d3 c1 c4  .*.'fSNR.IaZi...
0000d190: d4 2d 57 11 e7 dc d0 b0 cb d4 68 6f 3f 63 b3 5c  .-W.......ho?c.\
0000d1a0: 44 ae 5d 28 12 06 66 b7 6c 97 ab 19 8b c6 93 1a  D.](..f.l.......
0000d1b0: bf 68 d5 03 a3 d2 1f da 6a 0b 9d f3 ba 08 8a 84  .h......j.......
0000d1c0: 40 b7 f4 16 0c b4 a1 29 44 b3 b4 c0 9d bd 36 db  @......)D.....6.
0000d1d0: a1 66 bf da 3d ad 32 2d 7e 99 a4 6e 22 e7 44 2d  .f..=.2-~..n".D-
0000d1e0: d4 a4 e9 2e 86 f4 ff dd 1d f1 6f 9f 32 db a9 d3  ..........o.2...
0000d1f0: de 52 c8 2a fe 78 70 f2 f6 e8 99 b5 7a d7 95 de  .R.*.xp.....z...
0000d200: 5b 4f 15 08 46 6e a7 02 90 a3 d5 41 32 7a 1e ed  [O..Fn.....A2z..
0000d210: 8a 95 15 9f a6 fe aa 0f 1b be 05 31 a0 72 23 7a  ...........1.r#z
0000d220: 13 ff 7b 48 84 24 2d 09 c8 63 26 09 c4 e2 b8 f6  ..{H.$-..c&.....
0000d230: 20 f1 e7 e1 9e ad 2b 63 d9 05 7e 1d 3a 8e 12 60   .....+c..~.:..`
0000d240: 91 8e 98 ab 2f 13 15 69 1b 41 11 10 98 c3 82 00  ..../..i.A......
0000d250: da 47 6b c7 ac 15 a7 24 1f 1f e6 a8 05 23 09 71  .Gk....$.....#.q
0000d260: c2 f4 b2 23 06 96 76 c1 25 4b ac 82 d1 ef 86 54  ...#..v.%K.....T
0000d270: 51 6e af 14 73 68 71 be 9a 14 38 97 96 5c dc 2d  Qn..shq...8..\.-
0000d280: 32 09 d3 c5 cb 80 ba 8e 9f d7 65 af 47 ae 91 12  2.........e.G...
0000d290: c8 96 12 23 1e e4 1e a0 15 47 69 f2 7f 0e 5d 9a  ...#.....Gi...].
0000d2a0: 81 19 88 54 ee c4 92 31 e8 c5 86 61 f1 d3 65 98  ...T...1...a..e.
0000d2b0: a4 04 20 48 fb 68 cd 82 68 7c 5e 8c 74 bc 05 39  .. H.h..h|^.t..9
0000d2c0: ec be fc 79 f6 a0 d8 f6 b1 b9 11 5d 7b c9 7b ec  ...y.......]{.{.
0000d2d0: f0 e0 f1 1c 4e 25 a3 db 78 4e b2 4d f2 85 43 73  ....N%..xN.M..Cs
0000d2e0: ba 49 08 70 c8 77 87 f4 42 86 5e 61 3a 54 e0 18  .I.p.w..B.^a:T..
0000d2f0: e7 9d 13 02 8e a3 f5 be 95 f8 8a f6 08 28 86 b7  .............(..
0000d300: b7 3e 0a 62 77 bb bc 62 81 d4 b8 be 99 0b 93 46  .>.bw..b.......F
0000d310: 4f 7c 0a 9f be c7 35 1f 5a c2 3d 2d 43 ab 2b 26  O|....5.Z.=-C.+&
0000d320: b1 9f a8 16 20 0b b0 16 a9 25 82 04 00 00 ec 99  .... ....%......
0000d330: 4a 16 b5 ff 41 05 b4 9d b5 07 12 f9 1b 91 a9 7d  J...A..........}
0000d340: 0e 12 96 c5 4d 5c c9 ef 0e 98 36 f5 fb 69 0d 70  ....M\....6..i.p
0000d350: 82 9f 8e f9 a7 b4 82 e1 43 e2 7b 67 07 fa 7e e3  ........C.{g..~.
0000d360: 32 94 21 7a ec fc 88 0b e9 70 f3 c0 a8 4a 58 44  2.!z.....p...JXD
0000d370: 6f db df 16 bf 05 14 ed c6 87 57 39 0d 53 90 56  o.........W9.S.V
0000d380: 51 7e 19 e4 d3 26 62 b8 1b 4b ba 13 bc 36 8e 8a  Q~...&b..K...6..
0000d390: 96 bf 25 1e 6a 64 2a 83 e3 29 16 44 a1 13 94 dc  ..%.jd*..).D....
0000d3a0: 36 74 f3 9d 80 86 fe 2d d1 9b 9c 02 72 d4 b0 d7  6t.....-....r...
0000d3b0: 72 a3 38 4e f9 4d 1c e0 29 50 0e a7 11 02 0b 89  r.8N.M..)P......
0000d3c0: 8a 95 5f f4 d5 97 cf 4b e5 5f 16 bd 51 30 d8 ba  .._....K._..Q0..
0000d3d0: 02 85 9d db 2d ec 80 37 ec 98 04 52 1a 1d 78 ad  ....-..7...R..x.
0000d3e0: 23 0c 73 6a 4f 49 83 c7 c6 53 1b bc 02 65 ba da  #.sjOI...S...e..
0000d3f0: cd ee ff c9 63 ba b4 a6 e8 ec aa 01 80 4c 06 ea  ....c........L..
0000d400: 7f 01 13 03 74 cb 75 b5 34 0e ff 13 9a f9 c9 9d  ....t.u.4.......
0000d410: 8c 0a ee 78 11 75 ac 47 93 56 c6 ee d6 53 29 7b  ...x.u.G.V...S){
0000d420: 16 72 94 14 da de 6b 4d d9 ef 4a 19 91 15 87 e5  .r....kM..J.....
0000d430: 0c 24 98 5b cd 96 8e dd 84 93 43 54 64 7d 41 5c  .$.[......CTd}A\
0000d440: b7 db 0a cf 0a 63 18 2b 1b 27 38 c7 de 51 90 91  .....c.+.'8..Q..
0000d450: 33 9f 10 14 a4 ea 18 19 b4 e2 75 c2 ca ed 60 74  3.........u...`t
0000d460: c7 4b ee 77 d3 0d 1e e4 0d ce c5 1e c7 5c 72 2d  .K.w.........\r-
0000d470: 12 6a bd 62 b0 68 36 ca f3 5d a6 22 60 07 4f 3f  .j.b.h6..]."`.O?
0000d480: 0b 3b 40 cf 39 5a af a7 cb 2e 46 5a 9c c6 79 5c  .;@.9Z....FZ..y\
0000d490: e7 a4 9f 6f c8 ec ba 2f cb 93 43 01 20 3c 37 1e  ...o.../..C. <7.
0000d4a0: d5 e5 86 f2 c8 8a 70 03 c9 fd 2a 6a 3f 7e 5d 88  ......p...*j?~].
0000d4b0: 2d 8c 4b 97 0a fd a3 80 ec 8a 23 3a eb d7 e7 c0  -.K.......#:....
0000d4c0: 86 fc a2 cc e2 ef fd fe 3d 5b 63 e6 c9 88 05 90  ........=[c.....
0000d4d0: be 17 85 7a c1 d3 9b 0c 3e 29 cb 5d 33 b1 ff 54  ...z....>).]3..T
0000d4e0: 51 13 20 5a 3e 0c f9 b0 ed 4f 10 cc 99 11 0e 7d  Q. Z>....O.....}
0000d4f0: ee 02 b6 7e 16 ae 4c 63 29 43 93 8b c8 ec fa 51  ...~..Lc)C.....Q
0000d500: 9c 57 a4 45 a1 98 eb 07 77 17 c8 f3 1f 7c 97 74  .W.E....w....|.t
0000d510: d4 05 ea 21 8d c8 3c 32 b7 7a 4a 19 72 db 5d 58  ...!..<2.zJ.r.]X
0000d520: 32 05 27 b1 d8 37 e8 d7 b4 36 71 fc 96 1f a0 54  2.'..7...6q....T
0000d530: 59 fa 7e 3d 0d 4b de 7d 9e be 95 17 7d 99 87 1a  Y.~=.K.}....}...
0000d540: 57 f5 10 d2 a1 a1 70 a5 7c 13 f7 06 7d f0 b3 ab  W.....p.|...}...
0000d550: ed ff a1 48 ab 7e 7c 73 ae ac de 29 cc da 25 aa  ...H.~|s...)..%.
0000d560: ec 5f e4 9e f4 ae 09 47 15 e7 72 41 1f 01 50 c5  ._.....G..rA..P.
0000d570: bc f5 a3 94 f9 b4 b6 82 79 8e 10 23 ed fa c9 4e  ........y..#...N
0000d580: 98 ea 8a 46 8c 51 87 7b f4 bf d7 bd 3e 84 00 7e  ...F.Q.{....>..~
0000d590: bb 1f ec 2d 34 eb 1c 63 b9 a1 42 69 c1 dc 57 8a  ...-4..c..Bi..W.
0000d5a0: c1 39 d3 80 0e 9a a6 f0 49 30 d1 aa 7d 0f d3 4e  .9......I0..}..N
0000d5b0: c1 31 17 76 15 93 62 df 69 c4 bf 20 a9 c9 fa 62  .1.v..b.i.. ...b
0000d5c0: 76 d6 27 9a 8a 0f 16 f6 e5 60 06 4a 97 00 1c 34  v.'......`.J...4
0000d5d0: 4c bc 64 38 bd ef 7b 65 49 13 55 fc 7d ba f0 f2  L.d8..{eI.U.}...
0000d5e0: 65 23 54 4b d0 14 99 50 9b 9d 65 03 07 03 8a 9a  e#TK...P..e.....
0000d5f0: 2a fb da b8 ba cb 53 f3 aa f8 4e 94 31 d5 12 b2  *.....S...N.1...
0000d600: 42 3a e5 85 1b 35 30 3b a0 b4 f9 3f dc d7 b8 d0  B:...50;...?....
0000d610: db e7 29 69 3d c3 63 09 b9 d0 d6 77 85 ec 25 e1  ..)i=.c....w..%.
0000d620: 19 e2 f9 e4 e1 b5 d9 2d eb 8b 54 71 10 1c 18 18  .......-..Tq....
0000d630: a7 7a 94 38 54 8f 4d 59 a0 be 50 68 97 1a 84 69  .z.8T.MY..Ph...i
0000d640: 8d 69 41 cc 77 12 9e 24 ec 5f 78 c6 53 d4 ac e8  .iA.w..$._x.S...
0000d650: 4b b1 3f e2 db f6 17 43 9d bc 2f b2 39 64 1f a1  K.?....C../.9d..
0000d660: 1f 24 75 83 9b ce fb 42 30 42 7f f5 e9 3d 81 d8  .$u....B0B...=..
0000d670: 7d 62 91 0a c6 9b 5b 72 5a 6c 44 ba 0f 5b c6 2b  }b....[rZlD..[.+
0000d680: 95 b3 05 6f 9b 00 83 f6 fa 32 c6 e1 65 47 5c 5d  ...o.....2..eG\]
0000d690: 9e 8c 87 eb a7 b4 2c 6e 6f 7b 7a e4 29 15 13 de  ......,no{z.)...
0000d6a0: 76 5b ab 4e 73 0b 6d 95 51 6b 2e 45 23 e8 b7 d8  v[.Ns.m.Qk.E#...
0000d6b0: 2c f4 21 f9 21 7d 26 17 ec 6c af 8d 6b 8e cb c4  ,.!.!}&..l..k...
0000d6c0: c9 3d c6 b8 c8 88 86 88 81 f6 d3 ab 8e 02 0f 33  .=.............3
0000d6d0: ba 70 49 bc 64 5d ef fc f1 c8 0d 59 26 36 a5 d6  .pI.d].....Y&6..
0000d6e0: 7a 25 6b 29 45 4d 0d 2d 59 fd 8a e2 ac d6 fe 40  z%k)EM.-Y......@
0000d6f0: 41 64 21 c4 ef 0e 77 f9 32 92 54 2b 02 70 52 67  Ad!...w.2.T+.pRg
0000d700: 76 bd 53 d0 81 c3 6f 81 cb 85 39 8b 7e 5c 16 69  v.S...o...9.~\.i
0000d710: 83 79 90 40 70 cb c6 2e e3 15 a5 cc b8 9b 73 ae  .y.@p.........s.
0000d720: f0 d9 fc e7 86 4d af 2d 76 0d 7b 4c fb da ec f7  .....M.-v.{L....
0000d730: cf c7 9a 93 d6 fd 1e c1 3f 3a 8a 13 a6 37 f6 87  ........?:...7..
0000d740: 0d fc 29 7b 54 4d 70 fe 37 7f 16 08 29 5a ea 65  ..){TMp.7...)Z.e
0000d750: 09 af d2 51 46 e6 4d 4d f8 c8 ce ee 14 dc 0d 8f  ...QF.MM........
0000d760: c5 1e d7 43 8c 9a 2d 6b 2d 89 0c 9b e2 69 e9 bb  ...C..-k-....i..
0000d770: f8 d2 42 bf 9f f9 3e b1 91 3f 19 71 8d a2 b1 c3  ..B...>..?.q....
0000d780: fb 25 e1 fb a2 99 c2 7d e6 d6 9f b6 78 a0 10 9a  .%.....}....x...
0000d790: d4 d6 21 6c 32 33 97 ba a6 80 74 63 56 9e db 94  ..!l23....tcV...
0000d7a0: 21 24 a6 02 6e be e0 21 af e4 a2 9a 51 7d fd a9  !$..n..!....Q}..
0000d7b0: cf e6 b5 82 93 6c 6d 02 f1 db 22 29 44 8e 36 60  .....lm...")D.6`
0000d7c0: 8d a8 e7 33 2a de 2b 6c 83 56 ab c3 a9 23 ab af  ...3*.+l.V...#..
0000d7d0: 7f 64 8a 96 b4 af 3d 77 58 cb e6 24 0f 64 7f 96  .d....=wX..$.d..
0000d7e0: 17 ed 59 b9 36 0a 24 52 f3 25 c7 30 9e a8 c1 98  ..Y.6.$R.%.0....
0000d7f0: a6 07 cd c2 48 93 80 f3 50 2e 1c 5c ba 5f cf a7  ....H...P..\._..
0000d800: 0b d6 f4 93 90 1a 94 2d 6a d8 d6 85 e2 93 02 d5  .......-j.......
0000d810: de c6 fd 34 60 3a 8f 01 90 48 50 5e fa dc a0 fe  ...4`:...HP^....
0000d820: da cd 14 4e f2 10 17 bd cc de 2c 3b c5 45 59 46  ...N......,;.EYF
0000d830: 98 a9 59 bd 52 55 64 f4 9f e6 e1 0a 5e 48 8b be  ..Y.RUd.....^H..
0000d840: 06 76 26 4b 1b 08 7b e6 c2 45 e8 b3 ad d9 33 49  .v&K..{..E....3I
0000d850: 4e e8 8c 8a 63 6f 28 12 e5 a1 71 6f 11 d8 ed a5  N...co(...qo....
0000d860: a6 37 c4 52 f0 2a 46 8e 9e 93 3b ec fd e2 e1 13  .7.R.*F...;.....
0000d870: aa c9 28 cf 7d b3 f1 24 94 ee d9 7c 68 af 60 dd  ..(.}..$...|h.`.
0000d880: b6 24 f8 ac 21 8e 5f 8f c6 9e 93 43 a8 b8 8a 91  .$..!._....C....
0000d890: d0 8f ee 7f 19 7d f6 60 ce 75 65 40 18 4d 4b 4c  .....}.`.ue@.MKL
0000d8a0: ee 8f 75 c4 97 ff 4c bb 53 b1 1b bc 25 e7 f5 b3  ..u...L.S...%...
0000d8b0: 68 66 92 7c ab 3c 80 91 fa 2f 98 60 1a 4d 85 70  hf.|.<.../.`.M.p
0000d8c0: f9 65 7e 0d dd b0 6e 04 0a 83 d7 84 77 cc 39 a9  .e~...n.....w.9.
0000d8d0: 83 4e 83 3a 89 4a 08 a8 d1 8e 16 e7 2b a2 4f 40  .N.:.J......+.O@
0000d8e0: 7b 3a 05 1b bd 91 32 d8 9f bc 9e 90 45 82 bc 7a  {:....2.....E..z
0000d8f0: 16 16 94 ed 07 b1 79 e5 e3 63 f5 52 0b c4 6c 74  ......y..c.R..lt
0000d900: 3b 5d 8d 21 1c 9d 53 01 42 aa b8 75 b0 17 d0 e4  ;].!..S.B..u....
0000d910: 4b 2b 23 b6 2d de 72 ab d6 58 d1 2b 43 27 13 e4  K+#.-.r..X.+C'..
0000d920: d9 75 bd 73 22 c4 23 07 42 49 ef 95 ff 58 04 95  .u.s".#.BI...X..
0000d930: 26 4b 33 1a cd 1a f2 31 26 b1 a5 e6 a7 b2 07 84  &K3....1&.......
0000d940: c7 a4 29 6e a6 a5 d6 17 63 30 53 98 03 b6 5c fb  ..)n....c0S...\.
0000d950: 93 c3 74 fa 7e 51 31 65 41 c3 9c 6d b0 5c 0c 12  ..t.~Q1eA..m.\..
0000d960: 83 94 f0 ff 65 e4 60 30 4e 2b 35 20 4b 1c 16 a6  ....e.`0N+5 K...
0000d970: 0a 86 95 91 ba 6b b2 ec b6 73 56 c2 69 57 88 45  .....k...sV.iW.E
0000d980: e0 c0 4c 02 8b ad 0a 14 4b d7 fc b3 34 30 d0 21  ..L.....K...40.!
0000d990: ba f0 ad f1 b7 8d 35 f6 49 d0 ea c4 46 ac 6f 73  ......5.I...F.os
0000d9a0: 93 44 e6 53 a2 8c c0 01 0d b4 97 f0 fa f8 49 0e  .D.S..........I.
0000d9b0: dc dd 5c 04 be e4 5a c8 1d b0 c5 54 81 77 50 f1  ..\...Z....T.wP.
0000d9c0: 87 94 67 bd 04 6c a7 16 3e f9 b7 5a 6f c1 f3 d1  ..g..l..>..Zo...
0000d9d0: 3e 1b 6a 58 e7 d6 e9 88 fd 5a 87 73 8e 49 d0 98  >.jX.....Z.s.I..
0000d9e0: a8 42 24 6b c4 4c 83 93 e4 7a 8c d7 04 dd c2 fd  .B$k.L...z......
0000d9f0: 51 95 b2 0b 62 20 f8 01 bd 77 6a df a4 bb 99 0e  Q...b ...wj.....
0000da00: 64 1f 09 4e d5 9d 23 02 f7 55 2d ed b4 07 c5 f7  d..N..#..U-.....
0000da10: ab dd 8c db 78 3d 43 c7 da 80 74 44 2e 15 e1 cb  ....x=C...tD....
0000da20: 56 60 f3 c9 f6 3e 60 c5 d9 7d 0e 03 72 81 36 29  V`...>`..}..r.6)
0000da30: 08 54 d4 c4 d8 b2 f8 b5 e5 b9 11 23 c2 9e b3 44  .T.........#...D
0000da40: bc 95 40 a2 23 ca 0a f6 65 51 a2 20 a9 df f0 68  ..@.#...eQ. ...h
0000da50: b2 2f 28 fe df 2c 8e c5 ca 42 df b4 11 2a bb bb  ./(..,...B...*..
0000da60: ab 0e 17 a5 2a fc 48 98 f6 b1 b0 0d 8f 1f 96 7b  ....*.H........{
0000da70: ca 2c 88 05 6f 20 d3 38 7f 67 8d 48 ec 72 aa 3e  .,..o .8.g.H.r.>
0000da80: 72 0c f3 78 f7 dc ae 58 52 f1 df ef b3 dd f9 56  r..x...XR......V
0000da90: 28 8e 96 a2 31 ce 43 66 c9 a5 2e 48 a9 b0 46 1c  (...1.Cf...H..F.
0000daa0: fc 37 53 fa 46 4c c2 38 cb dc 16 a3 d5 99 e0 c2  .7S.FL.8........
0000dab0: aa cd 88 d2 68 c1 2d 7d 0f 8c 71 87 08 0b bd 37  ....h.-}..q....7
0000dac0: c1 bb 7c 6b 81 5a 22 43 89 5d 65 93 79 8b 44 21  ..|k.Z"C.]e.y.D!
0000dad0: a9 8e 66 07 ef c3 08 96 f4 aa f0 56 cd 01 4d 09  ..f........V..M.
0000dae0: 49 df f9 8f 64 ee 24 9e 49 15 55 9b 02 d7 99 42  I...d.$.I.U....B
0000daf0: 55 25 19 d6 08 90 6c 41 1c ef 9a 3f b8 e5 4a c5  U%....lA...?..J.
0000db00: c3 a4 cc db cd 2a 92 8c d3 96 78 43 a8 4b ef cd  .....*....xC.K..
0000db10: 08 08 b8 0c fe e3 47 e7 8a 93 ff 2e 38 16 2e 36  ......G.....8..6
0000db20: 35 28 e6 81 df 9e bb fe 20 0c e7 7a 40 d6 f9 fe  5(...... ..z@...
0000db30: 1c 71 9b cd ee 11 85 00 6e 04 d1 40 23 98 e2 51  .q......n..@#..Q
0000db40: 41 27 a5 b1 c0 47 97 f5 67 d4 a3 cd 73 42 56 1d  A'...G..g...sBV.
0000db50: 1c 6a fd 55 f8 ac 1f 4a e9 57 72 98 d1 48 7a 19  .j.U...J.Wr..Hz.
0000db60: 48 9d 55 08 4a 2a 39 09 c3 ef f7 69 da 99 fa 74  H.U.J*9....i...t
0000db70: 2d bb e6 22 a6 b5 89 ee b7 38 fc ed 4c 77 3e 58  -..".....8..Lw>X
0000db80: df e2 a0 07 84 a5 50 fe a9 5b 68 9b 04 33 a5 7a  ......P..[h..3.z
0000db90: 27 36 4e 2d b6 62 f6 94 16 6c a8 d9 8e a9 60 88  '6N-.b...l....`.
0000dba0: cd a3 3e 7a f3 f9 1e a5 46 db 92 88 44 b2 70 cb  ..>z....F...D.p.
0000dbb0: 79 a5 51 db cc fc fe 7c 23 1c d1 ea 2d c2 8c 33  y.Q....|#...-..3
0000dbc0: 1a 19 bb 63 97 67 d5 49 e8 f0 68 55 23 a7 7e c5  ...c.g.I..hU#.~.
0000dbd0: ce 3f 60 ad a6 a4 a2 7e d7 90 8b 89 c6 f9 71 a0  .?`....~......q.
0000dbe0: d5 76 1b b9 71 a1 8d 78 b5 cc 89 b3 a0 be 22 bb  .v..q..x......".
0000dbf0: 66 b6 0b 14 02 87 aa 3f f8 9e 99 3c 83 b9 15 33  f......?...<...3
0000dc00: bf 5a 32 d5 53 1e 79 31 96 e3 35 9e 82 2e e8 2c  .Z2.S.y1..5....,
0000dc10: 07 f4 a3 25 50 81 24 1a ce ca ea 1c cc 6d d0 c1  ...%P.$......m..
0000dc20: 12 f2 b7 35 c7 92 58 f0 91 d4 9e 17 5c 30 1f 94  ...5..X.....\0..
0000dc30: 1f 0a c3 f8 20 8e ff c9 ab 9d e4 aa e6 50 de 68  .... ........P.h
0000dc40: 20 40 bb 2b 8f 9a 0a b7 a9 e4 73 c5 6a 2b af 2f   @.+......s.j+./
0000dc50: dc 9a 94 c4 02 77 7d 07 7d 0e ed 0c 2b 41 fc 16  .....w}.}...+A..
0000dc60: 76 de 89 02 4c f7 85 71 8b ab 84 ed d1 a0 00 72  v...L..q.......r
0000dc70: 69 49 e9 20 fc d5 55 52 27 3d a2 98 48 3a b7 f5  iI. ..UR'=..H:..
0000dc80: bd 7a d0 1a 72 eb c5 c2 98 05 7b 1e 1a 71 b0 98  .z..r.....{..q..
0000dc90: 53 9f ef 98 cf 6a 26 dc 01 55 48 98 71 80 4e 45  S....j&..UH.q.NE
0000dca0: 91 24 e3 f3 75 ff 45 34 81 fb ca 9c 6f bf 5f f1  .$..u.E4....o._.
0000dcb0: e3 12 98 29 f2 f7 d8 4c fb bb bc 1c 08 aa 94 45  ...)...L.......E
0000dcc0: 02 ca c5 ca 42 41 4e 33 06 ec a3 33 e9 af b5 a2  ....BAN3...3....
0000dcd0: 5c 9e 6d ca 06 4d 29 08 ed a7 ad ce db ca 9d 1b  \.m..M).........
0000dce0: 9a 40 6c 90 3d 5a 41 e6 a0 61 33 41 55 b5 20 34  .@l.=ZA..a3AU. 4
0000dcf0: 84 4d 4d 83 00 7e 33 d1 4d 16 fc 96 80 2d fa 0e  .MM..~3.M....-..
0000dd00: c3 45 ba 86 4c 3d 34 bd cc 8c 54 2d 23 5b 6f 1d  .E..L=4...T-#[o.
0000dd10: 46 58 4b 50 a8 82 1a ff e5 a7 a3 df a2 04 b2 c9  FXKP............
0000dd20: be bf 8f 0d 19 b6 2e 20 9e 64 65 5f fc 6b 79 7f  ....... .de_.ky.
0000dd30: 74 cb cf de e0 6b c1 ec fa d9 18 b4 d5 c7 76 93  t....k........v.
0000dd40: d2 80 dc f5 63 77 78 42 f1 1d 4d ad 62 75 e4 ca  ....cwxB..M.bu..
0000dd50: e2 7d fe b8 0e 46 41 3a 43 b5 63 73 0c 43 18 f1  .}...FA:C.cs.C..
0000dd60: 8b f5 21 e4 56 b9 15 b6 4a 1d 86 08 df ff 61 c5  ..!.V...J.....a.
0000dd70: f4 89 48 ed aa 72 25 5c b6 7a ee e0 45 d3 52 13  ..H..r%\.z..E.R.
0000dd80: aa 37 80 2b 5a 88 c2 9b 9c c1 69 b7 44 aa c5 93  .7.+Z.....i.D...
0000dd90: 0d 79 c5 c1 7f 35 92 47 d1 cf d8 af 5d c7 42 2b  .y...5.G....].B+
0000dda0: 9e 6b d3 df 6f 28 21 01 10 f3 89 f5 6b 5b 62 5f  .k..o(!.....k[b_
0000ddb0: 5e 0d 7e cb 05 11 fa e0 79 8b 1b 44 7c af 0b fe  ^.~.....y..D|...
0000ddc0: c3 53 79 f0 87 53 4a 9a fe 69 09 ba 33 10 40 11  .Sy..SJ..i..3.@.
0000ddd0: 52 3f 73 68 ac 6a 6a 8b 4e 0a ce 44 26 67 ac b6  R?sh.jj.N..D&g..
0000dde0: dd bd 24 06 3c 60 81 2f e1 fd cc 99 50 6c e2 5d  ..$.<`./....Pl.]
0000ddf0: 35 49 ce 03 51 d2 9b e5 0a 2e b9 22 50 78 9e ee  5I..Q......"Px..
0000de00: 31 a5 f0 02 4c 0e 43 9f 75 3f c3 d6 84 4c 9c 99  1...L.C.u?...L..
0000de10: 1a b2 ce 1b e6 e7 e0 e5 06 21 9c f4 46 c1 19 59  .........!..F..Y
0000de20: 28 dd 16 3c a2 17 b8 06 c0 14 5c 9a 08 1b cf c3  (..<......\.....
0000de30: c9 8f 9a 79 c0 7f 99 bd 17 fd 32 39 01 a8 87 06  ...y......29....
0000de40: 76 28 ab 25 82 34 01 2e 4d c7 4c 28 08 1e 54 f2  v(.%.4..M.L(..T.
0000de50: d1 81 ac b6 9b 18 70 77 67 f6 7f 19 36 94 f3 48  ......pwg...6..H
0000de60: 7a c5 10 70 5d 22 e2 98 67 1a a0 87 26 3e 87 b1  z..p]"..g...&>..
0000de70: 49 88 d0 e4 d9 60 26 16 2f 7d 5f 7d 55 f2 e5 14  I....`&./}_}U...
0000de80: 46 d6 b6 42 bf 46 91 42 50 af 71 bf a1 f3 0a 4b  F..B.F.BP.q....K
0000de90: 74 4b 29 33 07 bc 62 ee d7 e7 f8 26 be f8 ee 26  tK)3..b....&...&
0000dea0: 2a f1 d9 dc ca 08 38 03 37 ad a4 d5 95 7b d3 47  *.....8.7....{.G
0000deb0: 9f f3 7c 9d b7 65 07 c3 ad fd 7c 1e ac 32 29 76  ..|..e....|..2)v
0000dec0: 04 bf b5 57 3b 28 27 ae 96 9c 8e 20 ca 8e 9d dc  ...W;('.... ....
0000ded0: 12 4f eb f4 83 a6 79 8d fd 43 f7 c3 0e f6 b9 fb  .O....y..C......
0000dee0: 26 39 3c bd aa 81 d3 18 ad f2 96 f3 37 31 61 22  &9<.........71a"
0000def0: a7 ff 3e 8d 74 7d a5 de 1c 7d 0d 5b 76 0f 4d 14  ..>.t}...}.[v.M.
0000df00: 3a 71 da 69 79 ae bb a1 79 07 c0 e2 35 4f 37 c8  :q.iy...y...5O7.
0000df10: e5 1c 59 cc 44 dd e6 87 9c b1 07 5a 51 6f 73 97  ..Y.D......ZQos.
0000df20: 42 58 8a 3a 3d db 0e 2e fd a3 eb 7d 55 15 78 f3  BX.:=......}U.x.
0000df30: db f9 e5 8e 67 20 d9 73 17 8f 48 8e 70 aa 99 53  ....g .s..H.p..S
0000df40: 6f cc ae 14 42 21 d3 5a 0a 7f 8c 17 b2 6f d3 4b  o...B!.Z.....o.K
0000df50: 97 0b 08 36 cf ac b4 eb 30 26 ec 48 08 bc ce 32  ...6....0&.H...2
0000df60: 88 96 66 e8 63 a9 56 40 4c 52 84 e1 c9 3e f9 b0  ..f.c.V@LR...>..
0000df70: d8 03 92 1d bc 80 9d af 3a cb 32 73 9e 07 8d 43  ........:.2s...C
0000df80: f4 8f 40 3b 8c 70 b2 3b 65 64 58 14 f8 be 26 cc  ..@;.p.;edX...&.
0000df90: 98 67 ba db e4 04 2c 49 4f b7 bc 3e 3f 33 62 51  .g....,IO..>?3bQ
0000dfa0: 38 9b 69 c5 f8 13 55 9d 6f c9 40 77 dd 1b e6 d9  8.i...U.o.@w....
0000dfb0: d6 51 62 2a 9c ed 78 86 b7 d5 65 b5 1a 21 86 63  .Qb*..x...e..!.c
0000dfc0: 12 ef 94 3b 98 80 21 08 d7 58 1c fd 97 fe 43 c3  ...;..!..X....C.
0000dfd0: cd 33 0b d6 ff e4 7e 5c 24 f6 8d 08 f5 52 0c 20  .3....~\$....R. 
0000dfe0: 73 a9 e0 b8 c8 28 2e 69 ac 3f 2b 68 1c fb 2c ed  s....(.i.?+h..,.
0000dff0: df a5 b1 77 99 6e 1d 16 2f 69 c4 c0 d9 61 6b a7  ...w.n../i...ak.
0000e000: 0d 94 f9 21 5a 90 ab 46 92 29 44 d6 37 fd 8c 5d  ...!Z..F.)D.7..]
0000e010: 6e 77 05 da f7 53 c0 00 36 f8 cd fc 84 64 c0 a4  nw...S..6....d..
0000e020: 15 47 9a db 1c c6 b7 ee f0 45 1d 4e 15 1d 85 2e  .G.......E.N....
0000e030: 2a 49 5f f5 14 af ed 32 3a 13 e4 e1 88 f0 73 af  *I_....2:.....s.
0000e040: 79 f7 5b 70 fb 44 13 7f 14 d6 e2 50 ea 7e 35 38  y.[p.D.....P.~58
0000e050: 92 83 12 d6 32 a4 67 02 a4 05 11 57 48 5a 53 33  ....2.g....WHZS3
0000e060: ce 7c 1d 1c fc 8a 38 0a ee 24 ce dd 13 65 29 7e  .|....8..$...e)~
0000e070: 68 b0 c5 b6 19 5d 3d bb 50 dc 3b 48 d6 84 62 b0  h....]=.P.;H..b.
0000e080: 8b 02 a8 1a ff 72 3a 48 c1 e3 53 34 65 b7 53 cf  .....r:H..S4e.S.
0000e090: d9 85 7b 04 c4 f2 f9 a9 f1 83 2e 03 27 40 31 aa  ..{.........'@1.
0000e0a0: 7a 91 23 7e 54 1d 32 88 5f e0 59 de 5e 6b a8 c6  z.#~T.2._.Y.^k..
0000e0b0: 45 ca 95 55 a2 32 8b 42 1b 69 1d 51 8f dc 74 43  E..U.2.B.i.Q..tC
0000e0c0: b1 67 44 8b 18 ff 75 e2 62 47 f3 91 65 8e b1 67  .gD...u.bG..e..g
0000e0d0: 5f 5b 10 9b 51 75 8b 60 0f 40 79 0d e9 6a d7 c3  _[..Qu.`.@y..j..
0000e0e0: 14 44 25 6c 73 fa 25 c4 18 18 54 9b f8 b3 82 65  .D%ls.%...T....e
0000e0f0: 0e b7 77 c2 f6 ce 6c d3 33 a8 2f a8 11 11 88 f2  ..w...l.3./.....
0000e100: ae 15 a3 5b fc 6c c1 f4 b4 ed c7 05 a1 2b dc de  ...[.l.......+..
0000e110: 6f 6f c9 61 29 1e 0c 1f 33 ed ef 35 d6 36 05 a1  oo.a)...3..5.6..
0000e120: 24 31 4d 8f 58 dc 02 be 0c 31 33 d2 d3 13 cd 7a  $1M.X....13....z
0000e130: 3b 04 0a 27 7f b6 c8 ff 15 55 50 d2 2d 36 ca a6  ;..'.....UP.-6..
0000e140: 2b 23 94 b5 e4 b6 fa 0b 1c 31 e6 b3 33 8c fb ca  +#.......1..3...
0000e150: 4b 34 d2 18 09 c0 40 19 bb 4d 2c b3 ac d0 9e 82  K4....@..M,.....
0000e160: e9 a2 05 0f 28 b3 4a c9 b0 a2 a1 a0 5e 20 ea 4c  ....(.J.....^ .L
0000e170: 31 f9 4b 61 91 71 b0 83 9d 06 0c 11 3e db c8 0f  1.Ka.q......>...
0000e180: ac 58 f6 fe 4e 0f 0f 52 9c 43 0e b6 9e c5 3f 4a  .X..N..R.C....?J
0000e190: 71 65 be 57 ca 50 0c f0 5d 24 4c 63 eb 85 75 07  qe.W.P..]$Lc..u.
0000e1a0: 41 16 9e 80 76 27 b2 cf 62 07 70 61 02 9f d7 8e  A...v'..b.pa....
0000e1b0: cc 9f 9c 90 92 58 51 e8 9c 5a 9f 4a 77 95 5c 68  .....XQ..Z.Jw.\h
0000e1c0: 29 78 1f dd 16 d6 e8 73 a8 37 a4 7c e2 4a 00 f3  )x.....s.7.|.J..
0000e1d0: e4 06 b7 24 2d a6 7f 0e f3 2a c6 5e 46 75 2e e9  ...$-....*.^Fu..
0000e1e0: b4 e3 10 9f b0 51 00 38 ac 41 bd 9b 26 aa 39 df  .....Q.8.A..&.9.
0000e1f0: 25 97 38 a5 bd aa 6c 1b 13 07 28 0b 99 d7 e1 5c  %.8...l...(....\
0000e200: e9 76 71 d5 29 97 66 6d 63 1e 9f 31 76 f6 4d 90  .vq.).fmc..1v.M.
0000e210: eb 86 a7 64 8f 71 89 a0 f5 89 6c 2f ba c2 33 49  ...d.q....l/..3I
0000e220: 0e a3 5c f1 e2 81 a8 e7 5c 67 d3 9c e9 f9 e0 f3  ..\.....\g......
0000e230: 9a df d9 b7 af 61 27 c3 d8 b3 18 5f 37 18 14 b2  .....a'...._7...
0000e240: a6 e7 3d fe 8e dc 9a 60 40 27 c4 43 54 ca 3a c7  ..=....`@'.CT.:.
0000e250: a2 22 13 40 6d 2b 5f 2d b6 71 d3 bf 9d 34 c6 4b  .".@m+_-.q...4.K
0000e260: c3 9f cd f0 49 14 13 77 1c 64 d9 38 61 fe b6 b6  ....I..w.d.8a...
0000e270: fc 5c 1a bd 9b b9 47 d0 1b c8 1b ed 93 40 ea 94  .\....G......@..
0000e280: 1d c4 6c 1e 9a d2 5b 2f e8 e0 06 4d 79 3e b1 8a  ..l...[/...My>..
0000e290: c0 39 58 46 ff 98 d4 71 7e 7d 09 a9 c5 99 16 05  .9XF...q~}......
0000e2a0: 6f 29 fd 2f 9b cb 74 dc 23 30 94 ed 80 b6 c4 85  o)./..t.#0......
0000e2b0: fc b1 1d f8 46 f7 d7 79 85 f3 3a 63 6e f8 e5 7b  ....F..y..:cn..{
0000e2c0: d8 89 2a d3 04 97 5d e1 90 04 7d e4 36 7c e8 8b  ..*...]...}.6|..
0000e2d0: 0d b8 7b 66 19 88 96 6f 09 ef 34 7c 03 09 04 7c  ..{f...o..4|...|
0000e2e0: 32 62 1b 57 98 99 fa 54 f3 5b 61 97 04 bb 5c ff  2b.W...T.[a...\.
0000e2f0: 5a 80 09 4b 6a 46 91 a1 b4 26 ed 40 4d 9f 7d 45  Z..KjF...&.@M.}E
0000e300: 4c 3d 9b b4 80 25 66 d0 42 27 ef d9 6f e4 80 f2  L=...%f.B'..o...
0000e310: c9 b5 61 9d 98 ad d0 cd 49 1e 37 84 6c 7e d1 96  ..a.....I.7.l~..
0000e320: 00 e9 27 ca bb d4 43 98 a5 95 cb 67 e1 d6 3a dc  ..'...C....g..:.
0000e330: a2 0e f5 a7 c0 e0 b9 a3 14 61 7a c9 6e 19 09 13  .........az.n...
0000e340: 67 e0 04 e8 6f d1 eb eb b5 63 d8 66 e0 7e 75 43  g...o....c.f.~uC
0000e350: 5f 50 99 85 d8 e7 7d 76 fd 7b a4 dd d2 e2 f0 e4  _P....}v.{......
0000e360: 06 e9 ab 73 b7 ef fd b5 68 8b ad fb 6f ed 5a 62  ...s....h...o.Zb
0000e370: 71 ed 32 46 9f ab 90 64 99 18 66 46 62 ae 41 c8  q.2F...d..fFb.A.
0000e380: 59 f9 f3 7b 7c 13 ba 20 02 21 73 d2 1a bf f2 f3  Y..{|.. .!s.....
0000e390: d7 d8 8d ec 57 f7 f4 ab 37 ef 2a 21 e4 a4 cf 29  ....W...7.*!...)
0000e3a0: f2 6d a8 48 4b 5f e4 61 e3 57 17 27 17 e1 51 72  .m.HK_.a.W.'..Qr
0000e3b0: 0b c4 0e 67 66 e8 37 72 4c c4 06 c7 9e e3 02 52  ...gf.7rL......R
0000e3c0: 0e 81 d2 6b 5e bd c9 0a 53 d4 68 f1 77 45 4b 41  ...k^...S.h.wEKA
0000e3d0: 2b 62 76 4b 50 7f 4e 02 ba 58 f8 36 32 17 b7 05  +bvKP.N..X.62...
0000e3e0: 60 28 c2 4e d3 b6 9d 1e 36 d7 56 ba 4e c0 c7 1d  `(.N....6.V.N...
0000e3f0: 62 5c 53 a7 70 34 17 bf b6 03 a9 ab de 9f 0f a7  b\S.p4..........
0000e400: 46 2a f0 6a e3 11 d6 f8 cd f4 f7 b9 0f 82 8c a6  F*.j............
0000e410: c6 5b 47 de cb b5 94 ce 53 44 02 1b 86 65 ae 58  .[G.....SD...e.X
0000e420: 09 87 11 a4 cb a8 75 ba d1 a5 93 06 96 e8 c7 c7  ......u.........
0000e430: fb ae 4d f4 25 86 fb 66 b5 d8 2b 95 30 ba 15 b5  ..M.%..f..+.0...
0000e440: 30 9b e6 4a 4c a8 f3 9e b2 73 df 1d 3b c0 5f ab  0..JL....s..;._.
0000e450: 42 88 4f 15 68 2e 6d 77 8d 82 75 f7 38 bc 8d c2  B.O.h.mw..u.8...
0000e460: f8 e6 9a f7 60 e6 3d b4 8f 98 29 61 a8 33 03 87  ....`.=...)a.3..
0000e470: 3a 78 31 1f 57 c8 c6 9f d4 53 a1 b5 d0 ef 40 a4  :x1.W....S....@.
0000e480: a8 2a 05 07 95 cf 8e 66 25 ad fd dc cb 07 cd 55  .*.....f%......U
0000e490: e5 bd a6 ad 44 14 5d 68 a3 2e a8 74 dc 11 8c 7b  ....D.]h...t...{
0000e4a0: cc 7a 3e 86 01 6c a0 92 1f a2 d8 77 7d 35 c1 4b  .z>..l.....w}5.K
0000e4b0: 83 e5 73 1a 25 f4 01 d9 76 22 88 fc 54 f7 2e 0e  ..s.%...v"..T...
0000e4c0: 76 fa 8b 6e bf d6 3c 44 02 c8 c5 1d 31 9d 4c 20  v..n..<D....1.L 
0000e4d0: f2 98 de 7f 38 1d 9a 54 3c cf c3 bc 5e ed 8a 0d  ....8..T<...^...
0000e4e0: 85 b1 af 79 51 fa 77 1b 6f f4 eb 81 e4 88 c2 a1  ...yQ.w.o.......
0000e4f0: d5 8c 33 ce b0 94 16 09 d4 1d 3c a0 e8 85 2e 33  ..3.......<....3
0000e500: fb f2 67 23 cc c5 86 9f 75 7e 8c 02 60 e2 02 26  ..g#....u~..`..&
0000e510: bd 06 80 05 9b c8 f2 1c 94 0f f4 58 25 df 36 71  ...........X%.6q
0000e520: f9 51 2a 03 9a ea 43 ed 98 ba 13 59 6e 2a 73 61  .Q*...C....Yn*sa
0000e530: bc a3 b6 f8 c5 94 6b 60 90 cb 71 d7 d7 cb 07 49  ......k`..q....I
0000e540: 89 47 12 0c 0f 63 26 4b e0 d0 f4 51 95 75 d2 01  .G...c&K...Q.u..
0000e550: 9a 45 8a f1 69 3e f0 b9 ec 1d 6b 33 1c 1f e2 41  .E..i>....k3...A
0000e560: 2d 68 a3 2b 01 ad 2b 4a d3 59 a1 88 29 46 8a 62  -h.+..+J.Y..)F.b
0000e570: cf ee 15 b1 9b 81 64 13 f8 59 0d ec a9 9e 65 63  ......d..Y....ec
0000e580: 48 e3 88 1c 1d 4a f7 30 d9 1e 9d 0c d1 dc b7 59  H....J.0.......Y
0000e590: b7 43 7f 07 07 d8 e8 de 38 21 ef e8 34 f2 92 50  .C......8!..4..P
0000e5a0: 41 d2 bb 96 11 64 10 d6 78 cc 8d b7 bd c9 bd b2  A....d..x.......
0000e5b0: 4b a1 7d 6c bb 3d 7b 30 c5 fc 1a ab 41 1b 73 4d  K.}l.={0....A.sM
0000e5c0: 33 d6 25 e8 39 49 1c 96 ad 71 a1 c1 7f 25 ec 2f  3.%.9I...q...%./
0000e5d0: 8d 28 d8 d5 5b f2 71 16 27 5f 21 65 e5 13 6b 56  .(..[.q.'_!e..kV
0000e5e0: 46 40 37 cf 21 8d 60 27 98 38 be 84 e6 a9 a1 71  F@7.!.`'.8.....q
0000e5f0: d6 2c 7c 3d 86 0f bb 19 87 47 5d 3b fb f6 17 07  .,|=.....G];....
0000e600: 46 7f a7 2b fb 07 f4 7c 8c 31 af fe a9 93 e8 8c  F..+...|.1......
0000e610: b1 a3 6e e6 45 ea e7 f9 02 02 af 19 7d f0 02 0a  ..n.E.......}...
0000e620: cd ea 1a db 4a af 4e 75 4d e3 ea 94 10 6a 2a d1  ....J.NuM....j*.
0000e630: 34 64 14 3a 80 a4 6a ab f3 72 6a b0 75 61 43 1c  4d.:..j..rj.uaC.
0000e640: 4b 9f af c7 26 08 e6 bb ef c7 ee cd ce 99 ad 34  K...&..........4
0000e650: 41 a2 68 61 28 21 fe 40 f4 6e d0 b3 74 ba f7 1c  A.ha(!.@.n..t...
0000e660: 58 17 d4 b0 aa ee ca 51 d3 fb 0f 25 93 ca ae c1  X......Q...%....
0000e670: 08 16 af 7a 76 ba 4f 5a ef e2 a7 5e ac 15 78 a5  ...zv.OZ...^..x.
0000e680: c4 9e e2 35 85 41 4b 52 13 34 11 50 ac d7 d7 37  ...5.AKR.4.P...7
0000e690: 3a d7 58 cd 2b 5f bb 5a bd 80 84 c9 fc 9a 78 e6  :.X.+_.Z......x.
0000e6a0: 7a c6 e3 58 f1 11 68 2c 56 b0 0c ac 17 0b 54 ad  z..X..h,V.....T.
0000e6b0: 16 82 ce 07 14 1b 73 16 11 4d b0 22 17 e0 0d c2  ......s..M."....
0000e6c0: 05 14 18 ba 9a eb 41 97 25 91 53 a5 7d 5b e1 de  ......A.%.S.}[..
0000e6d0: 83 5c bf e3 b7 01 30 c2 28 f8 c8 8a 66 5d 8b 99  .\....0.(...f]..
0000e6e0: 32 eb f9 dd 3a 8e 75 46 46 41 4f 5c df 6e cd 25  2...:.uFFAO\.n.%
0000e6f0: ca 30 45 39 28 0d cd 5b 52 e5 39 10 78 5c 66 fb  .0E9(..[R.9.x\f.
0000e700: 6b 69 31 f7 09 f6 57 1f 67 8a 4f 8f e7 e4 eb f9  ki1...W.g.O.....
0000e710: 3b d5 fb cd 36 f2 6d e4 05 87 dc 37 76 4f 29 aa  ;...6.m....7vO).
0000e720: 62 b8 e6 aa a3 2a 40 5f c9 98 9c 8f d6 bc 16 0a  b....*@_........
0000e730: 0e 62 2d e6 b6 49 b2 b0 03 02 50 62 2d 68 e3 cd  .b-..I....Pb-h..
0000e740: 08 2a c0 29 82 d0 bb 3a 8e 65 18 57 a4 c7 a3 a8  .*.)...:.e.W....
0000e750: 20 5c bb 8b 8f 42 93 04 a2 11 1c 06 fb ee 80 37   \...B.........7
0000e760: 0f 6b 92 27 64 f2 f2 85 de 2f b2 de f1 3d 9f 9c  .k.'d..../...=..
0000e770: 60 c5 0d 99 e0 4e a4 9a cd 99 43 c2 8b 30 cd f1  `....N....C..0..
0000e780: 98 11 07 d8 aa a3 31 b1 8a 97 e2 12 1e 29 b1 5d  ......1......).]
0000e790: 88 c2 bd fa 9a 8e 1c bd c8 12 2a d3 1d 0c a7 02  ..........*.....
0000e7a0: 44 55 95 b8 6b e0 bd 60 b6 18 2e c8 45 b7 0d 9c  DU..k..`....E...
0000e7b0: 42 0b f1 a2 21 1b 4e 57 df 2d 62 78 fb 09 90 2a  B...!.NW.-bx...*
0000e7c0: 55 ad cc 37 76 7b 07 b0 1d fe 5c c2 2c 7d 99 e9  U..7v{....\.,}..
0000e7d0: fe f6 b7 b5 98 03 b3 32 ad 67 e2 03 da 22 54 bd  .......2.g..."T.
0000e7e0: ff 94 29 40 61 35 75 c1 da 61 44 4e 59 fa f6 43  ..)@a5u..aDNY..C
0000e7f0: 0f 8e c4 01 9c f1 58 f6 e9 90 ac df a5 d2 86 ff  ......X.........
0000e800: 5e 39 18 87 8a 3b e9 89 e2 36 ac cc d2 93 60 b6  ^9...;...6....`.
0000e810: 14 d3 9b 03 72 f8 aa 81 08 71 ef 89 3f 0a e1 db  ....r....q..?...
0000e820: ee 83 a8 95 c5 e4 b4 d1 ef 32 82 33 e3 30 ac 00  .........2.3.0..
0000e830: 8e 84 80 7f 7c 60 7b ad 3c 47 ca b8 fb 4f 5d 7c  ....|`{.<G...O]|
0000e840: 26 ee 7a b3 88 e9 2e cf 1d 16 4a 4c dc ab 0f 03  &.z.......JL....
0000e850: 6a 2a d5 f5 03 7f 92 64 38 08 2c 32 d3 66 35 5d  j*.....d8.,2.f5]
0000e860: 2f 2f 56 aa 5c 14 5e 53 23 a0 fd fd 5a de 7c 7e  //V.\.^S#...Z.|~
0000e870: 0b 9b f9 cb 08 b4 d2 5f 6c d6 35 7f fa 4d 83 47  ......._l.5..M.G
0000e880: 69 7d 55 02 a5 05 45 73 5a 9d 1d e3 ba 63 a4 6a  i}U...EsZ....c.j
0000e890: 29 e4 05 56 0e d7 4b 8d a0 66 b6 fc c4 d2 9f 77  )..V..K..f.....w
0000e8a0: e4 dd aa 2f 42 c2 11 45 f4 c5 46 4a 0a 90 5b 5f  .../B..E..FJ..[_
0000e8b0: 46 39 25 d6 34 02 8f 55 c9 7a 74 6f 3f 89 d7 07  F9%.4..U.zto?...
0000e8c0: 36 5d 29 a3 7b 37 5a 6c 99 2b ed 22 f7 e7 fc 03  6]).{7Zl.+."....
0000e8d0: b3 e5 ae 62 f5 c8 4d 0c 5e e7 2e 14 64 2e fb 47  ...b..M.^...d..G
0000e8e0: 4e da 0f 92 c1 46 48 c3 e1 57 97 12 9d 21 be 23  N....FH..W...!.#
0000e8f0: 08 93 0d 98 18 69 a0 74 c7 12 ce 5f 75 6f ab 4b  .....i.t..._uo.K
0000e900: 85 f5 a5 cb 06 b8 aa 51 02 26 bb 04 eb 26 89 65  .......Q.&...&.e
0000e910: 57 64 cb b9 8c 72 9f 56 32 24 fd 4a f8 7d 69 f8  Wd...r.V2$.J.}i.
0000e920: 0e 3f 4d 42 ad 16 b2 66 c0 05 f2 c6 2b a3 a9 12  .?MB...f....+...
0000e930: 09 23 f3 b0 e1 9d 1b 42 94 c7 ca 49 ee e5 e0 fb  .#.....B...I....
0000e940: d6 d7 ec 08 49 0c e7 a6 a9 c0 70 10 bb 72 74 28  ....I.....p..rt(
0000e950: 5f 06 28 1f ac 09 51 ed 69 73 80 a1 a2 8f db ce  _.(...Q.is......
0000e960: 4a cb 36 9a b3 5d e4 8a 01 88 af 49 a4 e3 d7 3f  J.6..].....I...?
0000e970: 93 8e 63 79 7c a3 64 f3 00 c8 dc fc 42 70 ae 66  ..cy|.d.....Bp.f
0000e980: 9d 2a a7 10 6e 36 f8 10 99 15 9c 8b 42 e4 24 8c  .*..n6......B.$.
0000e990: 18 14 93 f0 a5 b7 8a c5 55 e8 81 61 d4 fe c6 85  ........U..a....
0000e9a0: 35 0b b2 89 6a 0a 8b 38 60 89 35 c9 8d a1 54 ce  5...j..8`.5...T.
0000e9b0: a1 64 de a0 ce a7 91 69 7d 01 3e a0 d7 98 96 8a  .d.....i}.>.....
0000e9c0: d3 0c 55 ef c1 83 0a db d9 cb 89 ee 3f 01 0e 7f  ..U.........?...
0000e9d0: 1d c9 0b 3e 1a 10 87 85 b8 7d 19 10 8f 5f b9 ea  ...>.....}..._..
0000e9e0: f0 b3 0c 36 ca a7 4b 44 6f 59 5a f5 ea 6c 1e 8c  ...6..KDoYZ..l..
0000e9f0: 72 73 d3 8f cd f6 93 89 b5 eb f0 4a 81 11 75 e4  rs.........J..u.
0000ea00: b5 b3 46 9d a2 f3 ee cd 84 ac 18 b7 1c 84 a3 57  ..F............W
0000ea10: 06 4f 13 5d 96 0a f1 e5 d2 9d 55 1f af 65 fc d0  .O.]......U..e..
0000ea20: 1c 2c fa d6 10 e3 12 d5 e7 da 9c 85 d3 ed 02 77  .,.............w
0000ea30: bd d6 31 6d 32 7c 72 94 2b 5c a7 f5 c7 ac 1e 91  ..1m2|r.+\......
0000ea40: 80 09 fb b3 45 36 eb 67 46 d0 20 1b d8 4b ea a0  ....E6.gF. ..K..
0000ea50: 89 0e e5 39 fb 05 24 04 e7 cd 5d 8f 13 50 ad 74  ...9..$...]..P.t
0000ea60: 93 10 aa fc 26 92 73 00 87 91 b3 e2 89 e7 52 6c  ....&.s.......Rl
0000ea70: a8 3f ac b9 40 0e 4d 40 d4 00 8d 4e 64 b4 92 b8  .?..@.M@...Nd...
0000ea80: 03 b5 88 aa 0f e9 97 7a 3a 68 4c af 5d 01 82 11  .......z:hL.]...
0000ea90: 6c 50 2d 4b 69 e9 2c 7b 6d 75 a4 d8 2c 57 38 75  lP-Ki.,{mu..,W8u
0000eaa0: 70 04 82 47 1b 3c 0a 60 2a 95 91 42 2a b6 83 f4  p..G.<.`*..B*...
0000eab0: 76 0a 59 65 7b d7 ad b0 e6 2a cd 47 e9 40 8d 58  v.Ye{....*.G.@.X
0000eac0: 35 bc 53 1d 26 3a b6 f9 cf 38 47 7a 65 15 85 b0  5.S.&:...8Gze...
0000ead0: e7 54 c6 4f bf 6d b4 96 ca 56 b2 69 98 d9 de a5  .T.O.m...V.i....
0000eae0: 81 c5 33 6c 9f 74 b1 74 be 82 02 93 36 bc 1c a9  ..3l.t.t....6...
0000eaf0: 14 a4 09 76 9a d3 ab 82 3f 24 a5 de b7 b8 b0 e4  ...v....?$......
0000eb00: 56 b1 9d 23 74 64 94 67 59 bd 7a ad e0 63 62 f1  V..#td.gY.z..cb.
0000eb10: e5 aa ee b3 52 b2 8d 88 7c 48 e4 20 62 04 02 b2  ....R...|H. b...
0000eb20: 20 cc eb 14 48 d2 71 03 01 23 b7 09 77 1c 7c e3   ...H.q..#..w.|.
0000eb30: d0 9d 71 16 02 0f df f9 d9 51 b3 30 83 ca 15 75  ..q......Q.0...u
0000eb40: ff ef d5 34 c7 8e 6a 75 67 9e df 53 6b 97 01 50  ...4..jug..Sk..P
0000eb50: dc 10 71 37 f2 9a c8 61 11 68 c6 84 59 92 a7 90  ..q7...a.h..Y...
0000eb60: ce 34 56 d9 68 6e 25 84 0f 7b c5 7a 26 7d 5f aa  .4V.hn%..{.z&}_.
0000eb70: 64 e9 f8 5d ea c6 d7 9f be 14 c2 7d ed 92 fc a2  d..].......}....
0000eb80: af 3a 85 50 b3 f8 36 0b 08 10 c8 f9 ce bb b0 28  .:.P..6........(
0000eb90: 98 83 1e b3 72 23 86 09 03 c5 4c 7f 89 b1 66 9c  ....r#....L...f.
0000eba0: f7 47 06 fe 8b 5a 6d ce c7 5d 29 15 a8 5a e5 46  .G...Zm..])..Z.F
0000ebb0: 5d 20 8a f1 2e 1b dc fa 52 2a 3a 7b fc 6f 4d c8  ] ......R*:{.oM.
0000ebc0: fe a2 40 87 1d 69 c3 e6 62 e7 6b 5b ed 7a 52 e8  ..@..i..b.k[.zR.
0000ebd0: 26 cc 0d ef d4 15 b7 0e 79 ab b5 75 c9 66 d3 28  &.......y..u.f.(
0000ebe0: 39 7f 9e 17 22 cf b1 5f aa 85 d8 82 07 10 02 06  9...".._........
0000ebf0: e4 73 08 40 04 87 be 52 d6 4e 61 47 d2 ed ba da  .s.@...R.NaG....
0000ec00: 76 69 36 bb 15 e5 9c ed c3 f9 d6 78 ed e7 f1 ab  vi6........x....
0000ec10: 8e ae d0 30 1d 87 6a 6b 1a 88 23 91 99 1f df ce  ...0..jk..#.....
0000ec20: 0f 00 61 1d ae d6 ff 6c dd cf 20 db 30 ec a2 15  ..a....l.. .0...
0000ec30: bc 77 75 82 5e 87 8c 8d 06 9c c6 ac 35 05 67 33  .wu.^.......5.g3
0000ec40: 92 a7 4d 50 35 7a b8 4d 1d af 09 b7 98 b9 94 52  ..MP5z.M.......R
0000ec50: 17 80 e4 db 28 05 9a 85 83 d1 70 b3 23 c7 18 35  ....(.....p.#..5
0000ec60: be 5c 7d e3 06 28 b1 5d 35 9c 7c 54 70 b5 14 8b  .\}..(.]5.|Tp...
0000ec70: e9 7f 28 59 b8 f8 2f 86 53 7e 1c 77 30 bd 63 bc  ..(Y../.S~.w0.c.
0000ec80: 68 5e 43 cf 10 0b 0e 78 69 20 31 ed fd d1 e0 22  h^C....xi 1...."
0000ec90: f3 65 f0 58 48 37 ce ea c9 05 89 64 76 5a 6c 43  .e.XH7.....dvZlC
0000eca0: 18 f9 0d 7e 47 16 f6 2c 15 5f 19 61 3e dd 2e 9f  ...~G..,._.a>...
0000ecb0: 7d 5a db 6c ba 60 11 65 2d a4 ad 5d 28 c1 42 fc  }Z.l.`.e-..](.B.
0000ecc0: 0d 56 10 55 94 86 4e 72 28 75 23 87 d6 3d 63 a2  .V.U..Nr(u#..=c.
0000ecd0: a1 c6 ae 07 24 01 a0 3f 18 7c b6 f0 ba 90 78 74  ....$..?.|....xt
0000ece0: ce a4 9b 46 b6 25 91 0f bd 54 28 c9 8f 5e 17 9f  ...F.%...T(..^..
0000ecf0: 63 16 72 83 9a 13 b7 4d 27 3d 67 60 57 a7 43 d8  c.r....M'=g`W.C.
0000ed00: f3 60 d8 39 ad 0d 64 94 5d b3 36 80 d8 83 e3 8e  .`.9..d.].6.....
0000ed10: 23 a0 de 47 81 4a cb 55 eb ba 34 ae 71 43 df 3b  #..G.J.U..4.qC.;
0000ed20: f4 38 a0 98 2f 8b 46 b0 74 d6 ed 1b 63 53 2a d7  .8../.F.t...cS*.
0000ed30: 37 d8 9e b4 46 9f 31 76 ad c1 a8 69 c3 cd 78 45  7...F.1v...i..xE
0000ed40: 5d d2 ab 5d 06 45 c4 01 db 12 08 19 6b 88 48 1b  ]..].E......k.H.
0000ed50: c1 97 96 cf 68 38 86 cf 08 89 e8 0e 9a ed 79 64  ....h8........yd
0000ed60: 89 9b 20 7c 40 da 78 b7 b2 87 96 14 0a 74 5b 4a  .. |@.x......t[J
0000ed70: c7 bf 57 b2 38 81 5a 75 51 22 86 d0 0b 73 a9 d4  ..W.8.ZuQ"...s..
0000ed80: be 8a 11 a4 f0 7f 4b 49 8f 71 dc c2 b2 8c 0c 24  ......KI.q.....$
0000ed90: a9 d4 75 6c 38 97 0b d4 b5 3e 0e ae 85 f0 47 5b  ..ul8....>....G[
0000eda0: 02 e9 07 9a ed 51 f7 99 a9 8d cc 93 61 4a 85 00  .....Q......aJ..
0000edb0: 18 41 53 f5 62 b3 38 a5 01 0c f6 27 1a d5 8f 9c  .AS.b.8....'....
0000edc0: 34 3e d2 86 3f f2 1e 1d 52 3c 23 40 0d 29 64 32  4>..?...R<#@.)d2
0000edd0: ac b7 ab ba fc 0f 7a d2 09 09 03 f9 f1 cf 86 87  ......z.........
0000ede0: db 73 6a 9a d5 0f d4 d2 a5 5b 44 01 d4 fb 5c d6  .sj......[D...\.
0000edf0: b2 b9 89 d3 c9 f3 03 f0 9e a8 7a dd 10 56 64 0d  ..........z..Vd.
0000ee00: 69 94 51 dc ba 29 2a 25 3e b7 95 b5 4b 14 ae ea  i.Q..)*%>...K...
0000ee10: b4 d1 eb fd e7 e2 6a 18 e9 0c c6 a4 c4 f8 4c c7  ......j.......L.
0000ee20: b2 71 ad b9 c0 24 77 80 67 f4 e6 28 f5 57 24 da  .q...$w.g..(.W$.
0000ee30: e1 3e c5 9b 21 59 44 bf 98 25 0a 82 25 ca b2 2a  .>..!YD..%..%..*
0000ee40: 90 f6 72 e3 6e 02 48 75 cb 3b 67 6d b3 80 7e 32  ..r.n.Hu.;gm..~2
0000ee50: e1 75 19 4f 13 5d 69 45 83 09 ee e9 6e f4 fd 90  .u.O.]iE....n...
0000ee60: 1f ae f8 52 a4 34 44 55 11 50 27 2e 93 80 b6 d2  ...R.4DU.P'.....
0000ee70: 24 ac e0 9c 01 59 16 43 01 73 f8 a3 70 7c 27 89  $....Y.C.s..p|'.
0000ee80: 3d 84 e9 89 94 d1 c0 dc 1f ea ba 28 92 24 3c 6b  =..........(.$<k
0000ee90: 8b 67 27 4e ea dc da 8f 43 ad 48 06 5d 37 32 cc  .g'N....C.H.]72.
0000eea0: f3 f9 c1 95 00 07 51 1f b0 89 5e af 29 d2 f2 de  ......Q...^.)...
0000eeb0: 8d 2d 0e 10 2a df c1 77 1c 02 1e ca 4f 1f fe 7e  .-..*..w....O..~
0000eec0: a2 4c e1 24 09 93 6a 3b 19 7b c2 6b ed f2 b9 f7  .L.$..j;.{.k....
0000eed0: fd 7b e4 b0 4a 04 d5 4f f3 06 40 1a 98 09 da 46  .{..J..O..@....F
0000eee0: 8f 41 82 89 49 85 b8 1a 71 3e 2b a5 34 a6 b9 35  .A..I...q>+.4..5
0000eef0: e1 fd 98 56 0b cd a4 8f 83 64 89 48 2a 61 fa 6b  ...V.....d.H*a.k
0000ef00: f0 80 f8 3d bf c8 52 e4 72 0d 44 62 70 57 03 36  ...=..R.r.DbpW.6
0000ef10: 42 e3 1f b2 cf 0a 41 3d cb fa 6b 58 73 52 06 b5  B.....A=..kXsR..
0000ef20: a8 cf 4a a3 28 6b a1 1a ce e7 d4 79 12 d4 4c 0e  ..J.(k.....y..L.
0000ef30: c7 ba db 8c 0c 18 70 3b b0 a3 c9 31 39 33 0a f6  ......p;...193..
0000ef40: 53 fc ef 19 60 83 e7 5c 4d 27 b4 a3 4e b3 e2 0b  S...`..\M'..N...
0000ef50: 52 61 a2 31 c2 02 8b 7c 80 38 ab bb 4e 71 c1 d9  Ra.1...|.8..Nq..
0000ef60: cd 93 44 88 a0 4b 3a 40 6f c0 51 e3 33 44 27 1c  ..D..K:@o.Q.3D'.
0000ef70: a2 59 63 d1 68 75 07 f0 d3 fc 83 bb aa 74 31 f0  .Yc.hu.......t1.
0000ef80: ff 25 7c b6 aa ba 29 2b 29 57 24 6b 89 8d 98 24  .%|...)+)W$k...$
0000ef90: aa 2b 86 f4 15 d6 20 7e 97 21 1c 94 4e 78 ec b4  .+.... ~.!..Nx..
0000efa0: 58 09 4a 22 0f 9c 8d ed 6b cc b1 47 9e 51 4c df  X.J"....k..G.QL.
0000efb0: 24 1c c0 94 e8 5e e6 23 e2 ce 19 37 16 84 d4 22  $....^.#...7..."
0000efc0: 0a 62 fc 29 3d 98 7e f7 f4 85 d1 29 0a 82 fd a7  .b.)=.~....)....
0000efd0: e7 75 97 27 b4 8d 3b 64 35 37 f8 78 cf 2d 6b 0e  .u.'..;d57.x.-k.
0000efe0: 58 98 81 45 2c 04 1a 5b 21 b1 a6 d5 0f ad 52 40  X..E,..[!.....R@
0000eff0: 2d 54 b4 74 0c 0a 4d 32 53 7c 28 31 0d 3c d5 28  -T.t..M2S|(1.<.(
0000f000: 1c b8 a1 c5 ae b2 51 4a 47 c5 ef d5 5e ae 0f a0  ......QJG...^...
0000f010: e8 52 7c 0e 8a 60 19 86 c3 63 1e bf 6e 61 b2 1c  .R|..`...c..na..
0000f020: 8c 38 70 e3 e6 d8 ef b4 3e 5d 56 e8 16 24 7c bb  .8p.....>]V..$|.
0000f030: da f2 97 9c 19 5e 9d a5 db 42 e7 46 46 45 5e 25  .....^...B.FFE^%
0000f040: 9f 4d 38 b6 10 ef 64 4c 0c 21 0b c6 ed bd 6e b4  .M8...dL.!....n.
0000f050: b3 7a 6d b0 9a 94 f2 8f 8b d2 df d0 22 ef 38 4a  .zm.........".8J
0000f060: b0 2d 9c 1a 6c 9e 5b 97 10 24 8f bc 98 9c c8 56  .-..l.[..$.....V
0000f070: d7 b3 d3 e2 3b 74 90 8b df 0e 57 b0 e5 c6 95 cb  ....;t....W.....
0000f080: 4a 6e 48 d3 31 70 e0 4c 8e b9 cb f0 86 ae ea 15  JnH.1p.L........
0000f090: d1 6a 8f 42 29 aa 7b b4 1e 78 4a 13 f4 21 e2 c6  .j.B).{..xJ..!..
0000f0a0: 8d 51 79 f2 3b 95 33 d5 70 6e 7f 7d 16 e0 ff 43  .Qy.;.3.pn.}...C
0000f0b0: a8 b8 a6 4a 6c 06 a1 2a 34 3f f8 53 95 57 6d 2a  ...Jl..*4?.S.Wm*
0000f0c0: ea d1 b1 56 6b 29 b9 a2 6d 06 7f c6 1a e2 a1 e1  ...Vk)..m.......
0000f0d0: fb 91 76 06 56 0d 5b 7b 21 54 d5 7a db 6f 58 64  ..v.V.[{!T.z.oXd
0000f0e0: 74 1a a2 0e 1d 30 7a 58 5a 05 0e 9f 9f 31 25 64  t....0zXZ....1%d
0000f0f0: 9e 36 cf c0 5d fe 85 56 d9 3b c2 37 44 50 71 96  .6..]..V.;.7DPq.
0000f100: 86 a7 b9 ed 17 61 40 21 48 85 07 e4 e1 93 19 c6  .....a@!H.......
0000f110: 3e d1 43 1e 4e 72 92 c0 8c 48 c9 5f ce e5 b0 4c  >.C.Nr...H._...L
0000f120: 3b da 87 a7 7d fb 06 c3 47 33 3a bd eb 2c be 42  ;...}...G3:..,.B
0000f130: 98 45 d2 ce 4d 2d 0c 49 93 c7 c9 73 9e bf 3a 09  .E..M-.I...s..:.
0000f140: cc f4 be eb 39 12 62 06 98 09 d9 1b a5 01 a4 00  ....9.b.........
0000f150: c4 1d 46 10 8f 25 8d 69 c6 46 46 93 03 d7 7f 7d  ..F..%.i.FF....}
0000f160: 6e 2a ee a7 45 d9 71 77 da 12 dc f4 4f ce ca 5c  n*..E.qw....O..\
0000f170: c4 61 7e 1a ef e3 4d 30 4d 58 96 a1 7a 5c 3b e4  .a~...M0MX..z\;.
0000f180: 1f ef 33 c8 95 23 cb aa af 30 cd 27 38 da 9f cb  ..3..#...0.'8...
0000f190: b9 71 64 b9 db b2 ca d2 f0 1a 75 68 37 57 dc 0a  .qd.......uh7W..
0000f1a0: 86 36 dc 83 db ee be c6 c4 03 e9 49 51 56 5b 52  .6.........IQV[R
0000f1b0: 84 e3 cd 9a be 5e 1a ef 41 1a b1 31 b5 a0 53 52  .....^..A..1..SR
0000f1c0: bd cc f5 fc c1 e6 de 7c bd 8d a8 1f 83 ab 86 26  .......|.......&
0000f1d0: c1 49 64 0d 12 fe 6f 4a 98 b6 74 80 ce be 5d 6f  .Id...oJ..t...]o
0000f1e0: af 85 41 e7 a1 04 2e 11 66 80 f3 14 94 c2 b2 d3  ..A.....f.......
0000f1f0: 1b 9c 93 23 47 da c4 dc a2 d8 c0 d0 3a ff 6c ca  ...#G.......:.l.
0000f200: 3f a4 7d af c6 d1 21 24 a8 b2 4d 2c 63 9f 5a 09  ?.}...!$..M,c.Z.
0000f210: 5b e9 34 93 7e ea f2 4a dd cd 0c fd da a5 8a bc  [.4.~..J........
0000f220: ff b5 64 f3 d6 24 8f b7 3f 30 c0 b9 c5 28 72 c9  ..d..$..?0...(r.
0000f230: b8 7f 60 de b7 ff b0 1b 8d 6d 93 e5 e5 fb 16 c9  ..`......m......
0000f240: ca 18 b7 28 b5 2b df bc fe 92 df c3 5e 2e 0d 4e  ...(.+......^..N
0000f250: 81 da 84 2c a3 31 33 f0 53 28 be 46 de 13 2c b4  ...,.13.S(.F..,.
0000f260: 7f a3 20 be 83 5f ac 9e de dc 95 65 fb d8 d2 1b  .. .._.....e....
0000f270: cd db 69 97 0b 3e 72 cc 0a c4 44 08 7a d1 d3 96  ..i..>r...D.z...
0000f280: 30 ec c6 75 09 14 c3 bc 94 50 c2 4c ab bb 4f 34  0..u.....P.L..O4
0000f290: f3 8c 22 0e 2f b8 96 34 24 2d 48 4b 59 a3 28 0b  .."./..4$-HKY.(.
0000f2a0: 2e c6 a5 53 1e 28 b9 f5 b6 f6 3d 9e 19 2b da b0  ...S.(....=..+..
0000f2b0: 9f 78 f8 41 7b 1a 4f b1 73 da 0a b9 af c7 2f 4c  .x.A{.O.s...../L
0000f2c0: d2 e4 56 b9 62 4c 1f a1 eb 5f 39 7a a6 fa 5b 38  ..V.bL..._9z..[8
0000f2d0: 8c 11 9e 61 26 b1 af 6d b2 af f9 06 08 d9 3b c8  ...a&..m......;.
0000f2e0: 98 35 00 a4 0e cd 57 f6 de 1e 68 f1 a0 ff c1 1e  .5....W...h.....
0000f2f0: fd a4 ef cd 26 db fc b6 a6 1c ca 81 a4 4e 8d f1  ....&........N..
0000f300: 3e fb 39 72 ad 3e 8d 43 e7 9f 67 51 b5 e9 71 10  >.9r.>.C..gQ..q.
0000f310: c2 5f 5c e2 ac f5 9b 25 21 55 29 c6 7f 10 0d af  ._\....%!U).....
0000f320: 82 4e d3 02 28 08 d4 2b 4b de 47 67 70 74 fa ab  .N..(..+K.Ggpt..
0000f330: b3 fa 88 c7 89 84 64 c2 4c 99 75 da 67 52 4a e5  ......d.L.u.gRJ.
0000f340: f2 bd 8a ed 79 5a 8b 53 89 c9 1a db 1d c0 9e ac  ....yZ.S........
0000f350: d6 a8 8b ad c7 30 29 21 56 25 1f df 1a ff cc 3b  .....0)!V%.....;
0000f360: 82 a2 5f 60 60 cc 50 31 71 11 d9 18 13 64 eb 7a  .._``.P1q....d.z
0000f370: 4e 6a 87 b0 8f 9a 70 3d 0f d8 b2 3b 62 e0 43 b2  Nj....p=...;b.C.
0000f380: fb 4d d8 0c 20 95 ca 9f 17 68 26 3e bc f8 66 b6  .M.. ....h&>..f.
0000f390: f6 03 32 0c eb ca de dd 86 95 65 54 32 fd 4c d0  ..2.......eT2.L.
0000f3a0: db 29 d5 3d b7 60 2a 43 24 ae bd b8 75 1d ae 9f  .).=.`*C$...u...
0000f3b0: ab b4 f4 98 f0 c6 2d 76 19 c1 d9 d0 f7 2e d0 a5  ......-v........
0000f3c0: d4 31 da 9a 3f 57 41 82 39 9e d6 09 58 1a f1 87  .1..?WA.9...X...
0000f3d0: 1f ef e3 83 df cb c1 5c 92 37 6c ba 82 10 ec df  .......\.7l.....
0000f3e0: ca 7b 4a 2e 4e 77 72 2b 82 cf 76 98 15 35 a4 76  .{J.Nwr+..v..5.v
0000f3f0: d4 f1 d8 ac 4d 85 b8 79 b3 57 2e c0 73 fd 85 0a  ....M..y.W..s...
0000f400: 08 57 49 cc 6e e2 c3 6a 30 d7 4a 1f a1 d2 ec 3b  .WI.n..j0.J....;
0000f410: 48 9b 3e 82 4c 63 a6 ca f8 81 d6 06 2e f5 53 df  H.>.Lc........S.
0000f420: 05 44 62 6c 1c 10 f1 0d aa 6a 21 96 6f 34 47 3a  .Dbl.....j!.o4G:
0000f430: e5 22 87 92 91 85 c7 ed ca da e5 a1 c7 55 55 0f  ."...........UU.
0000f440: ed 84 33 48 61 fc 2f d4 9e d8 35 a6 8f 58 4b 62  ..3Ha./...5..XKb
0000f450: 62 73 9a 23 84 5a 14 0a 05 73 48 3e bf 5f b6 b8  bs.#.Z...sH>._..
0000f460: ae f0 20 86 99 88 75 58 d9 3a 5a 8d a1 e8 ce 86  .. ...uX.:Z.....
0000f470: c2 d0 64 3c 1f 85 c1 8d 26 4b 2c f5 c1 26 f5 53  ..d<....&K,..&.S
0000f480: 96 a3 a2 7c 4d 6e 0b 95 a6 de 28 17 8c 3b b4 31  ...|Mn....(..;.1
0000f490: 55 51 61 ad 20 bf ea b9 32 a1 74 e3 54 4b dd 35  UQa. ...2.t.TK.5
0000f4a0: 4c 69 75 53 2b d0 cc bf a2 a7 56 64 16 70 04 1f  LiuS+.....Vd.p..
0000f4b0: d8 0c c0 bd be 84 83 db b0 47 6c 98 52 f4 86 68  .........Gl.R..h
0000f4c0: 51 7b 88 ec 29 c5 7c 8e 22 79 c7 7d de ca dd 55  Q{..).|."y.}...U
0000f4d0: a0 3b 7a 15 5f 61 b6 96 4a 79 95 17 51 8d 32 60  .;z._a..Jy..Q.2`
0000f4e0: a7 71 e9 22 7e eb 8e 50 c3 30 00 21 c6 4c d4 d8  .q."~..P.0.!.L..
0000f4f0: 6f 19 56 b6 b4 9d 2f 64 cf 72 64 a0 72 01 55 24  o.V.../d.rd.r.U$
0000f500: a4 ba d3 2d 78 0c f3 03 2f 36 43 55 4c 79 ec c8  ...-x.../6CULy..
0000f510: 87 ba 51 e6 d2 3c 5d cb 2f 74 7e 54 23 5a 58 94  ..Q..<]./t~T#ZX.
0000f520: 3c 5e 04 ab 43 d5 d4 69 4f 30 74 84 86 12 06 31  <^..C..iO0t....1
0000f530: ab c3 95 89 c2 b8 9b 48 85 c9 63 32 4f f5 c3 a3  .......H..c2O...
0000f540: 56 27 68 3e 1c 8b d0 13 2c e7 4f 26 2d 67 60 1e  V'h>....,.O&-g`.
0000f550: d9 57 ed d9 c8 e7 a5 f5 39 18 9d 6c 0d 8c 67 73  .W......9..l..gs
0000f560: 2b 41 78 ef 27 7f 2d 41 a2 12 f8 14 25 b3 9b e5  +Ax.'.-A....%...
0000f570: 90 56 9a dd f4 cf f7 67 98 9c 33 0e 6c 07 31 33  .V.....g..3.l.13
0000f580: 7f 72 5a c6 d5 3c 93 7a a2 23 6d d9 86 30 05 c1  .rZ..<.z.#m..0..
0000f590: 5b c8 3f 99 c8 32 d6 c7 e4 d1 32 80 99 3d a4 9e  [.?..2....2..=..
0000f5a0: 54 46 89 52 ed 0d cc f0 36 75 f8 cf ba 7e 47 fd  TF.R....6u...~G.
0000f5b0: aa 82 c2 35 32 cb db da a4 93 e4 89 2c ee 56 a7  ...52.......,.V.
0000f5c0: b2 e2 11 a6 ed bd e6 07 7d a9 e1 d6 99 a8 91 39  ........}......9
0000f5d0: 6d 7d ce 32 0c 00 68 6a 2d e9 6e d1 8c c9 44 40  m}.2..hj-.n...D@
0000f5e0: 58 d2 cb 76 cb ef ab c4 ce 2f 0f ae 2f 84 a5 83  X..v...../../...
0000f5f0: b0 fa 36 bf 87 90 54 64 7a 1d be 3e 95 91 92 85  ..6...Tdz..>....
0000f600: 0c 3c 8c 61 9d 97 1b 44 a3 1e c9 ed 47 0b f0 7e  .<.a...D....G..~
0000f610: ab b8 ac 1c b6 81 27 b0 85 1f a9 f2 51 7a a0 8e  ......'.....Qz..
0000f620: 70 3a 9e 69 01 10 53 2f 68 9b 9c b5 4b 3a e8 03  p:.i..S/h...K:..
0000f630: 3b 88 7e b5 0c 96 fd 77 35 bd f4 40 80 1c de 84  ;.~....w5..@....
0000f640: 3f b9 cb 87 ff 89 01 60 eb cc 20 db 4f 46 32 3e  ?......`.. .OF2>
0000f650: a7 50 cb 22 19 c6 04 91 9b c0 97 ea 33 37 09 e5  .P."........37..
0000f660: f6 f6 08 5f e5 d3 9a b6 33 81 34 59 f4 ad 0d cf  ..._....3.4Y....
0000f670: 2e a2 94 e1 e4 4f b1 4d e0 17 1b cb 69 db de 47  .....O.M....i..G
0000f680: a5 dc b3 7b e5 54 76 b7 e8 2c 35 34 49 0c 41 a9  ...{.Tv..,54I.A.
0000f690: 99 29 7c 7d 9a 90 2d 08 9e 7d 08 8f 28 70 89 75  .)|}..-..}..(p.u
0000f6a0: 86 81 38 f2 ba 6c d9 1f a3 92 0c a3 0b 6c 51 aa  ..8..l.......lQ.
0000f6b0: 82 fb 22 a6 8a b0 76 9d a6 d9 bd 89 98 bf 34 53  .."...v.......4S
0000f6c0: 72 1b 08 53 60 85 b3 6e cc c2 2e f7 1e bb 7e 45  r..S`..n......~E
0000f6d0: a7 5c 01 dd ec 79 2d 27 13 98 bc 1b 1c e8 5b 6e  .\...y-'......[n
0000f6e0: 9b 2e 65 c4 d7 c8 3e 2c 69 1f c9 b6 0c a0 f9 95  ..e...>,i.......
0000f6f0: a0 3f c6 f8 fd eb c1 fb 06 a5 75 43 a7 cf e1 d5  .?........uC....
0000f700: 01 93 90 7d 16 b2 3e 84 2a c1 44 c4 30 c0 b2 ce  ...}..>.*.D.0...
0000f710: a4 13 0c 46 c5 7d b5 f6 97 75 f6 b4 4a 79 c8 5e  ...F.}...u..Jy.^
0000f720: 3a 5f 83 18 68 3b 02 b9 51 d9 5e cc e4 2c 3d 99  :_..h;..Q.^..,=.
0000f730: 9a 2a c2 e8 c1 2f 5e 2c 4a 66 ea 14 1e 76 ce 98  .*.../^,Jf...v..
0000f740: ca d4 85 24 f9 b3 0b 6e ca fd ce 41 cc 79 ab ed  ...$...n...A.y..
0000f750: ee 8d 4f bc f3 44 69 44 ff e8 02 24 b1 35 09 a5  ..O..DiD...$.5..
0000f760: db ff 77 5d f9 e3 02 28 73 e1 e1 9b d3 33 7b e3  ..w]...(s....3{.
0000f770: 6d 56 a9 d4 b7 dd 28 2e 8d 12 ce 7f 12 62 17 10  mV....(......b..
0000f780: d9 56 ab 57 73 65 6a 88 02 d4 72 9f 32 e7 f0 e2  .V.Wsej...r.2...
0000f790: 62 04 c2 75 0f d1 3e f3 18 22 3b 4b 69 b0 1f 22  b..u..>..";Ki.."
0000f7a0: 7b 95 5e e9 0e 94 fb c5 4d 60 ec ee 82 24 5f a1  {.^.....M`...$_.
0000f7b0: 47 5a 3c a1 64 55 b7 75 d0 7c 69 b9 1a 60 db f1  GZ<.dU.u.|i..`..
0000f7c0: 0c bc cb 4f 6d fb 26 9f ed 58 5c 4a 05 bc f3 b1  ...Om.&..X\J....
0000f7d0: 3d 59 13 1e 76 8b 85 6b d9 11 8f 6b 36 94 1b c2  =Y..v..k...k6...
0000f7e0: 62 ac 63 ba 08 eb 37 1f b7 75 b9 77 56 3b af 90  b.c...7..u.wV;..
0000f7f0: 00 b2 e3 ed 4d 95 b3 61 91 05 45 a0 87 a0 fa ed  ....M..a..E.....
0000f800: e2 77 1f 23 fd 95 4e 96 3c 27 c7 a7 6b b7 72 37  .w.#..N.<'..k.r7
0000f810: aa 57 17 b9 06 29 be 65 76 32 6c f3 2b a1 d9 41  .W...).ev2l.+..A
0000f820: cb be 2b 81 16 11 5c ea 63 cf 7e 81 cc 1a 2a cc  ..+...\.c.~...*.
0000f830: 01 17 26 ba c8 4d a4 79 0c 58 7b ec 9f 60 2b 6f  ..&..M.y.X{..`+o
0000f840: af 1d 44 12 47 b6 44 1f 87 2d b5 bf d7 e7 6e e0  ..D.G.D..-....n.
0000f850: 02 ff c0 41 cb 4b bd d8 36 85 a9 c2 36 15 72 b8  ...A.K..6...6.r.
0000f860: 02 86 e8 fa 47 8b 65 f2 ba 52 9f da 5c e5 c8 e6  ....G.e..R..\...
0000f870: 25 9e 48 66 86 fa 74 ec 2d 0f 22 04 c0 86 03 af  %.Hf..t.-.".....
0000f880: 5e 6e e6 7e ed bd e8 39 cd 84 02 f6 a5 0b 87 72  ^n.~...9.......r
0000f890: c5 0d c6 06 91 bb d5 06 19 e6 95 3a 1c 51 c2 f5  ...........:.Q..
0000f8a0: 6c c7 77 3c 07 64 d4 c5 b8 84 eb 32 17 12 1a 22  l.w<.d.....2..."
0000f8b0: de 9a fc 20 a7 be dc b0 74 20 51 73 dd 43 31 46  ... ....t Qs.C1F
0000f8c0: 42 e6 d9 d2 34 62 3b d1 6d 9e 2b 12 0d ae 74 4d  B...4b;.m.+...tM
0000f8d0: 47 b5 40 53 08 0c 94 50 45 02 7a d7 39 cd c2 b9  G.@S...PE.z.9...
0000f8e0: d6 f9 30 6b c9 47 fd 6e 64 a7 91 12 b4 78 bf a5  ..0k.G.nd....x..
0000f8f0: ee c2 a3 b8 78 4a b9 99 7b af 7a c7 64 cb 54 38  ....xJ..{.z.d.T8
0000f900: 94 70 f3 48 15 18 ac 37 1f 05 fb ef b5 ab 4c 24  .p.H...7......L$
0000f910: 6d 46 81 0f af 27 4b d4 24 19 d0 0b 74 c0 40 17  mF...'K.$...t.@.
0000f920: 66 57 86 0f 13 fd af 7d 5e 9e 51 46 75 c6 bb 56  fW.....}^.QFu..V
0000f930: 1d 0b e7 4d a0 24 9a cd 8e e3 62 96 e1 66 ce 11  ...M.$....b..f..
0000f940: 5b 74 12 01 58 07 d5 f4 63 a3 a7 48 73 4d bd 81  [t..X...c..HsM..
0000f950: 4e 67 22 0f f4 e8 b0 d7 19 1c 4d ff e5 4f d5 83  Ng".......M..O..
0000f960: f6 01 13 a1 c1 42 3c c7 ce e2 81 88 96 90 d0 ab  .....B<.........
0000f970: ae 9d 28 79 5f 40 11 24 40 a4 70 f9 aa 7a 15 2d  ..(y_@.$@.p..z.-
0000f980: db fb 7c a2 b3 39 4d dc 2f b8 f7 e4 48 81 f5 9d  ..|..9M./...H...
0000f990: ee 13 42 cd fc 10 7b 62 15 58 6f 21 8f ac 5d c5  ..B...{b.Xo!..].
0000f9a0: a1 85 b4 53 93 bd ad b8 de 0e df 4f d3 57 f4 33  ...S.......O.W.3
0000f9b0: af c2 9f 1c 38 eb b1 8f c2 4d 3b ef c9 e2 b2 02  ....8....M;.....
0000f9c0: 1e 8f 69 fb 70 d3 99 e5 7d a6 14 82 be 2d 3b 00  ..i.p...}....-;.
0000f9d0: 44 22 c4 67 05 f6 f8 43 5c a0 7e c3 e7 d0 fd 42  D".g...C\.~....B
0000f9e0: 8d a3 34 0d e1 43 97 d6 b3 0b 14 80 0d ef 2f 09  ..4..C......../.
0000f9f0: 98 d7 5b 40 1d 8d 27 46 d4 f1 f3 da 7c 9d f5 a1  ..[@..'F....|...
0000fa00: 2b d5 2b 69 e2 5d 3a f1 41 cc dd 50 89 c5 aa 1b  +.+i.]:.A..P....
0000fa10: 63 ca 43 e9 3b 03 db ef 89 9a 35 37 d7 a3 6c 98  c.C.;.....57..l.
0000fa20: f6 49 99 6d e2 73 2b 64 74 6c 3a b5 f4 55 2a ce  .I.m.s+dtl:..U*.
0000fa30: b8 44 58 06 8f 98 f9 3d fd 6d e9 63 df eb a7 4c  .DX....=.m.c...L
0000fa40: 83 af e4 97 0c 92 51 26 eb f6 82 d3 78 82 d1 bc  ......Q&....x...
0000fa50: 04 8d 69 68 c5 65 5f 48 8a 92 6d 63 42 d3 fa 9e  ..ih.e_H..mcB...
0000fa60: bb ae 3d 60 8f 38 fe 2f 50 a4 57 53 d9 f3 e3 a5  ..=`.8./P.WS....
0000fa70: 36 3a 84 d2 37 2f a4 06 cf 9a 02 38 e8 86 37 63  6:..7/.....8..7c
0000fa80: 4b 54 99 4a 04 4a dd af e4 18 c5 7c 50 62 26 fd  KT.J.J.....|Pb&.
0000fa90: db ca ad 05 20 04 44 a3 c8 cb b2 b9 03 62 15 09  .... .D......b..
0000faa0: ca 29 73 36 e0 ee 0b a6 ac 70 88 c4 58 b8 1d 95  .)s6.....p..X...
0000fab0: 72 3c c9 69 96 66 53 e5 6a 63 a5 77 53 48 57 44  r<.i.fS.jc.wSHWD
0000fac0: b6 e2 49 60 dd 26 7a 06 c5 eb 31 f4 74 e6 da 4a  ..I`.&z...1.t..J
0000fad0: 99 96 71 da e8 b7 91 82 b7 0f bd 55 23 63 af 47  ..q........U#c.G
0000fae0: ec 89 34 6d 73 d5 b3 85 b4 a8 5e db a0 09 9b 69  ..4ms.....^....i
0000faf0: a0 24 94 2a 78 73 28 90 ab 02 9f fe fb 11 d8 d4  .$.*xs(.........
0000fb00: 46 b8 e6 84 62 29 ef ff 19 7c 40 a0 c2 d7 64 ae  F...b)...|@...d.
0000fb10: 04 8c 05 e7 cf c8 23 b8 63 52 c1 b1 c9 c5 35 26  ......#.cR....5&
0000fb20: 3e 13 4c 23 19 8c 6e 23 d6 cd 1b 15 eb 1e 2d b0  >.L#..n#......-.
0000fb30: 14 23 ec 15 b8 fa 1d 5d ae cf 5f f6 1e 91 fc e4  .#.....].._.....
0000fb40: 79 bf a5 26 99 8f 19 9c 82 4e b6 79 de f5 e0 de  y..&.....N.y....
0000fb50: 42 aa d6 8c 72 a0 65 ac c7 2e 01 b9 7e 12 4d 97  B...r.e.....~.M.
0000fb60: 57 26 33 a3 11 68 86 98 f7 14 bf bf bf b2 fe 84  W&3..h..........
0000fb70: 2d 7a 49 03 5d 74 c0 3e 17 57 9a 71 29 33 fd de  -zI.]t.>.W.q)3..
0000fb80: 4a 74 c9 e4 95 39 cb 95 6e 20 ee 90 ab 22 7c d1  Jt...9..n ..."|.
0000fb90: e5 34 4e 6f c0 b1 f8 de 48 7c c0 f1 ab ab 01 d9  .4No....H|......
0000fba0: 46 dd c9 29 0e f0 05 83 51 ac 21 99 62 6a c6 99  F..)....Q.!.bj..
0000fbb0: e2 c7 ca 98 16 ec 3a d2 0c 12 60 80 90 2c 47 1e  ......:...`..,G.
0000fbc0: 33 f4 74 c8 12 e9 c4 15 cc 36 77 19 32 84 e5 c2  3.t......6w.2...
0000fbd0: 42 fd cf 34 d4 02 3f b1 93 8d 2b 32 cd 6a 96 00  B..4..?...+2.j..
0000fbe0: 42 3e 90 58 2e 4c f6 e4 f2 5d f8 ed 8c 69 61 23  B>.X.L...]...ia#
0000fbf0: 9a 86 78 7b e9 fc 08 86 f3 8c 75 b8 af 23 88 44  ..x{......u..#.D
0000fc00: 20 04 24 fe 9e ed a2 2b 3a 59 87 d8 3f 37 7c 95   .$....+:Y..?7|.
0000fc10: d7 2c dc 07 bd 1c 48 a2 42 08 28 9a a5 69 eb cb  .,....H.B.(..i..
0000fc20: cc 18 3b 02 a9 9b 91 8c e2 3e bc 01 0c 43 58 48  ..;......>...CXH
0000fc30: 5c 50 10 b5 9b 82 6e 61 17 2c a3 af 53 4a a8 f3  \P....na.,..SJ..
0000fc40: f6 c1 3f 25 70 c7 76 c9 e6 d0 6b b0 9c 3a 2f 68  ..?%p.v...k..:/h
0000fc50: 79 04 77 52 49 15 7e 01 4a 39 44 2c e1 76 18 e1  y.wRI.~.J9D,.v..
0000fc60: 3b 5d ec e0 eb 60 f9 d6 cc de d7 72 0f 26 ed a4  ;]...`.....r.&..
0000fc70: 7f 92 dd bc 6b bb a5 2c 62 f4 5b c3 de 31 55 59  ....k..,b.[..1UY
0000fc80: 4f e8 7d 1c ca 04 fc 25 61 97 02 9d 11 ea ce 9d  O.}....%a.......
0000fc90: f0 13 23 fb 22 9c 0a 1c bd d0 0e 43 b8 92 9e a3  ..#."......C....
0000fca0: 9f 81 4e 01 5d 10 75 80 f8 00 49 9d 73 d4 d4 d3  ..N.].u...I.s...
0000fcb0: 27 c6 ae c6 49 c5 46 64 48 4f 8b 6e 46 5d 31 f2  '...I.FdHO.nF]1.
0000fcc0: 46 03 75 d8 5e b7 1e b6 d1 ee e4 ae 1f 5e 5d d2  F.u.^........^].
0000fcd0: f0 40 cb 51 fe 15 c0 9b cb ec 0b 5a 61 67 af b5  .@.Q.......Zag..
0000fce0: ed 2f a1 55 1b 08 6a 8c e3 9b 5a e4 14 ae 64 64  ./.U..j...Z...dd
0000fcf0: 4b 4d 83 56 6a 9d 60 10 d5 99 d7 d4 f9 ac 7c 9c  KM.Vj.`.......|.
0000fd00: 27 dd cf 34 31 b5 01 f6 03 45 d8 e2 4b 0d 86 32  '..41....E..K..2
0000fd10: e4 0d 70 52 21 76 f5 e3 38 a4 44 a0 81 22 66 de  ..pR!v..8.D.."f.
0000fd20: 60 89 24 27 9e 3e 91 ce 2c 7a d3 68 c4 a3 07 f9  `.$'.>..,z.h....
0000fd30: 83 67 ee c8 06 da 0d 4c 9a ef e5 d2 d5 db 03 b5  .g.....L........
0000fd40: 2d 41 12 28 d4 2c 97 13 ec 00 e9 c6 af b6 33 b6  -A.(.,........3.
0000fd50: 56 8e 2e fb 9a 4b cf 97 2f 7e 34 af b4 7d 98 f9  V....K../~4..}..
0000fd60: d4 dc de 8f bf 22 5f e0 95 d8 9c f7 70 7b b0 f4  ....."_.....p{..
0000fd70: ca 50 e7 0d d6 4e 29 ee 0b 36 87 39 81 99 41 f6  .P...N)..6.9..A.
0000fd80: 57 d0 f5 7d 3c a3 79 d6 fa 77 63 15 66 fb 35 ee  W..}<.y..wc.f.5.
0000fd90: 43 4f 2d 0f 53 63 19 a6 a3 47 08 1e 53 9c 2d 2a  CO-.Sc...G..S.-*
0000fda0: dc a0 2c e1 3b 5a be d0 dc 7a fa 73 c8 41 64 e8  ..,.;Z...z.s.Ad.
0000fdb0: ad 01 58 c3 f6 7a 97 cb ef c6 48 5b 67 5d 0e 87  ..X..z....H[g]..
0000fdc0: 13 89 ed d3 29 37 38 57 73 99 dc 59 a1 45 41 09  ....)78Ws..Y.EA.
0000fdd0: 04 86 57 1f 39 35 aa 41 44 bc 4a 44 f8 6e bb 77  ..W.95.AD.JD.n.w
0000fde0: ed ad 29 0d b8 12 6d 71 70 e1 6f 1a 15 95 12 6a  ..)...mqp.o....j
0000fdf0: 41 70 d4 1c 48 38 09 70 6e 70 e9 3d c1 e7 c6 c0  Ap..H8.pnp.=....
0000fe00: 75 be 24 98 26 19 66 68 83 6c 83 d7 ac 00 76 5d  u.$.&.fh.l....v]
0000fe10: 77 00 e4 68 c2 f8 01 9f 1a 2e ca fd 27 fb a3 bc  w..h........'...
0000fe20: 7b 01 15 26 9b 39 d6 e2 c1 04 90 76 a8 a7 68 22  {..&.9.....v..h"
0000fe30: b6 a8 76 76 1d ff 63 1f 72 15 3b 92 db 85 3f 8e  ..vv..c.r.;...?.
0000fe40: 5a 68 81 59 91 a4 ad 00 ae 47 16 b2 df 7b a6 ae  Zh.Y.....G...{..
0000fe50: bd dd 76 87 fd 6f 79 00 f3 cb dd 10 34 11 e7 1c  ..v..oy.....4...
0000fe60: c3 90 77 83 c7 de 86 7d 8d 03 ed b1 dd 6e 57 43  ..w....}.....nWC
0000fe70: f7 67 cf 16 12 d6 ce 7e a8 60 59 0c f0 22 09 82  .g.....~.`Y.."..
0000fe80: ee 25 e5 a7 ab 40 7c d3 82 04 b9 b2 0c 45 3b 50  .%...@|......E;P
0000fe90: a8 95 df c3 12 8f a0 bd d0 1f 64 50 ff 5e 95 fa  ..........dP.^..
0000fea0: 68 82 56 b7 dc e2 27 0d 87 30 35 d5 a4 aa 06 be  h.V...'..05.....
0000feb0: 1e 65 10 99 99 0a 42 fb 14 b6 ea ad 2a f6 bc 5a  .e....B.....*..Z
0000fec0: 29 54 40 77 e3 9d 77 56 4c 67 28 c6 6e 21 03 a5  )T@w..wVLg(.n!..
0000fed0: 2f b2 37 10 08 d5 93 11 1d 42 57 d7 75 d8 4c d3  /.7......BW.u.L.
0000fee0: 28 1b 73 12 ff e0 a6 1a a2 51 39 35 aa fe 9b c4  (.s......Q95....
0000fef0: 4c 68 30 ce f5 f5 43 7d ca 29 af 79 db d2 3f db  Lh0...C}.).y..?.
0000ff00: f9 37 b8 db 06 b8 1a a1 18 40 ea af bb 52 4e c0  .7.......@...RN.
0000ff10: 46 ea 70 14 57 4b 14 a5 95 cb de da 15 4f 46 af  F.p.WK.......OF.
0000ff20: 7e b5 42 09 86 e4 24 be 7b 99 f0 bb 22 c5 6c c7  ~.B...$.{...".l.
0000ff30: 9c 6c 92 2f 62 93 53 ce bc 16 d1 47 3a d6 20 a6  .l./b.S....G:. .
0000ff40: 1d d3 99 2c 55 3a 9d 86 13 72 48 de 43 aa 20 78  ...,U:...rH.C. x
0000ff50: e3 eb 31 59 e1 58 fc 7c dd 79 e8 28 04 1c cd 3e  ..1Y.X.|.y.(...>
0000ff60: 87 71 55 d7 b8 5b 91 cb cc 50 7e 8a c3 de 5a 00  .qU..[...P~...Z.
0000ff70: f6 fb 2a f2 93 98 83 d4 03 09 96 7d d4 ac f8 94  ..*........}....
0000ff80: 92 84 04 07 49 d8 51 e7 cd 04 81 a9 ce 9c 2c 5a  ....I.Q.......,Z
0000ff90: 5c 6b 54 ff f7 67 b8 d0 c6 94 78 6f 28 12 92 66  \kT..g....xo(..f
0000ffa0: 53 0f 3d be 9d 75 80 4d 62 86 3f de 64 85 12 89  S.=..u.Mb.?.d...
0000ffb0: db 86 7a 5e 6d 6d 95 34 02 b6 df 30 fb 11 aa d1  ..z^mm.4...0....
0000ffc0: 17 39 90 00 be 60 98 13 a2 25 77 07 3f 45 5b 09  .9...`...%w.?E[.
0000ffd0: fc 75 a9 00 ec a3 3c 7a 3a 32 31 50 e5 8e 23 de  .u....<z:21P..#.
0000ffe0: 73 56 06 28 fb a0 c9 78 51 07 57 0e 53 68 43 f1  sV.(...xQ.W.ShC.
0000fff0: 56 a1 77 ef 22 de 2f d7 98 a1 e9 d8 78 fb 30 53  V.w."./.....x.0S
00010000: 67 62 c7 35 ae 03 22 e1 79 d9 9f c9 88 72 58 99  gb.5..".y....rX.
00010010: 61 94 f6 e5 f1 21 71 02 3b 61 a4 a9 c1 8f 11 6d  a....!q.;a.....m
00010020: ae 2d a9 c0 0f 67 9f 9c bf 68 8e 7d 7f ac 92 ba  .-...g...h.}....
00010030: ff 5e 3e d8 ed 80 b7 4a f3 b6 5a 9e cf 9c c1 08  .^>....J..Z.....
00010040: 5c 72 52 e4 e9 e7 89 cd 9a cc 5c 09 df e9 04 9b  \rR.......\.....
00010050: 65 54 13 1b 39 d9 ce 82 95 8c 3d 89 90 03 f4 06  eT..9.....=.....
00010060: 82 d5 79 63 d7 a4 dd 11 ed db c3 fa bc 41 34 21  ..yc.........A4!
00010070: 05 24 1d c8 42 d9 af 71 c6 cc 7c fe 6c d6 0d 95  .$..B..q..|.l...
00010080: 6c 01 9e 41 c1 28 c9 ef c5 39 dd 91 00 15 21 59  l..A.(...9....!Y
00010090: f0 47 4f cf 12 b5 8d 4b 44 81 b7 83 96 74 39 83  .GO....KD....t9.
000100a0: 03 fd f7 f2 25 1e 08 0f ba 44 02 75 f7 04 90 58  ....%....D.u...X
000100b0: 83 87 3e 90 9d e3 f1 f4 e0 a7 e0 7e c8 df 14 ee  ..>........~....
000100c0: d1 e5 71 a5 18 d2 49 c8 c0 62 01 cd c2 42 98 99  ..q...I..b...B..
000100d0: c4 ce 70 37 ef ff fd b4 e6 45 13 6a 06 53 13 ae  ..p7.....E.j.S..
000100e0: 99 80 64 e6 a3 62 39 fd da 60 5b eb 95 90 32 13  ..d..b9..`[...2.
000100f0: 57 0c 0c a0 ae fa 4b d4 a1 c6 af ea 99 8c bb 03  W.....K.........
00010100: 0f 5e 37 7d a3 6f f1 2a db c6 b5 cb 8d 22 7b e5  .^7}.o.*....."{.
00010110: f1 ba 9c 47 7e ce 30 16 4e 97 9b 74 f7 d7 7b 10  ...G~.0.N..t..{.
00010120: 73 9c 12 9b 64 c1 45 28 97 04 b7 2c 56 4f de 04  s...d.E(...,VO..
00010130: d0 ae d3 f0 f1 8f 81 c2 73 1f c2 c3 16 8c 62 5b  ........s.....b[
00010140: 53 87 a1 ca 7c e4 fb ee 36 fe 73 e0 4c 73 f9 de  S...|...6.s.Ls..
00010150: 61 33 cc 76 1a 53 43 01 f0 25 b6 b4 64 8a c8 05  a3.v.SC..%..d...
00010160: 28 0a 80 23 f5 60 bd 89 e4 6f 26 cb ed f5 0d ef  (..#.`...o&.....
00010170: 9d 74 7f 2b bd 69 6e 59 4d 05 a1 5f 90 8c 48 45  .t.+.inYM.._..HE
00010180: 2f a2 6a 98 1f 94 ff b1 18 1a 07 92 19 68 1a ea  /.j..........h..
00010190: 8b 89 de ca 29 db fb 5d 49 68 09 a9 85 c5 df ac  ....)..]Ih......
000101a0: e5 50 52 68 14 79 e1 d5 d2 32 29 31 50 48 50 06  .PRh.y...2)1PHP.
000101b0: 40 75 2c 32 18 68 1a f1 ee 0e dd a4 1c b9 f6 2a  @u,2.h.........*
000101c0: 56 51 ff ab d5 76 90 34 d3 52 41 40 d4 ae 57 b1  VQ...v.4.RA@..W.
000101d0: 15 bc 5d 2a b8 e6 ce ba ba 8f c0 e1 f6 8c b7 3b  ..]*...........;
000101e0: b3 e0 8c fe 9d cb 0d 6f c2 9a c2 18 fb c4 0f 83  .......o........
000101f0: ec f8 4a 3f d5 3a 38 f2 0f 9a 7a 45 b7 ed 5f 23  ..J?.:8...zE.._#
00010200: 5d 2d 58 35 1e 8e 2a af 3c 4d 1b 75 c6 35 54 e5  ]-X5..*.<M.u.5T.
00010210: c4 ce 63 53 54 b1 e1 99 e5 29 98 20 92 cb 32 15  ..cST....). ..2.
00010220: 66 d6 57 43 5d 5a e5 50 b7 63 42 b1 ba 5c 04 0c  f.WC]Z.P.cB..\..
00010230: 65 6a dc 43 57 5b f0 79 a7 90 fd c1 1b 10 2d 51  ej.CW[.y......-Q
00010240: 46 2e 6b c9 42 31 de bb 45 d6 b6 0b ec ba d5 0c  F.k.B1..E.......
00010250: c0 84 90 a6 b8 4c 52 06 5e bc 9d 56 ba 62 5f b1  .....LR.^..V.b_.
00010260: 6b 48 1f 26 c9 a4 c4 0e 10 3a 36 9d 16 d0 7c d0  kH.&.....:6...|.
00010270: b3 82 b3 31 c2 5f dc f0 d2 16 77 3b f9 bc 81 ad  ...1._....w;....
00010280: 04 9f 04 c3 10 27 fb 55 76 7f 3e be ce fe 24 c7  .....'.Uv.>...$.
00010290: 30 78 2f df 36 b7 79 5f ee 67 e7 41 2d fd c1 3f  0x/.6.y_.g.A-..?
000102a0: 11 25 23 49 9d 25 c7 3b 6f d1 8a 07 92 4f 54 5d  .%#I.%.;o....OT]
000102b0: 36 b2 ab d8 bb 3a e4 41 bb 0d f3 2b 4d 7d 65 1a  6....:.A...+M}e.
000102c0: a9 25 3c 26 11 1d 87 13 46 61 a1 2f 3b c9 06 b7  .%<&....Fa./;...
000102d0: 94 9c fc 38 d5 95 03 a3 e1 c4 b9 2a e5 f9 be 15  ...8.......*....
000102e0: b4 5b c7 c3 09 f3 8b 8a 4c 81 82 0e 72 d6 fd 13  .[......L...r...
000102f0: d7 12 7f a5 1b c5 8d 5a 33 ab a0 1a ad 6c ae 1e  .......Z3....l..
00010300: 2a f0 9a 14 ba b0 3a 4f f3 31 0d da 7c ed e1 a2  *.....:O.1..|...
00010310: e3 ea 38 62 d7 b3 b7 c0 85 de 04 72 0b 4a 3c 6e  ..8b.......r.J<n
00010320: d3 ad c6 72 24 1b 53 a5 30 7a 11 d9 76 14 2d 23  ...r$.S.0z..v.-#
00010330: 53 15 e6 22 7a bd 8b 82 40 47 22 d1 4d 4e 83 2f  S.."z...@G".MN./
00010340: 2f 3a 0f 35 c1 3d 6b b2 53 aa 03 42 0c 0a 10 2d  /:.5.=k.S..B...-
00010350: cb f3 46 13 12 a9 74 40 0c e7 7f b1 ae 39 5f 44  ..F...t@.....9_D
00010360: 4c b3 6a 1a 2a 0a 56 be c3 2a 28 64 83 0f 12 6a  L.j.*.V..*(d...j
00010370: 02 ee fc 79 64 23 bb 9a ae 99 16 35 51 bd db f1  ...yd#.....5Q...
00010380: f6 d3 fb 32 38 21 03 37 62 0c 7f bd 8b bb e7 a7  ...28!.7b.......
00010390: da af ca aa 11 be c0 a0 a6 83 c4 9b 42 68 3c 95  ............Bh<.
000103a0: 7b cb 7b d8 79 cc 41 a6 d5 94 7f 41 8c 7e 1d 3d  {.{.y.A....A.~.=
000103b0: 2f 9b 1e 47 98 e7 68 b5 20 51 ae c7 6f 7f 12 2d  /..G..h. Q..o..-
000103c0: 70 ac 22 53 d1 21 d7 aa 86 6a 83 d9 2f 64 c1 99  p."S.!...j../d..
000103d0: af 62 66 e9 d8 5e 95 f6 73 d1 87 5d 98 81 a9 cd  .bf..^..s..]....
000103e0: f9 57 fa 4b bc 8f 77 e2 63 c8 d4 7a 2e bd ad b3  .W.K..w.c..z....
000103f0: ab b0 a7 ff 23 d6 ac a4 cd 86 1b 9d c3 af ab 0a  ....#...........
00010400: ca 1c 5c 94 c2 2e 07 6b 7d 05 97 b8 d1 22 e3 49  ..\....k}....".I
00010410: 21 92 36 4d 4c 2e 1d a3 51 a7 35 0c 99 eb ed c9  !.6ML...Q.5.....
00010420: 43 a7 a4 a7 60 a8 8a e1 3c 0d 06 fb 50 95 2c cd  C...`...<...P.,.
00010430: e5 7d 68 d4 b3 85 05 79 f2 69 70 bb 79 cb c5 2e  .}h....y.ip.y...
00010440: 4f 60 23 59 16 0c 26 ef 44 1a 20 83 34 3b 3d c0  O`#Y..&.D. .4;=.
00010450: 41 23 f2 0a 62 93 40 10 69 ff 4a 31 65 a1 ac fa  A#..b.@.i.J1e...
00010460: fe a0 74 e6 67 66 cb 51 28 4c e6 52 11 9c 8c 41  ..t.gf.Q(L.R...A
00010470: 08 6c ab 4e dd 93 97 85 2c ac 3e 36 0f 96 e2 72  .l.N....,.>6...r
00010480: 1d 0e 90 01 56 7a f9 9f dc 9b 0a 82 ed 2c 47 4d  ....Vz.......,GM
00010490: 30 5c 1d 5f 16 34 66 98 70 05 9f 07 17 79 97 fc  0\._.4f.p....y..
000104a0: c6 8b b0 aa cd 41 71 7a f3 c9 b7 f5 5a 49 16 b8  .....Aqz....ZI..
000104b0: d5 81 43 91 0a 67 8a 86 82 88 15 cf b0 43 0f 7f  ..C..g.......C..
000104c0: ef 5e 13 b5 c3 97 4f 74 47 b0 2e 08 89 3a 89 d2  .^....OtG....:..
000104d0: 90 9d f7 5d 3c b2 2e ed 28 cc 92 63 02 57 a8 43  ...]<...(..c.W.C
000104e0: 08 16 83 2c 0b 3f 6a 9b 37 df f5 f6 d0 ed e3 ae  ...,.?j.7.......
000104f0: 1e 39 e2 7a a7 55 c0 f1 1d 8a 2b d8 c9 0f 1b 87  .9.z.U....+.....
00010500: e3 41 99 fa c8 6e b0 f0 cd 39 1e c0 f4 18 bb 74  .A...n...9.....t
00010510: 2b 59 25 81 2e 86 a0 00 99 49 4b e0 de 61 d4 f7  +Y%......IK..a..
00010520: 96 d6 b9 83 28 09 03 3a 7a 9a c1 84 84 3c d9 01  ....(..:z....<..
00010530: 87 0e c9 c5 4f b2 97 0a 35 a0 a3 92 95 4c 5f 88  ....O...5....L_.
00010540: 70 27 d3 3b c2 31 9d 0b a3 73 64 0e 0d 47 f0 a1  p'.;.1...sd..G..
00010550: 40 3f 3f d4 ec 3e 53 1d 1b 2a 4c a4 de 83 dd 26  @??..>S..*L....&
00010560: 4d e8 3d 48 32 66 ec 01 03 f5 93 24 bc 01 96 a1  M.=H2f.....$....
00010570: bd 67 a2 48 09 28 1c 20 c2 16 03 e0 4a 27 30 fe  .g.H.(. ....J'0.
00010580: b8 29 f4 50 20 bd 3b 88 80 96 7a dd b1 a6 ed 8d  .).P .;...z.....
00010590: 33 69 01 8a 55 3f 18 9f 7c a3 49 99 58 d7 61 6f  3i..U?..|.I.X.ao
000105a0: 5c d6 f2 c2 54 a8 d1 71 99 dd 48 6f 1e cf 8b dc  \...T..q..Ho....
000105b0: 22 4e e6 23 9a 13 fb fb 41 1a 0b 57 20 72 1c 42  "N.#....A..W r.B
000105c0: 65 a5 47 ee 0f f5 43 05 99 e2 4b 6c 42 87 a8 ff  e.G...C...KlB...
000105d0: 19 84 84 52 93 4e 64 a8 0a 4b e2 f2 9e 42 2a 3d  ...R.Nd..K...B*=
000105e0: 6f aa 0d 1b b0 f4 03 d7 c8 8c bf 67 36 5d d8 64  o..........g6].d
000105f0: cd 6a c0 b8 58 5f a1 f1 45 20 bc 39 ab ed 2d 36  .j..X_..E .9..-6
00010600: d1 d9 84 7f e1 90 3e c6 2e 67 39 67 2b da b7 42  ......>..g9g+..B
00010610: cd 3b 80 d0 c2 00 38 80 f6 9f 4e bf 66 88 8b 0a  .;....8...N.f...
00010620: 14 8f cb 8d ef 4e 14 22 9d c8 64 79 47 61 38 86  .....N."..dyGa8.
00010630: f5 94 37 1a b7 ab 90 1f 90 6a e7 f8 03 d8 9f 49  ..7......j.....I
00010640: 41 4d 7d eb b7 6b 03 96 08 a8 70 04 3b 1e ba 71  AM}..k....p.;..q
00010650: 37 bd c8 8e b1 2b 71 75 d6 53 3d 92 0b d0 17 ff  7....+qu.S=.....
00010660: 5f 53 45 6a 7e a2 1b d2 49 89 4f 83 fb 9c ba 7b  _SEj~...I.O....{
00010670: 69 fb f2 c4 ed a9 37 70 0c 80 ec 12 33 f3 25 32  i.....7p....3.%2
00010680: dd 73 f4 86 ec f3 47 b5 dc 2f 6e ea 07 30 2f 8b  .s....G../n..0/.
00010690: d4 0e 92 f0 63 03 4b d8 5e 0d 5d 0a 1e 36 e3 af  ....c.K.^.]..6..
000106a0: b3 27 f3 07 dc a7 f7 bc 68 68 01 97 34 fb 80 a8  .'......hh..4...
000106b0: c5 34 59 f9 7a f8 90 7e f3 8d 3b 3c dc ed 0f 3c  .4Y.z..~..;<...<
000106c0: 84 1b 78 d3 0e 14 21 9c b8 49 cf c9 58 8c f4 a4  ..x...!..I..X...
000106d0: 8d 08 8b 6f 67 e1 24 17 d1 95 94 fb 92 fa f0 aa  ...og.$.........
000106e0: 48 a4 e2 a9 d4 72 eb 34 62 fc a9 4b 63 3e 86 0b  H....r.4b..Kc>..
000106f0: 00 47 45 a8 77 97 0f 23 b6 32 fb ed 93 b8 8d b2  .GE.w..#.2......
00010700: 7f de d3 ed de 58 c6 c7 ab 7b 3a 67 23 cf df 23  .....X...{:g#..#
00010710: a6 75 51 8c 1e b3 59 66 48 ee 11 af 54 fb 14 d4  .uQ...YfH...T...
00010720: 97 be 1e 56 8c 2b 48 93 e6 44 49 c0 d3 e2 08 57  ...V.+H..DI....W
00010730: 27 e8 54 58 fb f2 cb c9 2c e5 25 b7 b8 1f a8 e3  '.TX....,.%.....
00010740: 45 3c d6 07 d7 45 88 fa 87 7e 9b 60 aa 5d 30 72  E<...E...~.`.]0r
00010750: 8e 23 4d eb e6 66 32 dc 7f cd 60 8d 90 1c e9 56  .#M..f2...`....V
00010760: 98 59 d2 30 0e 62 fc e8 ca 8b f0 4a c6 be 5f e8  .Y.0.b.....J.._.
00010770: 86 92 d5 ff f8 67 47 96 6c d2 0c 32 24 9a f1 49  .....gG.l..2$..I
00010780: 8f fc a4 2d b2 dc 12 ce 5f b7 cb 61 8a 61 ef ad  ...-...._..a.a..
00010790: d7 9d 39 21 59 c6 59 88 6c 48 ea 23 41 87 be a8  ..9!Y.Y.lH.#A...
000107a0: bd c1 b1 cf 72 4a 95 54 2a d9 a8 a3 44 8e ea ba  ....rJ.T*...D...
000107b0: 1e 0f 1a 2b 48 eb c3 fa 3d 15 6e ca 76 be 8b 6d  ...+H...=.n.v..m
000107c0: ed d5 da f9 d6 ff ad 18 89 a8 f9 b5 18 9f da 70  ...............p
000107d0: 6b 0d fb 89 42 bc ec fe d6 61 c1 34 2b 01 38 5a  k...B....a.4+.8Z
000107e0: a5 28 c5 a7 bd 35 cc e7 99 33 2a fc c2 2c c3 33  .(...5...3*..,.3
000107f0: e5 a7 e8 4e 43 d9 ea d6 d5 de 56 5e 40 31 a7 2e  ...NC.....V^@1..
00010800: 4f eb 6c 9e f1 6e e2 ce 1c a3 7a e4 76 01 41 50  O.l..n....z.v.AP
00010810: 7c 2e 2d b5 a6 a5 be 43 73 a4 93 30 af cf 48 30  |.-....Cs..0..H0
00010820: b7 fe f6 b8 fd 47 29 12 cb fa d7 e0 24 77 93 24  .....G).....$w.$
00010830: fe db 5d b2 17 3c 13 84 27 89 f7 25 fb fa 6d c3  ..]..<..'..%..m.
00010840: 28 f0 ae 37 57 c5 9f e9 c6 eb 15 a6 16 8e 9e 42  (..7W..........B
00010850: 34 b4 bb 38 19 8d a4 fb 9a 8e 04 71 ad 2c fa 62  4..8.......q.,.b
00010860: b7 89 06 ec 9b 8f c5 64 36 dc af ca de 6b 90 da  .......d6....k..
00010870: 1c 25 c7 32 58 74 d1 c9 a4 41 dc 52 07 cf 37 dd  .%.2Xt...A.R..7.
00010880: a2 13 cf 8a 7e 13 c8 76 b4 ed c2 20 cb f1 86 c2  ....~..v... ....
00010890: 58 2c 92 96 a1 3d 9c 06 5f a1 22 db 7f 1c fe 76  X,...=.._."....v
000108a0: 66 d7 6d 6d 74 b3 f8 62 97 7c 7e 18 ba 86 a3 bf  f.mmt..b.|~.....
000108b0: 2f 9f 5b 29 53 e7 23 61 ba ae cd 83 ef c1 93 7e  /.[)S.#a.......~
000108c0: 0d 32 d9 18 2f a3 12 b5 61 60 16 08 47 36 d8 69  .2../...a`..G6.i
000108d0: ae 4e 30 0e 6f e4 98 ec 66 61 81 dc eb 03 43 5a  .N0.o...fa....CZ
000108e0: ec c5 dc 58 26 b2 74 0e 34 21 d9 b9 63 ee c3 fb  ...X&.t.4!..c...
000108f0: 23 c9 bf 7f 67 9b 3d 61 d0 67 d0 be 66 8f 70 0b  #...g.=a.g..f.p.
00010900: 73 89 27 af e4 b9 2c 75 63 1b b6 2e c7 7e f1 b1  s.'...,uc....~..
00010910: b3 f6 c0 3d 53 61 6a 24 d2 72 51 42 80 bd 9c 43  ...=Saj$.rQB...C
00010920: 0c 24 18 16 65 69 e9 ce e4 2f 1f ca c8 82 d9 f3  .$..ei.../......
00010930: 5d 64 5d 33 64 d0 71 c9 ec 09 70 1b a9 63 0c f6  ]d]3d.q...p..c..
00010940: a1 c3 9c 38 1d c5 7a 7d 9d 86 dd 0e cf ad d6 e3  ...8..z}........
00010950: 2b f3 7f 7c f9 19 5d c6 c1 12 9c fa 88 b5 44 f3  +..|..].......D.
00010960: af 91 8a 0c b2 d4 bc 53 4f 76 5f 70 3e 62 b4 e9  .......SOv_p>b..
00010970: 32 07 e2 8d cb a2 8b d5 a5 32 43 33 b6 fd 2d 9d  2........2C3..-.
00010980: e4 3e b1 07 3d 7b d6 c7 bd ba 58 08 32 d1 5e a6  .>..={....X.2.^.
00010990: e3 4d c5 56 91 0b 9c 18 cd 26 01 17 12 0f 2f 3b  .M.V.....&..../;
000109a0: 00 43 f1 34 de 23 56 d1 93 d5 ba db f6 49 a8 5f  .C.4.#V......I._
000109b0: 30 85 8e 08 bb 18 23 ca c7 be da fa 11 e4 4d ad  0.....#.......M.
000109c0: 61 9a 25 b9 f2 9a d6 dc 3a 79 c2 ed ed 18 a0 f0  a.%.....:y......
000109d0: 6f 33 2e 36 95 46 6d 7f 11 8b da 9c 07 0a 06 13  o3.6.Fm.........
000109e0: 9e ff d2 a3 e1 7d 52 1f 8e 1d 80 b8 21 f5 e2 86  .....}R.....!...
000109f0: 99 5d 1c 7e f1 7f 9e 4e 66 0e f1 78 9b 1d b1 d9  .].~...Nf..x....
00010a00: 2c f2 ae 20 f3 e8 cc a6 1c 06 e4 79 cc 68 0f b7  ,.. .......y.h..
00010a10: b4 1d 36 b6 74 b8 49 4a 0b 2e e6 7d 2d 2c 89 71  ..6.t.IJ...}-,.q
00010a20: 9a 77 d9 27 05 13 41 b3 6c 38 fa 6e 0f 84 18 cb  .w.'..A.l8.n....
00010a30: 4b 50 f2 fd dd c5 cd f5 80 b3 4f b9 8f 67 9d 89  KP........O..g..
00010a40: 6b 96 71 3f d6 52 3d 9f f2 90 0e 12 1e 6c d6 62  k.q?.R=......l.b
00010a50: 5c 81 95 19 3e 58 a0 94 0c 52 07 63 98 02 d2 11  \...>X...R.c....
00010a60: 41 1c 44 9a 22 3c cd 22 35 6b 33 9c 2b a4 f2 c6  A.D."<."5k3.+...
00010a70: d1 94 1c aa 7b 57 58 b6 e8 f5 05 8d 32 dd b7 ce  ....{WX.....2...
00010a80: 0f 6d 13 52 6e 94 af 5a 91 76 f4 ad e6 02 af c4  .m.Rn..Z.v......
00010a90: 78 39 38 62 20 9b 0d 5d fe f7 40 a5 5e 93 10 15  x98b ..]..@.^...
00010aa0: f0 b9 99 bc 98 25 69 1f 56 02 27 d3 ca 83 a2 99  .....%i.V.'.....
00010ab0: 3a b3 30 f1 64 3e ae c4 f1 5b 35 d1 6b a8 09 9f  :.0.d>...[5.k...
00010ac0: 52 f8 0a d0 80 9c ce bc 9b 5b 97 d8 9b 3c e2 4b  R........[...<.K
00010ad0: 6a 0e c3 ce cd ef 86 11 6c 0a 8e 3c bc e3 4c 03  j.......l..<..L.
00010ae0: 27 e9 f4 8d 84 0d 99 df bc ab cd 14 5a 0d 06 87  '...........Z...
00010af0: a1 dc 71 65 42 bc 4c aa 71 c3 4f 32 07 9b da 8a  ..qeB.L.q.O2....
00010b00: 55 c0 d9 25 9f 2a 01 45 1b 76 a4 6b 78 24 21 04  U..%.*.E.v.kx$!.
00010b10: 10 1a e5 ba 80 35 6f e7 63 1e f3 70 17 1f 23 5c  .....5o.c..p..#\
00010b20: e8 9e ba c9 ac 29 28 4c 66 5b 5d ad 9c 79 95 49  .....)(Lf[]..y.I
00010b30: 24 32 c4 da a8 c2 70 a6 49 43 73 9f 4b 41 cc a9  $2....p.ICs.KA..
00010b40: 67 f4 4d 67 cd 9f d1 31 8b 84 5e b7 8c a5 87 50  g.Mg...1..^....P
00010b50: a1 82 99 51 7a 8c 34 0a 1f 84 6d 18 a1 6d 56 f0  ...Qz.4...m..mV.
00010b60: f5 7b d1 93 d0 c7 cf 79 a6 ec 08 ab 7f 99 9f f9  .{.....y........
00010b70: 52 0f 7d e7 82 d1 67 48 31 2c 58 58 a4 62 7b fb  R.}...gH1,XX.b{.
00010b80: 7d 2c 5e 96 59 24 05 a3 00 63 0f a6 c7 99 e7 c8  },^.Y$...c......
00010b90: 68 92 28 6a 77 71 8a 84 79 c1 f2 51 50 b1 4a 0f  h.(jwq..y..QP.J.
00010ba0: 21 f6 65 fa 4c 6e 08 f0 ed 27 da cc ad 07 0b 9c  !.e.Ln...'......
00010bb0: 5f 6b 52 ce be 7d 7a 46 fc a6 e5 14 f2 c3 a3 65  _kR..}zF.......e
00010bc0: f1 75 e8 b4 91 9b 2a 9c de 12 1b 60 aa 88 91 b7  .u....*....`....
00010bd0: 8f 31 2a 17 8c ec c6 27 7e bd 01 47 b9 76 26 1d  .1*....'~..G.v&.
00010be0: d9 a1 fc 7e 67 a1 0a 8c 70 73 5c 0f 28 a4 38 f4  ...~g...ps\.(.8.
00010bf0: 22 93 f6 d3 71 d1 aa a5 ae fa b4 e1 92 bd 30 50  "...q.........0P
00010c00: 51 96 31 ce c3 b2 1b 6f bf 5b 9d 41 9a f4 09 c3  Q.1....o.[.A....
00010c10: 84 36 2a 09 8d 3d a9 38 9e 90 82 9c d2 67 c4 4b  .6*..=.8.....g.K
00010c20: 19 c9 b6 4a f8 9e 9f cb 70 97 ba fb c6 fd b4 dd  ...J....p.......
00010c30: f1 a1 51 44 84 e4 28 df 05 b7 05 9d da 2c bb 2e  ..QD..(......,..
00010c40: 55 1b 74 af 1c 1e 3e bc 9b bf 51 7d ee 0f 4c 64  U.t...>...Q}..Ld
00010c50: 65 3b 5b f3 88 ca 42 e4 fe 90 eb 12 77 2b 7f 08  e;[...B.....w+..
00010c60: 91 71 7e 36 27 39 01 a4 3d 7a e8 98 ec 57 d7 da  .q~6'9..=z...W..
00010c70: 97 e3 97 24 a3 7f 0b d7 f6 4c c1 2b 96 43 d1 ac  ...$.....L.+.C..
00010c80: 75 0d 74 44 13 58 53 ae f1 b2 cb 4c 11 fd f1 8c  u.tD.XS....L....
00010c90: 47 e2 19 ae 64 c0 1e dc b4 ab aa a5 80 32 72 a7  G...d........2r.
00010ca0: e7 ac 0f dd 69 76 7b d8 cf ab c6 24 b2 41 95 34  ....iv{....$.A.4
00010cb0: e3 d2 5b ea 5b fc 91 6f 65 ab 9e 37 d7 13 34 12  ..[.[..oe..7..4.
00010cc0: 69 98 a2 b7 c1 c5 50 ea 34 51 a7 63 e0 52 4b 22  i.....P.4Q.c.RK"
00010cd0: ee 1d c6 ea 23 3f b6 a7 91 a0 98 75 f0 63 81 85  ....#?.....u.c..
00010ce0: fd c5 55 f8 c6 87 17 13 94 ad 9a e6 6b 6d b1 15  ..U.........km..
00010cf0: 14 e6 52 3c 96 7f 4a c3 82 5f e3 68 3f 23 9a 63  ..R<..J.._.h?#.c
00010d00: e2 d4 9e 5d 36 76 1f 94 1e 98 b4 c2 d1 aa 70 24  ...]6v........p$
00010d10: 3e 51 c8 a0 4f 91 92 fc 66 3e 5c 99 09 71 46 7d  >Q..O...f>\..qF}
00010d20: de 4d df ab 10 14 3c 08 51 ee 94 85 29 93 a8 37  .M....<.Q...)..7
00010d30: 18 9c 37 6f f6 4f 46 b5 29 38 26 5b 8c 26 0c 47  ..7o.OF.)8&[.&.G
00010d40: 8c 83 82 2c 40 64 ca a2 a2 22 31 66 82 b5 7f a7  ...,@d..."1f....
00010d50: 72 62 e7 43 03 31 b6 b3 e7 c9 a8 2c a0 c9 aa 52  rb.C.1.....,...R
00010d60: 05 34 97 24 49 be 11 ae c1 70 93 08 0e 1c d9 2f  .4.$I....p...../
00010d70: 99 2a 29 d0 c7 ca 3d 10 54 b0 f0 9e 02 e4 c3 32  .*)...=.T......2
00010d80: 36 9e 3d 61 80 12 ad ed b3 19 20 b5 99 69 24 61  6.=a...... ..i$a
00010d90: 1c 33 72 e4 3e 84 be 82 f1 a2 68 29 0d 60 0a ba  .3r.>.....h).`..
00010da0: 19 69 8f 60 94 69 fa 89 25 35 ae 9a 35 bb 29 fd  .i.`.i..%5..5.).
00010db0: 8a cd 2a 35 7f 3e f1 c7 56 b0 48 45 a6 db 47 ae  ..*5.>..V.HE..G.
00010dc0: d5 1f 29 7a 2a e9 0d d0 d6 34 4f 47 c3 a7 07 31  ..)z*....4OG...1
00010dd0: 4e c8 71 f0 10 02 2a 74 9d 27 bd 9f be a2 de e8  N.q...*t.'......
00010de0: 2b 6a ac dc 72 7a 03 ef 13 3d 4d 40 90 12 ac d5  +j..rz...=M@....
00010df0: 3c 66 b2 ae 4a 16 75 4d 05 68 e5 94 26 79 18 e1  <f..J.uM.h..&y..
00010e00: ed a8 c9 b7 b4 84 02 67 51 c2 2f 4c 6c 7a 17 92  .......gQ./Llz..
00010e10: 1e 7a 48 96 0d e8 35 59 bc e2 c8 9f f5 dc 52 05  .zH...5Y......R.
00010e20: 7c 22 9a 50 3a e1 ed 36 61 27 ac 36 96 8c 46 5b  |".P:..6a'.6..F[
00010e30: 0b 37 fc 1f c2 cd 05 05 6e 83 15 68 c3 be e1 82  .7......n..h....
00010e40: 6f 8f b4 c6 65 9c d1 49 0d 0c f4 1b 7c 05 5c 7f  o...e..I....|.\.
00010e50: 69 5e 20 44 7b 74 4c a8 50 8e 13 7f 56 52 a3 c4  i^ D{tL.P...VR..
00010e60: ef b0 b4 6f 8e 89 ca 3b e7 2e 89 49 7c 57 4e 89  ...o...;...I|WN.
00010e70: c4 f6 8c 5d b6 14 d0 d7 fd 65 0d 1b ef 9d 83 53  ...].....e.....S
00010e80: 53 32 fa 64 0d c7 29 7b 8e 72 e3 1b f5 93 bf b2  S2.d..){.r......
00010e90: 76 b6 44 2b 37 07 5b 32 09 cd e8 f3 9b bf cc d8  v.D+7.[2........
00010ea0: e4 b8 84 e0 47 0e b5 2c 5a 1c 2e 7a 23 ee c9 4b  ....G..,Z..z#..K
00010eb0: 81 fd 5b 1b 28 68 0f 18 20 8d 32 79 ee bf 50 12  ..[.(h.. .2y..P.
00010ec0: 56 48 56 b4 5f 47 00 d1 d3 7c ef ce c4 cc b2 48  VHV._G...|.....H
00010ed0: 62 29 93 64 35 8f fa 0f 55 fb 59 d4 d8 2c cc 8b  b).d5...U.Y..,..
00010ee0: 17 bf eb b2 d1 0c 36 c6 b8 52 b6 12 f9 31 b1 c3  ......6..R...1..
00010ef0: 97 54 2a 5d 5f b3 7c 14 30 eb 4f ca b9 84 4f 01  .T*]_.|.0.O...O.
00010f00: c7 2d 83 97 39 e6 0d 78 13 ad 90 a2 db a8 0a 00  .-..9..x........
00010f10: e6 3c f2 dd 6c 4a 5b 58 77 eb f7 22 69 cc da 8a  .<..lJ[Xw.."i...
00010f20: 4f cc a9 1a 8b 34 25 e9 b3 75 02 43 54 dd 5b 9e  O....4%..u.CT.[.
00010f30: 1c f6 b2 55 49 07 e0 5e fe 16 80 b5 a6 d2 72 99  ...UI..^......r.
00010f40: e9 11 73 ff ae f3 0a 2f ff 99 b1 a2 8e bf 2a fd  ..s..../......*.
00010f50: 06 69 ab ab 8f 11 63 ff 59 ca 6f 9e 1d b3 e2 da  .i....c.Y.o.....
00010f60: 1b 8c d3 75 fa c0 95 74 48 21 17 60 32 3e 69 2e  ...u...tH!.`2>i.
00010f70: df f6 51 88 2f ea 60 2f 91 78 cd f3 a8 ce 80 33  ..Q./.`/.x.....3
00010f80: 08 62 f5 0d 42 63 b0 a2 d2 4a cc d2 44 37 d1 e0  .b..Bc...J..D7..
00010f90: 83 ef 09 13 80 60 41 90 30 45 12 4d 8a 1f f1 70  .....`A.0E.M...p
00010fa0: eb d0 3c 85 51 ce 8c 77 38 cc f6 81 20 02 f2 12  ..<.Q..w8... ...
00010fb0: f9 60 07 7d e3 c8 8f 53 ca 9e a7 32 d0 e3 3a 1d  .`.}...S...2..:.
00010fc0: c7 1b 40 7e b0 17 83 2a 1d 8f 7a 08 bd 21 be cd  ..@~...*..z..!..
00010fd0: 08 0a 65 0a c2 b6 16 20 f5 a1 46 cd 00 ca 10 29  ..e.... ..F....)
00010fe0: 92 a6 fb 0f 5d 31 34 61 15 7a 02 7f f9 81 1e ca  ....]14a.z......
00010ff0: fe c4 0d 77 39 d5 ac b9 22 a0 8c 2f 01 dc 57 3d  ...w9..."../..W=
00011000: ed 6d 3f c6 63 6b dd 73 fc 6d d4 4b 83 c0 37 06  .m?.ck.s.m.K..7.
00011010: 0e 67 1f 09 a9 52 a7 08 53 ee a3 76 74 4d c2 da  .g...R..S..vtM..
00011020: e5 38 25 d0 69 61 7c 31 4e 98 3d 77 c6 00 37 71  .8%.ia|1N.=w..7q
00011030: d7 e0 a4 9b fb 42 e8 99 5f 64 cb d8 cc 4b ec 71  .....B.._d...K.q
00011040: 51 ab fe 85 f7 9f 54 91 28 54 c0 6d bf bd 05 50  Q.....T.(T.m...P
00011050: 2b 14 8e 91 85 fa 95 35 b6 d0 59 24 95 03 8d df  +......5..Y$....
00011060: f2 e5 d6 1e 29 f3 67 48 7a fc ce fe b4 c4 ec 25  ....).gHz......%
00011070: e4 1c 39 39 6d a5 c8 42 f4 8d c3 db b0 09 50 c2  ..99m..B......P.
00011080: af d6 2c be 6f 3c 8e bf 94 45 d7 89 38 ed ab b6  ..,.o<...E..8...
00011090: ad 3c 5b 2f aa ef 8f e6 19 5e f3 12 99 94 2e 33  .<[/.....^.....3
000110a0: 45 6d f7 e7 0e dd ad 39 0c af 95 33 be 73 a1 b9  Em.....9...3.s..
000110b0: 16 95 c8 61 f6 3d 27 28 4d b9 14 df 0a 92 cc a2  ...a.='(M.......
000110c0: 90 4e 4f 54 cb 23 40 cd 60 51 0b 86 ea 7a 26 01  .NOT.#@.`Q...z&.
000110d0: 9c dd 61 6a ce de 6f 58 20 51 78 8f 8e 35 33 29  ..aj..oX Qx..53)
000110e0: ac c1 3b 2f 41 a3 75 af a7 90 83 12 e0 ab 9b 82  ..;/A.u.........
000110f0: 20 79 63 71 cd 5d b6 ea 4f a6 1d e4 e0 03 bc b7   ycq.]..O.......
00011100: cd c1 72 91 3d 03 6c e1 11 a0 14 61 4c 07 e1 10  ..r.=.l....aL...
00011110: fe c0 46 46 c7 fd 6e f5 a8 f8 42 d2 16 db dc 9a  ..FF..n...B.....
00011120: 69 eb f9 f9 be 26 a7 b4 d6 e7 84 86 48 55 83 a5  i....&......HU..
00011130: 9c ef d1 56 a4 76 92 7a 7a d8 10 c6 90 48 6f eb  ...V.v.zz....Ho.
00011140: ff c0 1c 5c 86 eb 74 4f 71 d7 19 fc 69 57 67 97  ...\..tOq...iWg.
00011150: 58 f7 c1 22 25 c2 86 ce 92 40 5f 1a 82 82 a3 c8  X.."%....@_.....
00011160: dc a0 d5 6d ed 1a 74 d0 02 09 b2 5e a2 88 e9 88  ...m..t....^....
00011170: d5 e3 7b d3 a1 83 b7 c2 cb ce 91 24 7e 37 54 1c  ..{........$~7T.
00011180: fe 19 8f 4e 71 1a 63 98 1c 2e 55 8a 92 71 c6 be  ...Nq.c...U..q..
00011190: c5 ed c2 ef 32 6a ee f4 b9 9a 36 0b 9e a1 f4 ff  ....2j....6.....
000111a0: 81 61 f9 7c a6 25 54 e5 55 1c c0 5f 79 ef 4f 18  .a.|.%T.U.._y.O.
000111b0: e8 e9 fc 6e a7 dd 6d 73 d8 ee a6 a5 84 89 94 2a  ...n..ms.......*
000111c0: 3c ff b0 07 87 57 e1 6c 3a cf 7d ef 6e 4b 66 a4  <....W.l:.}.nKf.
000111d0: 2c 9c 90 9e 8b b9 ee 50 7c 05 44 68 7c a3 ed 1f  ,......P|.Dh|...
000111e0: cb 4e 7e 19 41 d5 fa 8b a7 bd 08 90 b4 b9 62 34  .N~.A.........b4
000111f0: cb 93 03 98 1f 00 de 10 8c e2 85 c2 5e 5e e1 26  ............^^.&
00011200: 2d c2 34 96 4f d0 52 d3 37 90 7d b6 cb 32 d7 38  -.4.O.R.7.}..2.8
00011210: b8 ac ce dc 1f 17 a6 b0 b2 24 92 5a 7b 2d 78 ee  .........$.Z{-x.
00011220: 97 9e 8d fe 65 7e 05 3d 2f fb 3f 14 1b 35 45 ec  ....e~.=/.?..5E.
00011230: 7b 6c eb d9 b2 ea 6a 65 a9 53 a7 f2 be 60 46 6c  {l....je.S...`Fl
00011240: 01 ab 89 f5 0e 64 be fa 85 d3 50 ec c7 19 b9 8a  .....d....P.....
00011250: 09 19 33 0c a7 d1 58 d1 27 c2 34 a5 60 e4 7f ca  ..3...X.'.4.`...
00011260: 26 73 21 6e 19 5e 40 18 78 29 01 b5 59 47 f2 9c  &s!n.^@.x)..YG..
00011270: df 3f d8 d1 48 bc 62 72 41 f7 54 60 7d 9b 53 3d  .?..H.brA.T`}.S=
00011280: ad d4 62 5c 95 7b 0d e9 af 6e 4d 18 df 78 6d ec  ..b\.{...nM..xm.
00011290: 66 ef ca c0 3f 8f b2 b9 dd d9 cf f7 2d e5 66 9e  f...?.......-.f.
000112a0: 9e 2e ef df 0f 4c d6 70 3b e9 eb 4c a9 1c ec c4  .....L.p;..L....
000112b0: cb 15 9b ba 79 99 d8 b9 61 93 98 1f 42 bb af 02  ....y...a...B...
000112c0: 45 cc 02 30 d0 1f b8 d3 2c 1e 93 93 9d 22 81 d0  E..0....,...."..
000112d0: f1 92 af 20 85 4c 7c ed 6e fb c2 00 25 e0 30 a7  ... .L|.n...%.0.
000112e0: 54 fc 97 7b f1 9e 63 4e b5 3b 70 2b f2 e7 2f 5f  T..{..cN.;p+../_
000112f0: 8c 54 0e dd e7 d7 21 03 91 2b 71 5e 2a df e7 6d  .T....!..+q^*..m
00011300: 2e 30 9b cc 08 dc e2 a0 f1 24 c5 6c 29 96 15 79  .0.......$.l)..y
00011310: 56 a3 dc ab bc 57 79 c2 40 52 35 a5 f7 75 22 e4  V....Wy.@R5..u".
00011320: 53 47 19 69 6e cb 85 50 34 7a 11 a3 d8 d6 c5 7f  SG.in..P4z......
00011330: 28 be 5f 3a 40 c9 36 29 7c c6 24 b2 9e 95 28 20  (._:@.6)|.$...( 
00011340: 3b e1 59 4e 8f b1 d7 c5 30 34 8f 90 06 95 9a 06  ;.YN....04......
00011350: 59 4e b8 ca 3a e4 98 47 f8 11 de 84 cb 9b dc a3  YN..:..G........
00011360: 03 c6 53 50 ee a2 96 51 66 bb e4 ae 9e ef 2b df  ..SP...Qf.....+.
00011370: c7 f4 de f2 63 d0 a7 d9 9c ff bd 7b 5c bc f1 91  ....c......{\...
00011380: 28 72 c8 74 28 32 86 dd 51 fc 01 2e 8e ac 82 97  (r.t(2..Q.......
00011390: 59 fc 97 b2 ec 7e 91 e6 53 72 40 ba 31 32 2c 7a  Y....~..Sr@.12,z
000113a0: ea cc c1 d2 99 47 b2 10 5d 96 d3 ce da 26 17 5a  .....G..]....&.Z
000113b0: 47 e4 69 f5 54 57 f6 da b4 da 6c b0 30 c3 7c 43  G.i.TW....l.0.|C
000113c0: 76 3d d8 c4 d4 da 83 ce 8c 5c 81 2c 85 76 6b ce  v=.......\.,.vk.
000113d0: 68 db c6 45 c8 d9 2b 57 64 e1 b5 ca 96 bd 48 6a  h..E..+Wd.....Hj
000113e0: 65 9c a7 c9 e0 4d 88 31 a6 43 13 40 7f cc e6 c3  e....M.1.C.@....
000113f0: fa 23 1d ea 15 3f 79 03 e6 01 c3 59 20 2c b4 6c  .#...?y....Y ,.l
00011400: c2 a0 7b 87 aa e4 95 65 00 01 3b 92 6e c9 8a 82  ..{....e..;.n...
00011410: 46 5a 64 af ae 43 74 f9 d5 21 88 02 15 ef 7e 4d  FZd..Ct..!....~M
00011420: ef b6 98 1f 3b 2a 32 37 a5 c8 df 45 80 a3 16 54  ....;*27...E...T
00011430: ae 47 43 e8 05 7a 60 d0 60 98 f2 3f fa a8 b5 8d  .GC..z`.`..?....
00011440: 40 ce 73 9b 7e e7 5b 63 14 1a 3b ad 73 2a fe b4  @.s.~.[c..;.s*..
00011450: d5 1b 5d 1f f4 6f bd de 61 ce ed b3 84 55 61 dc  ..]..o..a....Ua.
00011460: f0 9e 5b 90 9d df a5 f5 35 f3 58 60 8d f8 68 06  ..[.....5.X`..h.
00011470: c8 08 98 f4 67 b8 01 72 03 ff 9e 30 bc c0 a5 62  ....g..r...0...b
00011480: be 04 8d bb 52 9b 6d a3 01 17 61 53 3a 97 02 87  ....R.m...aS:...
00011490: dd 90 b6 10 da c0 8a 34 c5 1f 5b b7 6a 0f 93 f8  .......4..[.j...
000114a0: eb dd 6e 47 2a 37 73 15 3f 11 f6 d8 d7 d9 a4 61  ..nG*7s.?......a
000114b0: a0 a6 5b 64 03 d1 6a 1d aa 29 f5 19 12 82 67 5e  ..[d..j..)....g^
000114c0: 94 4a 4f 19 ef 6a f5 e0 f6 ed f0 80 ca 7d 12 4c  .JO..j.......}.L
000114d0: 7a e9 f7 4c f6 92 4c 46 a4 60 c5 d0 bf 9b 63 be  z..L..LF.`....c.
000114e0: 6a 0e d3 02 1f aa ee b6 af d4 09 3d 30 f1 77 1b  j..........=0.w.
000114f0: 3a a9 f9 ce c6 ce c9 0a 05 67 56 ed 1d df c0 9f  :........gV.....
00011500: 95 65 a2 67 4e 90 af 2d 9a 0e 25 4a bb bf 4d e3  .e.gN..-..%J..M.
00011510: 0d 9c 9a e6 07 2c 69 4d 4d c1 eb 5e f3 7e c1 82  .....,iMM..^.~..
00011520: 9f 3b ec 08 b3 22 30 bc 4d 3c bd 39 27 e8 05 20  .;..."0.M<.9'.. 
00011530: 08 4d bd a0 ae e8 a4 69 31 5e 6a 34 24 d0 c5 54  .M.....i1^j4$..T
00011540: c1 ab 09 4c b6 99 16 87 87 88 bb b7 42 ea f9 ea  ...L........B...
00011550: f4 89 4e 28 3f 93 c2 39 56 b3 91 46 ea e5 46 46  ..N(?..9V..F..FF
00011560: cc f1 f6 f8 3c 8d e8 37 c7 d1 2e 5f c3 de c2 b9  ....<..7..._....
00011570: d3 e5 88 44 09 bc 48 ae a7 0c d5 8e e3 2a 4e e2  ...D..H......*N.
00011580: dd 4d 18 23 e2 dc ef a5 d3 3b 99 a0 94 32 38 14  .M.#.....;...28.
00011590: 0f 7c e8 20 64 42 9a 30 4a 23 70 cf d7 07 47 eb  .|. dB.0J#p...G.
000115a0: a7 5b 61 66 f3 b0 56 f9 89 6e 6c 6a e5 d1 8c 28  .[af..V..nlj...(
000115b0: 6b 42 d9 8c 97 2f 35 4e 4e 07 5e 2e bd d4 e4 0e  kB.../5NN.^.....
000115c0: 17 d6 54 88 13 08 df ef 15 8f 21 12 67 bd 74 a5  ..T.......!.g.t.
000115d0: ce 33 fc 31 61 e2 9d b3 7d 68 09 2b aa 4a f0 4b  .3.1a...}h.+.J.K
000115e0: bc 46 d8 cc 0c ac f2 65 0e 8c d7 49 75 c4 79 5e  .F.....e...Iu.y^
000115f0: 93 01 61 b1 ca d9 5a 5b d5 04 26 44 72 40 9a f4  ..a...Z[..&Dr@..
00011600: f4 f2 06 7c be dc 72 e7 5f 89 01 e3 df 62 70 93  ...|..r._....bp.
00011610: 5e 33 88 52 1d 01 7c 5f 43 ee ab fa 80 bc 29 02  ^3.R..|_C.....).
00011620: e7 6d d9 10 bf fa b9 15 9d 44 b9 48 40 33 07 95  .m.......D.H@3..
00011630: 7b e0 f3 f2 2d 77 c0 dd e0 2f d2 c6 20 25 60 8c  {...-w.../.. %`.
00011640: c7 7a 34 a8 b2 ac 06 b7 2f 23 94 4c 88 97 68 aa  .z4...../#.L..h.
00011650: cc 39 1e b6 a0 82 f6 95 f3 25 7e 92 2e 32 b9 23  .9.......%~..2.#
00011660: 1e f0 a9 b9 5c 5c 5d 54 93 e0 3c 3c ab 75 9c f8  ....\\]T..<<.u..
00011670: 7d db 35 5c 8c db 9c 72 77 ba 9d 2e 66 b2 2a e4  }.5\...rw...f.*.
00011680: fc 22 04 b8 ce cb 51 49 a0 7c d3 af 9d c4 9d 30  ."....QI.|.....0
00011690: 67 c5 e0 ea f9 cd 51 96 26 17 15 48 1d 7e cc 6a  g.....Q.&..H.~.j
000116a0: cc af 60 2b 71 09 64 93 c8 77 eb dc 1d 0a 96 11  ..`+q.d..w......
000116b0: 71 9f 82 b8 88 87 a0 ca a8 82 43 35 48 d6 ab 4f  q.........C5H..O
000116c0: 2d 37 f0 cf 1d 20 a1 f6 4f 14 ae 57 59 50 21 5f  -7... ..O..WYP!_
000116d0: 11 b0 76 68 92 44 c4 95 f3 07 d0 2c 58 d0 9e aa  ..vh.D.....,X...
000116e0: 33 79 f9 ee b4 a4 9b ca f4 52 c5 e7 35 e8 72 42  3y.......R..5.rB
000116f0: 90 57 b7 14 09 ab b7 ba 5e 83 e5 8b 12 37 70 f6  .W......^....7p.
00011700: 15 7d 0f 44 05 20 d2 0d a7 6d 68 1c 41 a7 c7 5c  .}.D. ...mh.A..\
00011710: e3 2d 32 2d 85 1f bf 9b 4b 5d c3 62 83 2a 55 eb  .-2-....K].b.*U.
00011720: 79 56 db c4 57 9e b4 8a 8b df b5 02 57 eb 3b f1  yV..W.......W.;.
00011730: b6 84 5e 0e 38 a1 7b f7 b6 66 cb 70 5d 4f 23 5c  ..^.8.{..f.p]O#\
00011740: df 8e a3 ce 86 a6 ef 21 af b6 1b ed 8b aa d6 b8  .......!........
00011750: d6 6d b0 43 5a 41 c2 85 a2 2b 54 33 4c ef a6 05  .m.CZA...+T3L...
00011760: 25 d3 a6 d6 44 b3 88 19 38 7b 24 e5 42 03 24 59  %...D...8{$.B.$Y
00011770: f0 e8 c2 f5 3b d1 7f d2 93 66 60 58 a0 0c 50 84  ....;....f`X..P.
00011780: 26 73 f5 e9 ff e8 a3 76 e0 17 63 ff 88 5b bf 95  &s.....v..c..[..
00011790: 48 25 eb 55 6b 49 2c 8f a5 16 89 81 24 16 5d f6  H%.UkI,.....$.].
000117a0: 7a c9 52 11 e3 8b 23 5f aa d4 b0 d1 0c d9 3e e1  z.R...#_......>.
000117b0: a5 21 c0 27 d5 39 57 7c 21 35 b0 b2 8a e4 79 dd  .!.'.9W|!5....y.
000117c0: 66 15 40 5f 1b 50 49 83 d4 73 37 f7 b8 b1 f5 f4  f.@_.PI..s7.....
000117d0: 11 07 53 55 b8 92 fa 66 e5 f4 93 6b 6a 16 af f1  ..SU...f...kj...
000117e0: b3 a7 82 2b 5c 0e 89 79 03 c6 17 82 75 ee 24 ed  ...+\..y....u.$.
000117f0: 32 2e b7 8a 1b 39 a4 4c e2 63 f5 dc c1 53 f1 60  2....9.L.c...S.`
00011800: 8f 12 52 aa 95 18 e0 a9 72 85 bf 23 c7 26 1b 7b  ..R.....r..#.&.{
00011810: 51 2c bc 6e 46 59 6b f1 7e cc eb 29 52 d2 60 b8  Q,.nFYk.~..)R.`.
00011820: f4 7f a7 b7 48 b0 24 a6 bc 92 b4 3d bc 31 4e 1a  ....H.$....=.1N.
00011830: 6c 9a 17 3c bf d2 20 a5 1d 9e 4f b0 7b f8 cf 18  l..<.. ...O.{...
00011840: ad e8 18 dc 00 14 ba ee 26 e6 bc 3c 8c be bb 09  ........&..<....
00011850: b2 b2 3b 6a 62 1c 47 1b 95 4a 75 e1 e4 2e 6f d6  ..;jb.G..Ju...o.
00011860: 27 cc 7b d3 3c 56 43 10 e9 a1 e0 a9 90 e7 79 6e  '.{.<VC.......yn
00011870: bb 79 a3 9f 01 8e b7 08 c0 07 dd f5 06 85 9a 66  .y.............f
00011880: bf af 0d 8f 9c b9 b0 9d ef c6 11 6c fd 5f 2d 52  ...........l._-R
00011890: 0a 8d 26 bb 46 a2 fe 2a 35 f5 9d 32 99 6d 7c 92  ..&.F..*5..2.m|.
000118a0: 17 61 16 cc d4 87 8b c3 46 ff 75 90 a6 c3 f5 65  .a......F.u....e
000118b0: 2e 65 31 91 37 32 00 f1 62 46 b0 88 44 6d 51 52  .e1.72..bF..DmQR
000118c0: 0f 8f ac d9 75 d7 27 b5 29 a1 46 fd 29 a7 dc 48  ....u.'.).F.)..H
000118d0: f2 af 3d 56 60 1d 98 26 d9 d2 4f e4 1a c7 26 89  ..=V`..&..O...&.
000118e0: 01 ab 08 f5 7f 36 dd a9 ef 01 ed 7d 92 4f 9d 6c  .....6.....}.O.l
000118f0: 88 f3 b3 33 c8 c2 2c d0 58 a5 42 b5 a3 d8 fa b7  ...3..,.X.B.....
00011900: 42 4d 28 e9 3d 43 62 cf db 22 de 75 64 4a 00 7e  BM(.=Cb..".udJ.~
00011910: 8b ca bb 22 7c e7 16 92 30 90 a2 7a eb 4c c3 9f  ..."|...0..z.L..
00011920: dc d6 03 8a b1 fe 0d f7 db 62 7a af 0f 37 53 a3  .........bz..7S.
00011930: b0 7d f2 d4 d8 fe 27 5f 4b 8e b7 00 a7 e6 de bf  .}....'_K.......
00011940: 2a 98 46 f3 3e 27 2d 9f 1e e1 42 33 d9 3e c6 f0  *.F.>'-...B3.>..
00011950: 03 5a a8 06 5a 3f 5b 89 91 9d 60 90 e1 9b 84 b7  .Z..Z?[...`.....
00011960: 96 34 63 96 17 bf 13 19 6f 05 e3 92 e8 bb 6c 52  .4c.....o.....lR
00011970: b7 20 49 a8 5b 99 98 54 12 a9 db bc 04 00 6e 10  . I.[..T......n.
00011980: 20 d7 e4 f1 9a 0c e0 f3 15 e6 8e aa 9b f6 a0 ea   ...............
00011990: 76 e4 f7 5d 1b db ad 79 c3 cb 54 dc 9c 59 f5 20  v..]...y..T..Y. 
000119a0: fe 7d 33 43 61 51 42 52 7d dc 54 11 f0 ca 91 be  .}3CaQBR}.T.....
000119b0: bf 2e 89 40 5c 34 6f bd eb ea b4 55 ed 9c d0 d7  ...@\4o....U....
000119c0: d8 1f 0d 77 82 ba dd 5b 65 06 62 ba 39 eb 8d 2e  ...w...[e.b.9...
000119d0: d4 73 c6 c3 d6 4b 41 7e 28 ce 5d e1 d5 65 be d7  .s...KA~(.]..e..
000119e0: a3 76 23 eb 31 ef e7 f2 aa 4a e9 08 dc 75 d0 88  .v#.1....J...u..
000119f0: 30 59 e8 85 f8 1f 38 1b 6d 89 94 f3 8c c0 f6 93  0Y....8.m.......
00011a00: 4d 46 6b 46 97 44 cf d6 47 85 c3 ab ba 49 c5 2b  MFkF.D..G....I.+
00011a10: e2 f5 4e 35 b7 d5 db a7 be 5a 14 ba 93 8c 60 63  ..N5.....Z....`c
00011a20: b1 e8 90 ce 3b 40 e6 fd 80 2d 49 f9 4b c0 14 cf  ....;@...-I.K...
00011a30: d0 51 ba 52 d9 88 f2 e2 23 2d ca 5b 98 ff 7e 88  .Q.R....#-.[..~.
00011a40: 9d 79 94 31 f2 d0 ac 33 bd 64 21 43 10 b4 51 46  .y.1...3.d!C..QF
00011a50: 03 43 19 5c f4 85 95 f7 a9 9d c1 4e ee 92 14 9e  .C.\.......N....
00011a60: 3b e3 8a 7b a7 0b e8 db c3 da 75 4f 22 04 01 d4  ;..{......uO"...
00011a70: a6 09 78 92 74 74 21 17 a1 13 ad ab 66 a3 13 f1  ..x.tt!.....f...
00011a80: 84 f5 5e b5 4a 11 6c 30 78 f8 c3 38 e5 5c 50 4a  ..^.J.l0x..8.\PJ
00011a90: d2 b1 15 92 76 67 22 7d 13 c8 ad 7c 8a f9 9a 35  ....vg"}...|...5
00011aa0: a0 93 c9 29 91 5a 53 af 75 6f c0 9d d4 61 b9 92  ...).ZS.uo...a..
00011ab0: ba 26 7f 55 62 2d 5e d3 c0 78 7a 80 5c ab e6 c3  .&.Ub-^..xz.\...
00011ac0: 19 a3 b5 8e de 41 44 f5 eb 9c 40 62 8c 26 fd b1  .....AD...@b.&..
00011ad0: 7e ce 9b f2 28 f1 16 f8 86 f0 04 fa 07 26 b8 c7  ~...(........&..
00011ae0: 11 6e 1f fe a2 0c 99 ba 88 6a 68 79 76 c3 94 73  .n.......jhyv..s
00011af0: 65 44 d1 02 5e f6 67 ef 1e 0d f1 04 c9 c9 bc ea  eD..^.g.........
00011b00: 53 2c 03 f2 04 da 7c 07 9a 0c 14 8d 08 a6 42 cd  S,....|.......B.
00011b10: 82 0d b5 db b3 d4 58 61 73 77 15 f9 0f d2 37 27  ......Xasw....7'
00011b20: 49 56 6e 8a 4d 59 9b 44 7b c2 6a c1 35 0c 9e 94  IVn.MY.D{.j.5...
00011b30: 97 05 49 84 e9 61 64 cf 16 45 65 18 b9 bd b4 c3  ..I..ad..Ee.....
00011b40: 43 4e 87 bd 79 8e 37 a5 af 3a aa 7c d1 83 79 4c  CN..y.7..:.|..yL
00011b50: aa 49 b9 43 83 24 96 26 6b e0 c8 95 68 81 02 c4  .I.C.$.&k...h...
00011b60: 51 13 06 95 84 32 e4 54 5b d8 86 08 66 e7 2a c6  Q....2.T[...f.*.
00011b70: 19 35 41 6f 2b 09 56 d8 4c 70 e8 57 d1 ca 32 df  .5Ao+.V.Lp.W..2.
00011b80: 1c 78 a2 47 3f b0 29 af 59 a8 19 25 c2 37 4b 32  .x.G?.).Y..%.7K2
00011b90: b1 67 93 93 ee 8f 56 b6 b1 77 6d ba 96 38 98 e0  .g....V..wm..8..
00011ba0: 71 15 63 c3 1f bc 8c ff 43 33 52 4f 7f 4a b6 2e  q.c.....C3RO.J..
00011bb0: 34 cf b0 f8 a7 54 c8 51 28 ad c9 76 7d 1d 26 76  4....T.Q(..v}.&v
00011bc0: 8a 34 b6 f1 1e b5 46 5e 92 97 4a 8f 76 2d 86 fe  .4....F^..J.v-..
00011bd0: 48 15 6c dc 89 bb 92 9a b2 ad 2d c3 e1 a1 1d e2  H.l.......-.....
00011be0: 5e a3 b1 bc 7a 26 6f 1f 1d 00 40 7d 87 84 81 40  ^...z&o...@}...@
00011bf0: f2 2e 50 a1 a8 6f cf 6e a8 30 0f 2e d2 8a da 84  ..P..o.n.0......
00011c00: be 70 a8 ed 7e ca ca 77 7e 95 3c aa ee ff 18 a1  .p..~..w~.<.....
00011c10: a4 ce d1 2c 07 7a cc f7 91 da e6 1f 7a 22 0e e5  ...,.z......z"..
00011c20: 44 35 f9 39 eb bd 51 93 4b c7 e8 20 a4 a5 e9 8d  D5.9..Q.K.. ....
00011c30: 65 5a 75 da 67 b8 3d 6d 90 49 36 14 c0 fe ae 52  eZu.g.=m.I6....R
00011c40: f1 ff 7b c1 21 40 ad 63 a2 ae df aa 0f b3 5f 04  ..{.!@.c......_.
00011c50: f5 79 88 50 ad c7 3a 95 02 60 eb d1 bd 66 24 ff  .y.P..:..`...f$.
00011c60: ed 23 10 95 d4 91 24 af 20 f4 f4 02 16 44 bd fd  .#....$. ....D..
00011c70: 3a 4c 5a 7d 09 4e 64 e8 08 45 6c fe 85 64 4f 32  :LZ}.Nd..El..dO2
00011c80: 1e eb f7 1e 8e 3a 1e df ea a0 cc b3 72 f6 80 ae  .....:......r...
00011c90: dc 0a a3 f4 cd 1b 5f 64 eb 50 bb eb b9 97 9a da  ......_d.P......
00011ca0: 71 f8 18 2f 87 83 77 d6 cd 6c 65 d1 a6 29 b5 b6  q../..w..le..)..
00011cb0: ea 62 4f bf 55 74 b4 3a c3 21 70 9b cf 8a e4 da  .bO.Ut.:.!p.....
00011cc0: c6 8d 28 b0 e1 62 1c ff 44 c0 15 22 cb 83 16 cb  ..(..b..D.."....
00011cd0: 86 d1 ea c3 ef 40 92 6c 23 b9 7a a3 42 43 c7 81  .....@.l#.z.BC..
00011ce0: e0 04 87 dc a8 4e 9b 7a b8 36 e5 e0 82 ec 81 be  .....N.z.6......
00011cf0: 72 a6 69 a2 9b 8c 32 b1 f6 d0 49 21 64 7f 1a e7  r.i...2...I!d...
00011d00: d4 4e 94 df 68 f9 e1 f7 18 26 aa 44 a9 89 44 08  .N..h....&.D..D.
00011d10: ac 7e 55 3a 39 05 88 ab 75 11 ef c5 9d 2b 1f 73  .~U:9...u....+.s
00011d20: 95 04 e4 73 60 dd aa 3b 0b 88 8b ee b0 50 75 4e  ...s`..;.....PuN
00011d30: b3 70 97 63 4b 71 94 44 9e e4 11 f6 f2 33 a6 33  .p.cKq.D.....3.3
00011d40: e4 4a 99 86 e7 f6 28 35 74 26 48 65 d7 7f a6 8d  .J....(5t&He....
00011d50: b3 37 b7 d4 da db 1e e5 7e 7c 11 b8 30 52 bf 5f  .7......~|..0R._
00011d60: 1e 32 7e 93 44 97 82 cc 71 f8 db 13 8c 51 26 ab  .2~.D...q....Q&.
00011d70: 6d 3e 1a 5b 98 16 c2 e2 2c dd 9d 68 6b d2 04 cb  m>.[....,..hk...
00011d80: 81 4d ad f0 8e 7e d6 f6 c3 50 3b 54 c1 e2 3c 91  .M...~...P;T..<.
00011d90: 22 71 d8 da 69 c8 ab 6c 9e af 64 32 cd 7d 90 11  "q..i..l..d2.}..
00011da0: 42 b1 d1 61 af dd eb 53 92 c0 96 2d 28 0e 8f 54  B..a...S...-(..T
00011db0: f1 11 23 89 eb 63 63 4f fc ab 92 8a 57 ae cf b0  ..#..ccO....W...
00011dc0: ca 09 5c a4 cd 05 4f c9 a1 41 63 d8 44 6b 04 9e  ..\...O..Ac.Dk..
00011dd0: 74 0b ab a3 f2 cf aa 07 78 1f 02 f1 c5 4a 15 83  t.......x....J..
00011de0: 60 69 f3 f4 30 ac 14 7d 52 6b 18 27 1a c5 af 77  `i..0..}Rk.'...w
00011df0: 7f b7 37 8c e9 1f 42 e5 5b 06 6a 5d 6e 58 f4 1e  ..7...B.[.j]nX..
00011e00: 5c bf 05 36 a6 61 a5 fc 8f 99 ee e2 b5 c9 14 e6  \..6.a..........
00011e10: f6 99 b8 aa ce 67 b4 dd 6f ec f9 6e c7 88 9a 8e  .....g..o..n....
00011e20: 50 15 db 71 cc 34 79 83 7e b6 0e e5 cd 63 40 ee  P..q.4y.~....c@.
00011e30: ba 81 9b 3f 24 fe bb 7a 4b 29 53 34 da 46 29 ee  ...?$..zK)S4.F).
00011e40: 7c 46 25 24 0c 6c 0b 1f 44 aa 9b c3 7c b9 d3 40  |F%$.l..D...|..@
00011e50: 6a 3b 4e 48 74 97 3f 11 68 64 6e d5 a5 af b6 07  j;NHt.?.hdn.....
00011e60: 37 0f ec c1 0b db 8d 73 98 f9 91 ef 04 2c 3e 55  7......s.....,>U
00011e70: 50 78 f3 d2 2d 30 55 81 71 e2 39 d6 4c a1 85 f0  Px..-0U.q.9.L...
00011e80: ce 1d d8 5e fb a2 ea a7 c3 0f ae df cf be e1 3e  ...^...........>
00011e90: 48 2d 2f 8d 5c 3f 3e e2 e6 95 61 fc 35 70 19 65  H-/.\?>...a.5p.e
00011ea0: 71 02 15 6b 98 95 e4 2f c0 05 11 0e 6e 0b 05 83  q..k.../....n...
00011eb0: ed 41 b3 4f 39 a1 b5 e3 a1 23 5c 5a 68 d7 17 27  .A.O9....#\Zh..'
00011ec0: 0e 1a 53 fa e0 2b 30 37 41 e6 f7 74 c5 23 dc 6a  ..S..+07A..t.#.j
00011ed0: b8 64 3a ac 66 75 2f ec b8 d1 60 18 7c 11 c7 93  .d:.fu/...`.|...
00011ee0: d1 af 3f 94 1c 93 d0 fd c6 da f5 7c 4e 07 69 fe  ..?........|N.i.
00011ef0: 31 3a 4b 46 38 4a 20 2e be 24 09 7f 48 81 41 f4  1:KF8J ..$..H.A.
00011f00: 10 fb 85 e5 31 99 88 f2 24 83 cb 2d 72 58 d3 8f  ....1...$..-rX..
00011f10: 2f 23 e0 ab 33 78 b6 c6 fa 2d 6f 70 9d 15 75 c3  /#..3x...-op..u.
00011f20: 16 a9 cd 3e 77 f9 0e a3 3e aa 81 f2 58 04 bc 55  ...>w...>...X..U
00011f30: 9d 3c d5 9c f5 6c 7e 3a f9 b8 f4 4e 5b 3a 8f 46  .<...l~:...N[:.F
00011f40: c0 5f e3 28 86 6f e2 7b a4 83 dc 5b e9 bf 00 66  ._.(.o.{...[...f
00011f50: ea 2d 1c 4d 7e be 83 4c d1 4e 89 66 52 76 6b bf  .-.M~..L.N.fRvk.
00011f60: 99 8b 06 e3 ff 32 9b cd 07 34 c5 79 be 3f 93 dd  .....2...4.y.?..
00011f70: 60 f2 64 fa a2 cf e7 bb da eb 04 e2 2f 69 4d 5f  `.d........./iM_
00011f80: 66 42 78 18 5e c4 50 22 cf 0b d5 df 33 ec bf f5  fBx.^.P"....3...
00011f90: 3e f1 d1 75 5b fd ef 09 45 f6 ed 1b 21 fc 0f 81  >..u[...E...!...
00011fa0: ce 73 24 cc 06 5d 9d 89 79 12 0d 6c d8 dd 5c e1  .s$..]..y..l..\.
00011fb0: 09 0c cc 05 77 b4 73 0e 10 45 7c c5 fe a9 e8 5c  ....w.s..E|....\
00011fc0: 44 84 bf b4 3e 01 a3 af 18 70 f7 a3 f1 eb 50 81  D...>....p....P.
00011fd0: c6 6d 60 f4 92 8f ae 41 0b ce d9 b5 2b 66 10 ec  .m`....A....+f..
00011fe0: f9 8a 71 9b 00 36 50 e1 27 e9 43 70 ea c4 89 b4  ..q..6P.'.Cp....
00011ff0: e6 66 2a c2 8b ee 06 54 ba 2d aa ea d8 26 c3 9f  .f*....T.-...&..
00012000: 6b fa da 58 51 b7 90 11 63 5b 7f f3 02 28 28 88  k..XQ...c[...((.
00012010: ba 64 59 d5 af b4 fe 81 de 32 53 90 08 37 b5 a3  .dY......2S..7..
00012020: 5c a2 c7 63 77 db a3 5d 6d fb 0e 2d 96 08 5f bf  \..cw..]m..-.._.
00012030: 37 4e 35 db 26 9b c9 0e d9 72 61 c2 13 81 b4 72  7N5.&....ra....r
00012040: 4e 33 07 5f e0 5c 17 ff 9c 73 ac 9b cd 26 c7 6a  N3._.\...s...&.j
00012050: 55 a3 07 c8 d8 54 f8 33 e7 e8 2c 95 47 96 29 7f  U....T.3..,.G.).
00012060: 17 56 1b 6c b1 d4 4e 8b d9 be d3 7d b8 6a 87 39  .V.l..N....}.j.9
00012070: 8c 95 db 6b 25 0b 3f 67 54 75 98 d2 db 24 1d ea  ...k%.?gTu...$..
00012080: 97 ba 8e f0 2a 83 99 12 fe c6 45 48 9a 64 3d 5f  ....*.....EH.d=_
00012090: 4e ab cf e8 2d 65 10 25 5e c7 19 90 af 40 9c 77  N...-e.%^....@.w
000120a0: e0 e1 b1 ea 59 a3 e8 8b 32 2b 63 b4 36 e9 f8 ee  ....Y...2+c.6...
000120b0: 91 09 6e ae 41 56 3c ef 95 e0 15 35 33 5d df 45  ..n.AV<....53].E
000120c0: 31 03 8e 6b 58 ce 8e 02 91 44 f9 d9 4c 42 38 de  1..kX....D..LB8.
000120d0: 4e 27 99 17 fa f5 d8 6a b3 3d 5d e8 72 e0 91 9e  N'.....j.=].r...
000120e0: 3a 1b 34 44 20 bc 98 6b ce fb 05 a8 83 1b 6b 8c  :.4D ..k......k.
000120f0: 50 34 a9 8a 80 60 b4 67 47 38 69 8f 1b f1 fa 97  P4...`.gG8i.....
00012100: 9e 1d 9d 9a 9a 6a 6d 4a a3 5a fa 62 e6 6a a2 82  .....jmJ.Z.b.j..
00012110: 0e e7 83 41 b5 c4 50 af a2 05 8b 53 f8 4d f6 b7  ...A..P....S.M..
00012120: 5c 71 6e ae 63 6b 23 b5 e0 fa 19 57 92 9a d4 02  \qn.ck#....W....
00012130: c0 dc 95 df ff a8 68 3b b9 ab 19 41 3f 16 c1 b0  ......h;...A?...
00012140: ef 69 d6 db d8 a0 0c 2f b3 e1 d7 8e 8e 26 76 d5  .i...../.....&v.
00012150: 0c 20 36 b5 f1 0f 49 c6 98 ea 13 69 95 de 0c e2  . 6...I....i....
00012160: 30 2c 3b c7 b2 b7 a6 64 d2 ed f1 d9 1e 83 74 37  0,;....d......t7
00012170: 5b 59 e6 c5 70 0b 46 65 6d f2 07 aa e0 75 a0 e3  [Y..p.Fem....u..
00012180: 2e 17 03 49 0f b3 df 4a 7f 75 55 74 a0 30 02 cf  ...I...J.uUt.0..
00012190: e9 da 6d 2a 9f cf ef 60 47 f6 58 16 55 8c f5 2d  ..m*...`G.X.U..-
000121a0: 9b 57 e5 a2 68 f6 a2 89 0a 63 9e 25 a0 55 b6 7b  .W..h....c.%.U.{
000121b0: 83 18 14 94 0c 74 9e a5 00 e0 65 1f 20 71 4e 34  .....t....e. qN4
000121c0: 08 9f e7 8f ad 84 c1 b4 19 d8 e1 2f 81 fa 61 17  .........../..a.
000121d0: 33 21 d6 a5 7d 67 83 fe 9e 53 be f9 7b b3 25 1d  3!..}g...S..{.%.
000121e0: 46 8d fd d9 99 b9 ff f3 e6 f7 6a 3b 29 6a 8d ab  F.........j;)j..
000121f0: 96 96 b7 43 78 7b 42 6b e7 64 12 be fb 9b bd 0f  ...Cx{Bk.d......
00012200: 69 70 04 01 7d 1d 17 c6 57 92 0d 92 4a 16 77 f8  ip..}...W...J.w.
00012210: a2 85 49 b7 da 49 2c 13 ea 05 f3 de 19 0a 8b 3c  ..I..I,........<
00012220: 64 69 8c b8 a2 82 c7 17 58 99 13 b9 00 6e 56 0e  di......X....nV.
00012230: 59 1c ea 16 9f 2d d7 03 22 b6 7e e2 da ec d8 c1  Y....-..".~.....
00012240: df 29 27 c6 32 f7 65 38 31 8d 7c 4c 33 11 47 47  .)'.2.e81.|L3.GG
00012250: 65 36 ec 97 fe b8 ea e5 c6 b8 eb 45 0e c9 6d bb  e6.........E..m.
00012260: ec ab 14 84 5c ae df 1f 23 19 2f af dc ed 02 01  ....\...#./.....
00012270: cf 26 1e ae 1e e8 5f 5c 65 1e dd 5a f6 ab d9 ad  .&...._\e..Z....
00012280: 33 65 48 56 91 c1 3b 8e 00 e4 67 6d 3f 04 fa c5  3eHV..;...gm?...
00012290: 27 55 18 25 ba 62 3a e3 41 51 b7 b6 ed cb c4 7b  'U.%.b:.AQ.....{
000122a0: f2 68 e1 b3 a6 31 28 c8 c1 1f 3d f8 b1 cc 1c 1c  .h...1(...=.....
000122b0: 1b 71 63 c0 b8 ad 3d 92 86 04 52 50 75 4c 60 dd  .qc...=...RPuL`.
000122c0: 28 8c 76 95 2a 6e fd 03 75 34 3a 2a 15 90 b8 88  (.v.*n..u4:*....
000122d0: bc 09 47 69 6e d5 bd 43 cc 59 e7 17 e8 44 1c 87  ..Gin..C.Y...D..
000122e0: 19 4c 26 24 ca bf a9 4c 74 10 56 3d 75 45 df b6  .L&$...Lt.V=uE..
000122f0: 45 8e 7b c4 46 c1 e4 8a 8f b8 b3 92 68 f8 8a cf  E.{.F.......h...
00012300: c8 7e 08 5c 21 3d 12 78 82 a0 59 8b 46 aa 76 16  .~.\!=.x..Y.F.v.
00012310: 81 66 11 3b f9 3b 93 48 db 80 5c 5c d6 7e a4 53  .f.;.;.H..\\.~.S
00012320: 7a c4 10 57 b4 b6 e8 78 f4 d4 ef 7b a5 66 39 2a  z..W...x...{.f9*
00012330: dd 31 b1 dd fb dd 40 26 f2 bb 58 bd 5f 72 fa 9d  .1....@&..X._r..
00012340: 6b 00 81 de 9e ed f6 1a c0 f4 40 00 38 be 7a 86  k.........@.8.z.
00012350: 2b b6 59 c7 cc 5c 9c e1 ee a3 bd 3c 0c c1 bc a3  +.Y..\.....<....
00012360: f7 99 fe 6e 96 ea 00 6c 38 e3 34 5d b0 ef 08 b9  ...n...l8.4]....
00012370: 34 bf 43 02 85 ec 79 8b 99 87 1d 10 e8 ec b8 56  4.C...y........V
00012380: c4 cc 2d 71 c9 48 57 6e ba 5d 71 ed 09 c9 c6 f0  ..-q.HWn.]q.....
00012390: ba 3c 00 56 0e 96 7c 33 7e 4c 28 df 34 1e a3 2e  .<.V..|3~L(.4...
000123a0: 21 d3 13 78 e9 24 4d e9 e0 3e d1 5a c5 ac 70 99  !..x.$M..>.Z..p.
000123b0: 44 08 bc d6 b3 6e ff da 50 63 84 dc 93 a2 73 b2  D....n..Pc....s.
000123c0: 11 02 bc 0b 97 32 2f 95 c3 18 90 04 a2 6f 9b fc  .....2/......o..
000123d0: a1 60 c7 3f b9 be b5 eb 69 d7 18 26 ee 0c a2 59  .`.?....i..&...Y
000123e0: a7 17 9f 45 3d e5 d1 6f 5b 19 4e d5 c8 f8 ba 76  ...E=..o[.N....v
000123f0: ea ca de 53 3f 0d 40 39 3f 49 e8 ba 60 41 b4 44  ...S?.@9?I..`A.D
00012400: 1f c5 f0 d8 c4 0b 9d 67 bb 70 95 e8 18 90 9b 2b  .......g.p.....+
00012410: 80 26 3f a6 c8 22 e2 11 37 05 0c 9d d1 7b 69 5a  .&?.."..7....{iZ
00012420: 13 cf 8e f4 21 50 d8 af 70 ec 37 b4 a6 3e bc 42  ....!P..p.7..>.B
00012430: 97 6f 1b 51 68 b6 f8 59 1a 96 8c 02 b6 64 56 07  .o.Qh..Y.....dV.
00012440: 92 e4 4c fd ff f2 c0 4e c6 63 5e fe 0a 7f 50 8b  ..L....N.c^...P.
00012450: 47 93 d8 43 d5 e8 b5 be 8d d3 3e 38 9c 9c 78 fc  G..C......>8..x.
00012460: 9b b2 df c2 30 0b b3 5b 9e e6 06 19 e5 e6 71 e7  ....0..[......q.
00012470: 10 54 8b 25 9a e8 09 ab b3 e1 bd 7a e4 96 1d be  .T.%.......z....
00012480: be ca fe 8b 6a 14 94 4c 09 3d 70 ac a1 c0 30 95  ....j..L.=p...0.
00012490: 35 af c2 5d f9 9d 07 31 33 3f 82 15 e8 49 47 dd  5..]...13?...IG.
000124a0: 3d 10 d4 16 1f bb af 90 d5 db c9 3e 2e b6 d4 bd  =..........>....
000124b0: 0f c0 64 09 c0 17 85 fd 27 8e 6c f0 32 20 fa f4  ..d.....'.l.2 ..
000124c0: 91 2a 0e fd c2 2a 82 28 db 6d b0 63 ed 36 30 f2  .*...*.(.m.c.60.
000124d0: 68 34 49 2b d0 80 08 9e c9 ac 30 6e a1 10 be 8d  h4I+......0n....
000124e0: cf 76 3d dc 8b 41 6a 9c e8 d9 b6 1d fc cd 5d 4e  .v=..Aj.......]N
000124f0: d6 f3 5c 29 eb 54 08 2e 8d 47 02 ee ad 86 d2 62  ..\).T...G.....b
00012500: 6d af 65 15 29 24 12 05 b6 46 c7 28 24 77 f7 00  m.e.)$...F.($w..
00012510: ab a1 7a e0 b9 a6 8c f5 98 81 4e e1 70 a8 bd 6e  ..z.......N.p..n
00012520: 78 90 c1 b1 af 2c 77 74 b2 6e 31 a7 ee 37 4b 19  x....,wt.n1..7K.
00012530: 71 36 d5 f2 7b 56 ab 41 38 f6 22 39 99 b5 61 7f  q6..{V.A8."9..a.
00012540: 23 60 fa a3 6b 11 a9 27 05 b0 77 56 00 50 5c 9c  #`..k..'..wV.P\.
00012550: d7 23 da 76 9d 29 fc ed 9f b2 54 09 67 51 eb 28  .#.v.)....T.gQ.(
00012560: f5 67 2f ef 14 1a f1 00 13 dc 9c 7e b0 09 04 55  .g/........~...U
00012570: 2e c2 92 48 eb 93 f2 fb 0a c2 75 df 4d 31 f5 82  ...H......u.M1..
00012580: bf 17 22 d6 99 d4 58 ea ac 15 8c 69 c8 a9 4e b4  .."...X....i..N.
00012590: 69 44 b6 00 09 42 56 0c 2b 29 89 1d 4f dd ef 13  iD...BV.+)..O...
000125a0: a9 55 5c 70 37 04 80 01 25 10 4f 29 eb 3a ab 2c  .U\p7...%.O).:.,
000125b0: 3e 1f 17 01 88 86 33 df 4e 37 dc ce 2c eb 62 d8  >.....3.N7..,.b.
000125c0: 28 52 c1 d2 cb 1a 60 19 eb 52 1a 9a e2 e2 5a 79  (R....`..R....Zy
000125d0: 57 8b 39 81 79 48 d6 ff 88 ab 30 58 ce d5 e9 80  W.9.yH....0X....
000125e0: 6f 6f 60 c9 52 ff 41 a8 d8 d8 c1 97 88 e2 e0 a9  oo`.R.A.........
000125f0: 1f a2 e4 92 db 8e ab 91 b8 cd fd 46 b5 0a f7 1f  ...........F....
00012600: 60 28 e2 17 40 6b fa be a3 78 6d 9f cb b6 ba 4d  `(..@k...xm....M
00012610: 8a 17 09 b0 7a e8 f3 d7 57 75 fa dd 06 97 e5 2b  ....z...Wu.....+
00012620: 1c b1 e9 c5 85 5d f1 a2 c1 1b 25 33 88 9d 41 36  .....]....%3..A6
00012630: 9c ff 3e 78 9c 3c 4d b8 b5 74 b7 90 fe cb 61 3b  ..>x.<M..t....a;
00012640: 67 d1 13 6f 94 92 db 87 2f f5 3f 3d 2a 78 f9 ab  g..o..../.?=*x..
00012650: fa 87 43 34 a9 98 38 95 21 ab 13 52 7b 41 70 45  ..C4..8.!..R{ApE
00012660: 9f c3 99 28 78 87 f9 fd 31 d7 dd c2 e9 cc d2 62  ...(x...1......b
00012670: 7a d4 aa 77 b0 32 3d d0 e8 94 56 e0 ec cd 30 68  z..w.2=...V...0h
00012680: 74 2e d7 90 49 82 e8 d0 94 7c 05 9e df b8 c4 b9  t...I....|......
00012690: 06 70 30 b5 c7 55 bd 22 7c 9a cc ea a1 27 08 f3  .p0..U."|....'..
000126a0: b5 57 03 46 ca 4c 52 9b 4f 36 28 fb 18 db 25 05  .W.F.LR.O6(...%.
000126b0: 84 aa bf 4d 5f 32 0f 1b b9 58 ba 8a 79 04 2c 87  ...M_2...X..y.,.
000126c0: 00 2c 09 00 f3 95 df 74 48 be e1 44 9d 2e 30 18  .,.....tH..D..0.
000126d0: d8 6d 25 3f 1e 44 a6 1d 7e fa 01 32 3f c9 51 7c  .m%?.D..~..2?.Q|
000126e0: 08 23 96 7f 42 e7 4a c7 55 35 3f 5f 2b 49 34 83  .#..B.J.U5?_+I4.
000126f0: 36 13 21 67 12 f6 66 65 f5 ad f6 5e 04 dd cd f3  6.!g..fe...^....
00012700: 75 2f 69 a4 78 c3 e6 73 67 e4 7b 27 93 02 a4 f4  u/i.x..sg.{'....
00012710: e0 cc eb 43 11 07 f8 db b4 a0 23 03 95 f6 7a bf  ...C......#...z.
00012720: 9d c8 fd 20 d1 05 37 a6 9f 41 3b fe 55 5f 3d 74  ... ..7..A;.U_=t
00012730: 40 c9 ed 2c 3b 75 54 02 d7 7b c1 e0 00 f6 d6 8b  @..,;uT..{......
00012740: a8 05 e4 0d be f0 85 4f b5 ef 8c 9f 68 76 5a 26  .......O....hvZ&
00012750: f1 32 0d 10 0c b2 0e 61 34 d3 b3 8d a0 3c f5 48  .2.....a4....<.H
00012760: 51 09 b8 92 1c 64 46 2f 3c c5 05 f2 19 58 7b d4  Q....dF/<....X{.
00012770: 5f 61 18 30 91 23 e4 0a 89 3f 1a 26 d3 9f 21 53  _a.0.#...?.&..!S
00012780: 09 49 8b 47 6c 51 89 73 bd e3 c4 80 6d 04 86 5e  .I.GlQ.s....m..^
00012790: 5f f2 18 b4 15 43 d4 32 03 2a 11 78 49 a7 be 8c  _....C.2.*.xI...
000127a0: 6f 06 b8 f7 0a 21 6a 5c 76 9e 6e e5 68 7f 86 11  o....!j\v.n.h...
000127b0: 39 e6 13 79 ff 4c e7 26 00 81 0c 86 72 c4 a3 5d  9..y.L.&....r..]
000127c0: 36 ee 40 e3 9e b9 f2 06 ba 7b e8 8b ab 00 f8 40  6.@......{.....@
000127d0: 3e 2f 27 05 8c 6c 71 6a c8 ae e7 b5 d8 8c 7a f4  >/'..lqj......z.
000127e0: c3 ad 32 ef a4 da ce f8 5a 0b 1c 55 cf c2 a4 4a  ..2.....Z..U...J
000127f0: 2c d1 f9 9b 8b 71 2f 83 f9 77 e1 dd 53 a9 b8 80  ,....q/..w..S...
00012800: 24 96 bf cf a9 58 97 d5 68 da dc 96 41 56 c8 35  $....X..h...AV.5
00012810: 41 b0 33 04 d5 e0 e4 d0 7e e7 57 52 ff 83 25 ab  A.3.....~.WR..%.
00012820: f8 8c 88 9d b7 6a a6 40 d6 d8 33 d2 3e e9 37 8d  .....j.@..3.>.7.
00012830: ef 17 0b b5 2b 21 bf 7f 4c bf a8 83 a6 7a 93 f7  ....+!..L....z..
00012840: 1b d1 bc 1f 8b dd 7c 58 7e e5 82 24 ee 9f 7d f7  ......|X~..$..}.
00012850: 71 af f0 17 77 fa 2f bd 95 22 06 0c 96 ea 56 3e  q...w./.."....V>
00012860: 3e 76 b0 75 50 84 6c 8d c2 58 67 59 5d 0b 91 55  >v.uP.l..XgY]..U
00012870: 59 2e b4 97 a6 fc 70 0f ae f9 f6 b2 74 d9 68 0f  Y.....p.....t.h.
00012880: 55 94 a5 9d 8e 8e f0 bb d0 57 65 97 93 3a 3c b2  U........We..:<.
00012890: 53 98 89 49 26 e4 93 81 d2 21 c9 12 cb 28 01 66  S..I&....!...(.f
000128a0: 3b 12 3d fc 43 c9 fc 94 b5 81 62 47 f2 fd d4 88  ;.=.C.....bG....
000128b0: f4 d8 07 c2 1a 14 2d d6 9a e3 5e a0 61 bd dd 0c  ......-...^.a...
000128c0: 22 2c fc 17 c0 eb c6 4a 91 d8 9a e3 05 a5 70 8c  ",.....J......p.
000128d0: 41 6b 04 ae 24 92 0c 37 a2 5e 13 8d 07 0c 23 1f  Ak..$..7.^....#.
000128e0: 93 3d 68 de 6f 93 9b 95 bc 1c df e0 2c 86 5b e9  .=h.o.......,.[.
000128f0: b2 fe d1 be 85 d4 8f 33 b3 6f 57 2d e9 56 a9 37  .......3.oW-.V.7
00012900: 0b f3 f3 7b e4 67 3e ca 12 c6 f8 d6 31 d5 9f 1e  ...{.g>.....1...
00012910: 33 9f 8a c0 da 76 02 d1 41 d0 6b 43 64 64 c8 ab  3....v..A.kCdd..
00012920: d6 01 9f df bc cd d5 c9 24 cc fd 2c 87 c3 b0 9d  ........$..,....
00012930: 64 e8 e9 92 b6 6a 82 a7 d8 be ca c6 92 cd 6c 36  d....j........l6
00012940: b8 0c 0a 21 9e bc c5 03 1b f7 c2 14 3b 45 3e c0  ...!........;E>.
00012950: 26 9f ea 2c 18 ca f8 85 12 ea c0 75 9b 07 b1 b1  &..,.......u....
00012960: 76 9d c5 71 a1 bf 6c 76 fa 0d 4d 26 a0 b2 de 0e  v..q..lv..M&....
00012970: c3 b1 2b 28 e2 6e dc 85 7e 1d da a0 29 88 f9 bc  ..+(.n..~...)...
00012980: b4 f1 55 a0 6c b1 de c9 96 e4 71 f0 0e c6 b7 4e  ..U.l.....q....N
00012990: 39 d0 8c 0b 0e c4 d6 70 60 d4 1c ec 11 7e c6 c3  9......p`....~..
000129a0: c5 a0 85 66 ba f9 58 2c 32 5f 6f 94 f9 22 d4 c3  ...f..X,2_o.."..
000129b0: b3 32 25 e3 3d d4 08 3c 37 80 cd 3c 91 02 25 a3  .2%.=..<7..<..%.
000129c0: 8b 10 99 fe 01 bd 68 0d cb cf b3 a6 15 ed 66 68  ......h.......fh
000129d0: c6 0c 32 3a 92 99 7e 69 8b 3b b0 b4 87 e5 af b8  ..2:..~i.;......
000129e0: ac 55 d0 3b bd 15 0e 3e 7b d5 2b e1 19 f8 53 97  .U.;...>{.+...S.
000129f0: 06 b7 b3 de 63 90 88 ff de 2e 95 e5 27 39 79 7f  ....c.......'9y.
00012a00: ab e4 dd c7 e0 21 cc 33 20 14 a4 63 ed a1 ec ca  .....!.3 ..c....
00012a10: f2 4d cf 3e 67 e4 d3 7f 68 9c f9 3d 4f 68 04 9e  .M.>g...h..=Oh..
00012a20: 34 fd 57 d6 8a 0e f4 95 39 15 e5 2d d0 d5 bf 83  4.W.....9..-....
00012a30: bc ab 58 eb 98 61 4e 1b ae 24 3a 4b c3 f3 57 ee  ..X..aN..$:K..W.
00012a40: 77 4f 03 86 2f ce 10 33 7c 32 00 60 e0 d0 be 4e  wO../..3|2.`...N
00012a50: 3c 81 87 fb 5c 63 5e 01 d9 10 9f b6 13 55 cd ee  <...\c^......U..
00012a60: 49 f1 7e 1e e9 43 71 91 e1 c1 9e 0c 10 fc 2d 67  I.~..Cq.......-g
00012a70: bf a0 6f 2f e4 f8 2e e9 3c 09 b4 c1 c4 4e 39 d0  ..o/....<....N9.
00012a80: 12 f2 a3 e6 be da 80 bc cb ed 00 21 d6 7e be a7  ...........!.~..
00012a90: 3d 81 ce d8 20 4e 36 1c 4c 6b 97 b2 cd d8 35 42  =... N6.Lk....5B
00012aa0: d2 f7 ff 25 67 95 a8 d6 60 48 7e 5b ab 18 34 ab  ...%g...`H~[..4.
00012ab0: bd 81 75 49 08 56 57 0d 11 2c 1e d2 1a 9c 9c 55  ..uI.VW..,.....U
00012ac0: 54 bd 67 f8 af 8c 37 2f 0b 18 8d 15 66 d6 50 d8  T.g...7/....f.P.
00012ad0: 3d 79 67 d6 af 71 ca a8 f0 a5 03 0b 2e 07 5b 47  =yg..q........[G
00012ae0: dd 5c b1 76 09 50 d3 c9 3a 97 3a 1c be f2 a1 1a  .\.v.P..:.:.....
00012af0: 83 f7 d4 f3 16 f1 d6 71 f9 6d d8 e0 2d 74 09 a1  .......q.m..-t..
00012b00: 1a b3 43 90 19 33 11 5e aa de 7c 88 b3 49 cb cf  ..C..3.^..|..I..
00012b10: 0a 9a f5 f2 b0 e1 d1 b4 34 4b 5d 6b eb 46 93 4d  ........4K]k.F.M
00012b20: 20 b0 2f bd 3f 9c 34 58 ba c2 34 2e 63 75 31 b6   ./.?.4X..4.cu1.
00012b30: dc 47 5a 6c ee e3 c2 2a be df 29 49 16 b2 17 82  .GZl...*..)I....
00012b40: 28 ef 3d e8 e5 ed 74 94 cd 3a 55 eb 26 e3 50 de  (.=...t..:U.&.P.
00012b50: 23 a0 55 75 e4 75 58 67 8d c8 11 ef 7e 14 d3 10  #.Uu.uXg....~...
00012b60: b4 35 0e e5 1a c2 e1 dd 9a a2 80 31 8f f0 ba 29  .5.........1...)
00012b70: c6 01 56 74 ad 3e eb 59 f0 23 cf 81 1c e7 76 43  ..Vt.>.Y.#....vC
00012b80: e8 5e fb 66 10 33 b0 45 77 8a de 8c 23 23 38 9d  .^.f.3.Ew...##8.
00012b90: a8 c3 0c f6 31 42 75 22 62 85 b7 15 67 22 29 97  ....1Bu"b...g").
00012ba0: bb a3 ba 46 b6 a1 ae e7 8d b6 45 24 9f 70 71 33  ...F......E$.pq3
00012bb0: 01 17 2f 30 13 1e 98 ed e7 7d 52 88 85 79 f2 77  ../0.....}R..y.w
00012bc0: 48 00 00 57 3d df 7f 05 7f e1 7d ee 64 20 42 ec  H..W=.....}.d B.
00012bd0: e8 14 69 a3 51 cb cb aa 0d 4f 8f af c2 19 64 74  ..i.Q....O....dt
00012be0: eb 49 1b 34 0b 8d b9 71 d8 fd 93 68 e6 dc 2d a6  .I.4...q...h..-.
00012bf0: 80 9a 0d 55 ef 09 f0 21 5c 27 62 38 83 e9 87 74  ...U...!\'b8...t
00012c00: 4e c1 f0 8b 4b 3d 93 0d bf 11 2d 01 a9 5c 4b e1  N...K=....-..\K.
00012c10: b3 b0 34 64 01 bf 86 3e 23 3d 9b 11 14 40 e5 ab  ..4d...>#=...@..
00012c20: cc 3e 8c e9 17 a1 fc 45 31 8b 4d ce 7c e2 d4 6f  .>.....E1.M.|..o
00012c30: b2 b5 c1 10 03 c3 3d 40 4b c5 ca 95 a4 b4 30 60  ......=@K.....0`
00012c40: 1a d1 a8 a7 c1 eb ac 34 db ed 19 4a b7 8b be e9  .......4...J....
00012c50: 13 98 16 86 38 df a3 1b 27 54 85 04 64 21 b1 e6  ....8...'T..d!..
00012c60: a9 f3 ba cd 85 c2 6e 99 c1 bd b5 4f 15 95 21 c6  ......n....O..!.
00012c70: c2 a3 68 8e 9c b0 33 c0 a3 06 c3 01 99 27 cd fb  ..h...3......'..
00012c80: 12 b0 75 33 75 1d e9 c9 ae f7 c6 e7 d9 4e 9a d7  ..u3u........N..
00012c90: 70 c7 86 f4 5c cb a3 4a b0 c8 6d ea 34 b5 7a 27  p...\..J..m.4.z'
00012ca0: b5 51 04 0c 66 78 a5 1c 19 51 45 19 eb 85 c6 1e  .Q..fx...QE.....
00012cb0: d6 b7 68 cd a5 19 c2 23 11 b3 c2 be 2d e9 2f f1  ..h....#....-./.
00012cc0: c0 7e 8c b5 d0 d7 c2 a1 59 e6 91 ef 1c fc 65 a1  .~......Y.....e.
00012cd0: 91 fd af 8d ba ec 03 b9 6d 08 2e 4b 7c 63 af 3e  ........m..K|c.>
00012ce0: 05 a7 e8 8a 70 de 67 fa 8b 48 a2 6c cc 11 7b 39  ....p.g..H.l..{9
00012cf0: f1 91 84 77 d3 18 76 96 80 2c 27 91 8e 16 ae 4c  ...w..v..,'....L
00012d00: f8 2b b5 83 46 5a 97 be 5d fd d9 32 dd 4d 00 36  .+..FZ..]..2.M.6
00012d10: 36 53 e7 d2 13 13 28 ec 9e 3a 77 cb ce 4f 51 45  6S....(..:w..OQE
00012d20: 47 6b 31 17 8f 2c 62 b3 ae 16 55 74 8d 31 83 90  Gk1..,b...Ut.1..
00012d30: 51 ac 16 42 34 8c af be 3c eb 82 8d fd 72 eb 8f  Q..B4...<....r..
00012d40: 6d b0 3c 40 4e a1 9d 6b e6 8a b2 34 2f cc 7d a2  m.<@N..k...4/.}.
00012d50: b9 8d de 1d 67 d4 63 ad 60 09 16 8e e9 e6 36 56  ....g.c.`.....6V
00012d60: 03 0f c2 d4 f5 bb 00 a0 4b f9 0d f1 d1 91 1d 8f  ........K.......
00012d70: 39 4f 1e 25 9d 73 3c 28 62 f5 ff c5 79 01 a7 8c  9O.%.s<(b...y...
00012d80: 18 7a 51 8a d8 c0 6d 48 e4 1c 0b 6a 0d 32 0a 04  .zQ...mH...j.2..
00012d90: 71 d6 99 e4 18 6f 12 34 96 09 27 fc b9 b6 44 97  q....o.4..'...D.
00012da0: f2 2e e6 5f 66 8b f2 cc 0f e5 72 00 c5 51 d3 15  ..._f.....r..Q..
00012db0: c9 7f e8 c8 62 19 70 2d 0f a9 12 0f ed 7d d0 75  ....b.p-.....}.u
00012dc0: e9 d7 9a 8a 71 31 85 4f 61 b9 a3 53 82 74 90 1a  ....q1.Oa..S.t..
00012dd0: 38 c2 40 c1 16 9a e4 08 dd fc 34 f0 44 d4 92 0d  8.@.......4.D...
00012de0: 1b 2f 9a bd 86 1a 41 a8 11 c3 95 90 a6 1b 5b 94  ./....A.......[.
00012df0: b1 dd 43 71 c6 d6 51 df 09 2f 4c d3 02 ff 74 78  ..Cq..Q../L...tx
00012e00: a1 5c 23 c5 4c 7c f2 a3 80 db 76 82 56 cb 4f 8b  .\#.L|....v.V.O.
00012e10: c9 16 c2 c4 f4 79 17 ae 75 44 0c c6 3d 33 3c d1  .....y..uD..=3<.
00012e20: a1 5d 98 e5 8e c9 0e 2c db e7 0e 71 2e 79 14 9c  .].....,...q.y..
00012e30: fb 9e a0 56 fe 6d bc 0f 46 87 2f 39 0b ab a3 ae  ...V.m..F./9....
00012e40: 2e 83 37 fa be 91 ec b1 fc fd 87 e9 53 74 69 ef  ..7.........Sti.
00012e50: af 8e 6f 32 7e ee bb ad 0e 68 b9 88 fa 05 6d d6  ..o2~....h....m.
00012e60: 2a bf 16 24 37 ca 1f 06 f8 13 4d 39 be 8e 38 ed  *..$7.....M9..8.
00012e70: 4d 4b ca 66 4c 06 81 72 e2 e0 63 48 30 6c 23 0e  MK.fL..r..cH0l#.
00012e80: d8 4a 85 fd 61 75 e4 02 cd e4 9a 3e b7 2a 27 9e  .J..au.....>.*'.
00012e90: 08 d3 04 7c 36 4c c1 e2 c1 7f ec 7a 59 6f da c3  ...|6L.....zYo..
00012ea0: 63 af a4 0c eb c5 9a 31 3d bf 9b 6b ac 03 7e 6a  c......1=..k..~j
00012eb0: 4e b9 d9 f1 07 9d 1c 2c d0 85 84 17 07 71 f5 61  N......,.....q.a
00012ec0: 8b b6 bd 4a 04 ca 60 2c 5e 48 ba 66 3e 7b c8 50  ...J..`,^H.f>{.P
00012ed0: e2 1a d3 e2 47 57 43 73 09 1e 36 50 eb c0 be 97  ....GWCs..6P....
00012ee0: 31 a4 20 c1 7c 1c 45 3a e6 3b 64 85 4d 3b 71 f8  1. .|.E:.;d.M;q.
00012ef0: c8 bf 77 af 9b 3c 4d cf f5 03 fa 00 ac 79 c7 4f  ..w..<M......y.O
00012f00: 04 d5 b6 f3 19 59 33 28 ee 6b 85 0d 3f 9f f5 15  .....Y3(.k..?...
00012f10: 3b 2f 54 4d 49 9d 8f 19 bd b5 95 9c e9 cf 56 9e  ;/TMI.........V.
00012f20: 4c 82 94 72 c4 f3 72 93 b9 72 e2 b2 e3 d2 0d 95  L..r..r..r......
00012f30: d7 75 a6 f9 9e 16 19 42 77 ae 00 ab 5d 63 98 79  .u.....Bw...]c.y
00012f40: f8 99 39 a4 27 9c 65 95 01 a8 b3 c9 69 cc a7 7e  ..9.'.e.....i..~
00012f50: a9 f4 4f d7 62 8f 18 61 7e 26 a5 ce 2e a9 be 5f  ..O.b..a~&....._
00012f60: ac da fa e2 07 1c e5 03 ff 4c 92 40 e3 49 01 e8  .........L.@.I..
00012f70: 79 6e ee 4d 80 39 88 27 b0 59 ff 93 de 2c 98 a2  yn.M.9.'.Y...,..
00012f80: 00 0a ad 60 b8 01 37 05 67 74 9e 53 a7 89 61 8e  ...`..7.gt.S..a.
00012f90: 09 0c 20 65 e9 14 8e 90 aa 86 a3 e4 90 3b 23 d8  .. e.........;#.
00012fa0: 7d 50 fc 87 f6 0e 2c 83 76 d8 a5 5b ab aa 65 2e  }P....,.v..[..e.
00012fb0: 46 f4 85 92 e7 48 fd 30 aa 23 da 19 21 48 dd ca  F....H.0.#..!H..
00012fc0: fe c8 6c 2b 3d 6b 72 6e 8c ce be 96 f9 35 e1 c2  ..l+=krn.....5..
00012fd0: 4f 2e 10 f7 fb bc d3 c2 49 53 56 2b b7 76 68 27  O.......ISV+.vh'
00012fe0: a6 de bb 62 f8 a2 30 0f 97 88 8a 85 7c e9 f7 4f  ...b..0.....|..O
00012ff0: 89 29 86 d0 a1 d5 9c 2d 2d 4c cf 38 02 7a 35 51  .).....--L.8.z5Q
00013000: 8c 80 4d 2d 68 8c 2c ca 56 c0 df 59 d7 18 69 41  ..M-h.,.V..Y..iA
00013010: 1b c4 5f 1a 4a e6 17 11 61 a1 db 92 4f 23 67 4c  .._.J...a...O#gL
00013020: 7a ae 09 88 eb 1f c3 43 9b 77 8f 3e d3 96 f4 26  z......C.w.>...&
00013030: 75 fb 56 b3 3b 8b 86 a2 b2 21 98 96 35 16 1f 63  u.V.;....!..5..c
00013040: d1 c7 e6 67 34 18 0f a2 0f 1d 25 84 82 17 ef 88  ...g4.....%.....
00013050: 0f 1b db aa 58 ee 34 eb 29 16 6d c9 a7 7f 75 1c  ....X.4.).m...u.
00013060: aa 06 97 b2 35 b8 e3 d3 20 2c 6e a6 ee 0b 06 9d  ....5... ,n.....
00013070: f5 95 42 d6 0f 65 f0 95 23 de 68 36 6b 92 f8 1c  ..B..e..#.h6k...
00013080: b3 c9 61 e1 b8 56 a4 e8 ac a0 a8 18 c7 98 f0 a4  ..a..V..........
00013090: ba a5 d5 2d d6 03 3a cb 93 5b 79 0f 5f 23 ad 98  ...-..:..[y._#..
000130a0: b0 f8 73 48 f8 38 31 08 c3 2b ac f3 79 f0 cd 75  ..sH.81..+..y..u
000130b0: 34 18 a0 a6 74 65 13 db cf d6 b3 51 b2 ce 65 bd  4...te.....Q..e.
000130c0: e2 ab e3 f4 5e 05 95 50 fe 73 ef d8 5a 2a b1 28  ....^..P.s..Z*.(
000130d0: 4e 2b 00 aa f8 a1 63 ac 85 ec 73 6d 9b 77 ac d1  N+....c...sm.w..
000130e0: 19 73 72 5d ff 11 ee 8b 19 75 d6 22 52 cc a8 80  .sr].....u."R...
000130f0: 56 e4 aa ec 7f 13 db 76 3d cf cd 99 74 50 93 dc  V......v=...tP..
00013100: af 42 03 d1 b1 57 ad a0 50 08 62 ca 3b f7 54 cf  .B...W..P.b.;.T.
00013110: a9 9b b0 d1 0c 2c 13 e7 5e 73 1f 24 68 c4 af 79  .....,..^s.$h..y
00013120: 8f 46 51 31 79 9a 09 10 80 b6 6c e4 93 a5 00 5d  .FQ1y.....l....]
00013130: 8d 74 ea 62 dc 9f 8f b9 c3 68 6d 59 28 99 7d 4e  .t.b.....hmY(.}N
00013140: 97 39 e0 41 65 30 46 84 07 e4 b9 dc 7a 08 39 ee  .9.Ae0F.....z.9.
00013150: d1 60 06 09 37 d5 d5 d4 4f a4 f9 62 1e 40 6f cf  .`..7...O..b.@o.
00013160: 3e f8 6c 05 fd 27 1c 1e 71 eb d7 a8 a7 92 56 15  >.l..'..q.....V.
00013170: 21 69 15 2e 23 23 1a 5a 5a f5 e6 45 01 aa c7 d4  !i..##.ZZ..E....
00013180: 93 ee 96 da c1 79 90 1f 3b 64 e6 02 cf 52 83 a9  .....y..;d...R..
00013190: aa 98 0b bf fa fe 42 a5 d2 38 33 ac ba 39 0b b0  ......B..83..9..
000131a0: f5 23 13 13 30 79 55 00 f1 a3 14 37 46 61 f3 7c  .#..0yU....7Fa.|
000131b0: 3b fe 6c 08 29 97 8d 5a c7 f0 79 92 1c c6 ee 5c  ;.l.)..Z..y....\
000131c0: d2 23 dd f3 7b 07 e8 05 bf 3d b0 59 ca 8b c3 ce  .#..{....=.Y....
000131d0: b0 fa 74 b6 a0 9c 62 b6 1e 75 a3 af 56 47 16 f5  ..t...b..u..VG..
000131e0: e5 5c c7 84 df ea 25 c8 be 9d b2 52 5d 65 90 fd  .\....%....R]e..
000131f0: 8b 19 af ae 04 f8 42 1f f2 d2 62 63 a6 22 cd fa  ......B...bc."..
00013200: cb 49 75 8d 7c 5e 3b f6 60 6a 87 fb cd 05 69 b7  .Iu.|^;.`j....i.
00013210: 3e 18 bd 98 d0 cb 5d d8 15 15 b7 1e a7 87 88 f3  >.....].........
00013220: 2c fe 68 73 26 8a 81 7f 88 8d 95 93 45 3c 46 57  ,.hs&.......E<FW
00013230: 4a aa b2 28 7c e3 3d d1 9b 6b 79 b6 ce 33 64 ad  J..(|.=..ky..3d.
00013240: 40 46 34 b6 35 24 68 5d 42 bf 71 63 38 2e 4d 40  @F4.5$h]B.qc8.M@
00013250: dc f2 16 ce ca e1 03 20 4f 42 7b a9 cc d5 13 42  ....... OB{....B
00013260: c8 e7 32 7d fc 3c cd cd e3 d4 8e 7e 92 f3 2a e6  ..2}.<.....~..*.
00013270: d7 4f 5e ed ee 85 e5 df 3a 64 84 20 04 81 52 3d  .O^.....:d. ..R=
00013280: bf 8c ab 54 f3 71 95 87 33 65 3e 29 d7 ca 51 c0  ...T.q..3e>)..Q.
00013290: d7 e0 eb 27 33 0f 09 9a 3e 98 51 d0 02 cc 4b 14  ...'3...>.Q...K.
000132a0: c1 f2 ed 5b c2 58 7e c2 8c 93 91 8b b1 93 80 92  ...[.X~.........
000132b0: 3d 9c 52 54 0e 77 09 9e 7d ba 3b 6d 87 7b 0f 77  =.RT.w..}.;m.{.w
000132c0: 8c 31 28 3f 92 56 86 26 09 df 85 1a 0d 85 d0 19  .1(?.V.&........
000132d0: e9 0f f5 66 d2 22 8f f6 14 22 11 d3 06 32 8f 01  ...f."..."...2..
000132e0: f6 50 ff bd f2 1d bf fb 80 d0 24 0e e3 ce 2f 28  .P........$.../(
000132f0: a6 e7 48 42 ad 56 1e 6b 6e f7 f1 ef 8c 4b a6 00  ..HB.V.kn....K..
00013300: ea fe bf bb ce ad 4d 7b dc f2 56 51 fc 3f 16 c2  ......M{..VQ.?..
00013310: 48 72 b1 9d b5 87 a9 fe d6 ab d1 8e f1 39 7e 43  Hr...........9~C
00013320: b8 70 1c 78 ad 8e 61 6a ed 24 1b 5a cc e2 c0 df  .p.x..aj.$.Z....
00013330: c9 8b 9f 63 1c 8d 3a d1 8d df db 09 02 6b 63 98  ...c..:......kc.
00013340: 56 d9 67 7b 93 13 92 27 30 8d 2a 56 ae 00 9d 8f  V.g{...'0.*V....
00013350: bf ed 34 f8 58 fc 9d 1d 2a 5d ce 8f 16 af d2 99  ..4.X...*]......
00013360: a3 51 78 b3 10 84 02 b4 1b 11 82 99 6f 62 c8 b3  .Qx.........ob..
00013370: a7 14 e0 35 ef 95 92 1e 5b 8c eb 14 13 9f b8 9b  ...5....[.......
00013380: 51 81 de 01 a9 4e fb e8 2b ac 7d c2 f1 18 59 53  Q....N..+.}...YS
00013390: 50 27 4b a4 54 fe 3b 0a e9 23 dd 02 8c 6d ed 0f  P'K.T.;..#...m..
000133a0: 65 e3 8a 8b 20 ae 50 d2 6e ae 41 ce 29 aa c5 83  e... .P.n.A.)...
000133b0: d4 75 98 aa 51 c0 a1 a0 7b da b9 1b 13 09 53 0c  .u..Q...{.....S.
000133c0: e9 2f c4 41 82 40 7f 5a 03 47 17 3a d7 2e 77 cb  ./.A.@.Z.G.:..w.
000133d0: 5a bc 04 92 9f 96 b5 4d ca e4 d9 3d 3c ee 1b c0  Z......M...=<...
000133e0: bf 81 af 00 97 1f 95 d3 70 ff 9c 82 e9 d1 bc 94  ........p.......
000133f0: 28 ce 35 37 c6 c6 b1 28 1b dc 88 6a 53 10 02 62  (.57...(...jS..b
00013400: 5f 5d f0 41 65 8d d7 f7 90 01 a8 d7 15 ec 49 a3  _].Ae.........I.
00013410: 18 d3 09 05 84 e9 c1 b2 0b 6f 28 5c 57 b7 e5 13  .........o(\W...
00013420: cb a7 32 05 e8 a9 71 c7 ec 09 d8 bc cf 8e 64 55  ..2...q.......dU
00013430: a9 26 8c 96 9b a6 5a 3a 20 e2 de 8f 21 33 14 f0  .&....Z: ...!3..
00013440: 78 fc 2c 5e 8f 3f e0 78 1b 99 8d 5c 08 1d 4b 1d  x.,^.?.x...\..K.
00013450: 16 10 4d e4 a3 38 bf 68 70 d1 7b 06 17 2c f7 4d  ..M..8.hp.{..,.M
00013460: 0a 06 78 7a b1 cf 92 a0 39 b6 dd e6 7c 85 0e ca  ..xz....9...|...
00013470: 95 6d cf 70 3a bf 6a 4b 0c 2a 68 b3 b9 25 9a 99  .m.p:.jK.*h..%..
00013480: 2c f6 da 08 ac 60 f9 d9 15 21 b4 52 66 3f 9b 57  ,....`...!.Rf?.W
00013490: bf 7b e1 a7 b5 8b 23 ef 17 46 04 77 b4 5a dd 90  .{....#..F.w.Z..
000134a0: b6 ec b0 b5 f6 4a 78 cc 60 90 df ec 86 ad 7b cb  .....Jx.`.....{.
000134b0: 26 90 14 03 59 d9 6c 3a 61 92 eb 2a d0 ca 22 ad  &...Y.l:a..*..".
000134c0: b6 c1 eb 8c 59 a4 88 a7 7c 83 45 20 01 ae bf f3  ....Y...|.E ....
000134d0: f8 a9 96 7a 46 c6 61 df b7 ab 6f f6 e9 52 9e 5f  ...zF.a...o..R._
000134e0: 00 77 fc bd 0d 27 eb df 18 c8 e8 1b 26 61 1d 3b  .w...'......&a.;
000134f0: 29 05 85 7b cd aa 29 19 8d 49 eb ca 53 bc 4e dd  )..{..)..I..S.N.
00013500: 2f 5a b1 82 99 89 43 9c 9a 1d 3d e6 e5 3c 51 6d  /Z....C...=..<Qm
00013510: 52 10 7e ec ef 0d ef 16 87 54 00 af c5 89 72 f1  R.~......T....r.
00013520: f2 66 28 1f 3b 08 3e 39 84 87 e8 35 79 5b 1b 26  .f(.;.>9...5y[.&
00013530: 99 18 ce f9 53 1a 09 41 50 46 4d 7d e5 5d 76 d4  ....S..APFM}.]v.
00013540: 02 38 19 bc 5b b4 bc 11 0c fd f0 97 5f 5e 33 6d  .8..[......._^3m
00013550: e7 78 07 6b ea 0f 14 7b 21 80 d3 4c f0 3f 0a 73  .x.k...{!..L.?.s
00013560: 19 bd c7 b9 dc 95 fd cc b0 3a ae 37 eb 39 44 5e  .........:.7.9D^
00013570: c3 a9 64 00 ae c4 f0 05 c2 29 4b 3f be 53 2d a5  ..d......)K?.S-.
00013580: 66 de d6 8c f5 ac ae c1 ec 89 4e f5 f1 04 90 69  f.........N....i
00013590: 39 3b 70 8b 4f d0 c4 b0 2a 89 cb eb c3 ee b2 09  9;p.O...*.......
000135a0: a0 a4 db 2a 42 0d fd fb 36 ea 51 df 58 60 55 b6  ...*B...6.Q.X`U.
000135b0: bc fe 80 ea 5b 12 48 b2 58 ab 3d e3 5a 07 4f 3a  ....[.H.X.=.Z.O:
000135c0: 79 0e 1a 61 35 6b 3e 4c 46 69 03 8a 6a 91 e9 31  y..a5k>LFi..j..1
000135d0: 96 fd 1a f7 49 03 f9 7b 77 40 f6 31 97 1d 0c 7d  ....I..{w@.1...}
000135e0: 0b c5 f5 9c bd 5f d0 da f8 86 65 0e 4a 96 2f 3d  ....._....e.J./=
000135f0: 33 a9 e7 b1 da 5b 63 8b 20 e6 e7 30 8e fb 93 d8  3....[c. ..0....
00013600: b7 60 30 ba 48 82 84 d7 22 58 a6 49 7c 4b 88 da  .`0.H..."X.I|K..
00013610: 9d d7 f0 af d3 58 8d 1b 94 5a 31 ac cb 7a 3b 1f  .....X...Z1..z;.
00013620: fc c0 97 41 c5 85 cb d2 11 02 15 db 83 24 d5 ff  ...A.........$..
00013630: a2 77 3f 35 77 07 38 46 76 37 4f 1f ab f1 d0 1c  .w?5w.8Fv7O.....
00013640: c0 13 7a a2 a1 91 67 a4 12 7a 4b 45 eb 9b 71 12  ..z...g..zKE..q.
00013650: 30 77 4c 65 ca 13 c6 2f 4f f1 67 0d 27 30 57 e7  0wLe.../O.g.'0W.
00013660: 7a 8c b1 45 4e 01 36 aa c7 7a 81 dc 20 e6 85 cf  z..EN.6..z.. ...
00013670: 0e 92 b4 b3 0e b5 88 fd 9b a6 2f 17 5a 6c 66 d2  ........../.Zlf.
00013680: 97 c9 a2 fa fa d2 22 dc 9f 37 62 7a b3 e1 13 f8  ......"..7bz....
00013690: b1 7e 7a 54 0b c0 ea 1c f7 41 b2 10 37 d1 c9 b5  .~zT.....A..7...
000136a0: 2f af 82 c9 ed f7 21 9f 47 5c bb 9e 87 66 14 de  /.....!.G\...f..
000136b0: e0 b0 08 a9 30 01 18 4f b5 29 a6 bc 16 5c 08 bc  ....0..O.)...\..
000136c0: 30 b2 47 c4 33 f8 d2 d6 58 25 e1 2d e4 11 e0 3d  0.G.3...X%.-...=
000136d0: 69 9c b9 2e e3 33 f9 b1 21 20 8f 89 e5 76 0d a1  i....3..! ...v..
000136e0: ae 62 ca c3 7f 24 ab 23 cf 14 b6 f9 bd 4e 48 e0  .b...$.#.....NH.
000136f0: b1 16 72 85 47 e6 76 c5 28 7b 44 63 2c 1a e1 4b  ..r.G.v.({Dc,..K
00013700: f5 b5 db aa 40 a0 2a fc fd fd 52 85 71 c0 1d b7  ....@.*...R.q...
00013710: 43 00 d9 75 66 ec 5b de 10 4d aa d7 ab ac fb 12  C..uf.[..M......
00013720: 48 fd 8f 79 f2 39 57 31 5f 92 85 ae 76 82 eb 45  H..y.9W1_...v..E
00013730: 3d 95 ec bd a4 51 90 9d 8f b6 03 3f 64 2f 43 18  =....Q.....?d/C.
00013740: 29 20 35 58 ec 8b e0 0c 42 26 b7 3a a1 ae 5f 47  ) 5X....B&.:.._G
00013750: 0a 67 0e 1e 2c 3f 48 86 5e 1e 54 8c ef e9 c6 56  .g..,?H.^.T....V
00013760: 16 7d 01 8e 09 c2 7d ee ed 99 e9 ee a4 c0 2b 46  .}....}.......+F
00013770: 6f a0 d6 fa 48 21 69 f9 ff fd 4b 0d c9 72 f1 70  o...H!i...K..r.p
00013780: 90 f2 04 d8 9c 9e c2 2b 94 d6 e8 ff 4d 4f 49 fa  .......+....MOI.
00013790: 76 2a c3 46 6c 0d b6 e7 fe c7 fe 05 b5 7c 9b a6  v*.Fl........|..
000137a0: 75 b9 85 dc 5c 49 08 98 a6 fe 3b d7 c1 94 a3 60  u...\I....;....`
000137b0: 03 01 48 0a 0c 62 42 44 c0 2f a1 3a 95 49 97 ba  ..H..bBD./.:.I..
000137c0: 89 db 2d f3 a7 3a b4 fc 0f 58 13 d6 a6 26 1f 06  ..-..:...X...&..
000137d0: 16 85 f4 0f 4b 05 7e df ae 43 47 05 4d d5 6e 30  ....K.~..CG.M.n0
000137e0: 17 fe c0 b7 22 b7 a6 4e 54 25 fd e7 fb 71 20 e1  ...."..NT%...q .
000137f0: 0c 30 9d 44 9c 8b cb d7 ce 2c f9 dd bd 45 04 86  .0.D.....,...E..
00013800: 53 3b ab 1c 32 b2 c3 c3 5e de 06 ab bd 0f d0 a0  S;..2...^.......
00013810: ec 40 df 2f 10 bf 8a bc d4 93 f5 11 3f 56 a7 4e  .@./........?V.N
00013820: 37 a6 f7 77 b5 0b 58 1e 70 24 20 73 58 26 62 09  7..w..X.p$ sX&b.
00013830: a4 58 29 a0 b9 ee fa 72 1c 14 5e 35 f5 43 21 b4  .X)....r..^5.C!.
00013840: a1 44 74 e4 ac ca f7 6f 30 4b f1 96 a0 1b 0a 53  .Dt....o0K.....S
00013850: 63 e7 13 75 54 91 5f de 14 f0 24 3e 2a 5f da bc  c..uT._...$>*_..
00013860: d7 c7 d6 aa 04 78 97 3c c4 bc a9 39 38 bf 63 07  .....x.<...98.c.
00013870: 3e d9 72 e7 32 d6 9b fe 85 79 da aa a8 e6 fd 00  >.r.2....y......
00013880: 58 94 26 b5 d0 3b 9c c7 0c db ab 7d 16 f6 57 6c  X.&..;.....}..Wl
00013890: 62 bc 79 85 09 3a c8 73 e5 2f bd f1 57 4c 66 86  b.y..:.s./..WLf.
000138a0: 6c f0 e5 fb 8a c3 32 90 47 24 2a 76 3a 47 9d 78  l.....2.G$*v:G.x
000138b0: ae 68 7d 51 0f 32 15 d6 02 e8 2d 77 d0 51 be 3b  .h}Q.2....-w.Q.;
000138c0: 56 a7 fa 3f 22 8d f7 7a 2e 01 98 d2 1f 5e 9e 74  V..?"..z.....^.t
000138d0: ca 95 3e cc ea d2 60 e1 65 bc 43 63 a7 89 02 03  ..>...`.e.Cc....
000138e0: a1 70 bb bf e2 5d 41 d7 05 aa 25 97 1a 4c fb f6  .p...]A...%..L..
000138f0: 44 e1 e6 10 0b a3 aa e9 a9 b0 9b f8 89 7a 02 6f  D............z.o
00013900: fa 99 2a 3a 6b d0 a1 3c 72 30 01 41 d4 4c 61 6a  ..*:k..<r0.A.Laj
00013910: 4a 6f 2e 84 8c af ab 90 29 43 60 ab c4 c3 42 61  Jo......)C`...Ba
00013920: 0a 7e 14 fe b0 37 ce 65 ae 68 b3 ad 9f 0b ea dd  .~...7.e.h......
00013930: 35 6b c7 bf c4 f1 f8 56 c6 c0 66 2c 29 a6 d2 43  5k.....V..f,)..C
00013940: 16 ad 49 f7 fc ea 06 33 37 c0 f5 78 da 7c 6a ad  ..I....37..x.|j.
00013950: 94 77 56 61 76 f6 f7 50 67 63 7e 3b 4b 04 de c0  .wVav..Pgc~;K...
00013960: 13 85 d9 e0 e7 46 08 06 b3 fd 3d 59 90 84 9c f9  .....F....=Y....
00013970: db 04 dd 3b 1e f5 3e 0d 8d 1a a4 ad 8c 9b 05 22  ...;..>........"
00013980: 82 24 d0 3c f8 97 7e a5 35 69 3c be 8b 76 3e 0b  .$.<..~.5i<..v>.
00013990: ee bd 69 78 2a 47 b9 54 db b9 24 dc 70 89 9d 9e  ..ix*G.T..$.p...
000139a0: 67 55 23 ff 59 85 0e ea 48 76 f3 2a 54 6c 8c 92  gU#.Y...Hv.*Tl..
000139b0: 57 b6 13 f4 09 50 d2 ca b4 76 3c c2 d4 c6 e7 d4  W....P...v<.....
000139c0: 14 8c 17 68 4f 66 31 8e 79 27 0d 85 d7 71 6b 69  ...hOf1.y'...qki
000139d0: 2d 27 08 35 42 09 cf b5 67 72 89 d2 40 28 48 dd  -'.5B...gr..@(H.
000139e0: c2 50 72 51 bd 9b 01 92 d6 46 73 d0 4b 54 cd 78  .PrQ.....Fs.KT.x
000139f0: bb be d4 8b bd 70 b6 43 ec 66 17 97 1a eb 5b b9  .....p.C.f....[.
00013a00: f0 13 99 4d ad 9b 00 57 47 c1 9c 05 7b 81 e2 a0  ...M...WG...{...
00013a10: e3 05 51 d7 ce d9 5b fd 0f 78 d8 e1 b7 7b 42 c4  ..Q...[..x...{B.
00013a20: 91 73 99 8e 77 9f 36 44 0e cf d2 53 f3 b7 de 2b  .s..w.6D...S...+
00013a30: ef 93 90 e6 5c a5 4f 09 2c 96 37 2f 44 fa 16 fc  ....\.O.,.7/D...
00013a40: f3 3e 72 46 b6 6c 22 cf 50 96 3d 4c fd 88 a5 00  .>rF.l".P.=L....
00013a50: 1b 7e 78 56 02 f4 74 bc 8c ee 9e 0f 39 a5 2e 44  .~xV..t.....9..D
00013a60: b1 3d 8e 12 b5 dc 29 e8 99 61 3a dc c4 57 c3 9b  .=....)..a:..W..
00013a70: d8 a8 b9 6d ea cb 9e c5 67 5b 23 f0 d4 fe 6a b2  ...m....g[#...j.
00013a80: a2 c2 35 82 94 90 10 be 3c 4a 0d 45 7b f1 2a a2  ..5.....<J.E{.*.
00013a90: 17 9c 03 6f 67 57 70 bd ef a5 02 9f 28 b5 ba b5  ...ogWp.....(...
00013aa0: c1 1f f4 da f8 7d 71 67 0a d1 b9 23 8f c4 e9 11  .....}qg...#....
00013ab0: 5a dc 5c f3 ea 3c bf a4 a1 cb 8a 4f aa b3 85 fd  Z.\..<.....O....
00013ac0: b3 4f 25 fb 4e af a7 12 77 05 68 0e a8 35 7d 1f  .O%.N...w.h..5}.
00013ad0: 23 ab 58 51 43 65 4f b5 ee fc b2 0d 5b 9d 92 f2  #.XQCeO.....[...
00013ae0: d2 64 dc 40 2a 0a 26 bd 00 af 5e 1e 1b 68 53 19  .d.@*.&...^..hS.
00013af0: a3 b0 55 09 21 e0 eb f7 e6 bf f9 47 27 fd ae 94  ..U.!......G'...
00013b00: 0b b6 5c 51 f0 06 6c 59 fd 1b ef 21 f2 f3 4b 2a  ..\Q..lY...!..K*
00013b10: 2e ba 82 9a 4d 2b 6b 70 2b 24 4e fd b6 3f 86 23  ....M+kp+$N..?.#
00013b20: cd de 58 f8 7d 6d eb 1e 00 5e ea 3f db fa 9e cd  ..X.}m...^.?....
00013b30: 6b c0 a5 a9 1a ab 5d c6 01 6a fb 82 aa 44 d6 0f  k.....]..j...D..
00013b40: 1f 68 72 7f 4f 01 a1 dd cf 45 9a ef c4 1b 30 e6  .hr.O....E....0.
00013b50: 18 c2 f4 c2 50 43 ac 7e 56 0a f0 ce be be 9b 40  ....PC.~V......@
00013b60: 6b 77 4d 9c b7 32 c3 93 6e c2 60 bb 49 8e 08 15  kwM..2..n.`.I...
00013b70: 25 49 82 e9 6e ee a0 31 c9 43 80 f2 bf 11 58 0c  %I..n..1.C....X.
00013b80: d5 5b 41 09 c3 a6 04 e1 6a 4a 44 c3 f2 42 c4 d3  .[A.....jJD..B..
00013b90: 5b 24 97 3f e7 30 a8 50 e8 ca 14 59 dc 21 d7 a2  [$.?.0.P...Y.!..
00013ba0: e4 d6 ca a7 f3 b3 07 f4 56 b2 5c 52 62 68 f8 ef  ........V.\Rbh..
00013bb0: 0b bd 21 e6 c4 be 3c 5c 59 f0 eb fb 0a 4b 0c 54  ..!...<\Y....K.T
00013bc0: 7a de ec b3 69 09 cc 0f c0 4e 9b 23 ef cd 11 10  z...i....N.#....
00013bd0: 6c d7 5f 54 ee c4 fc bc 47 98 a5 78 84 05 6f 0f  l._T....G..x..o.
00013be0: cd a6 e4 45 a1 84 b2 16 d3 75 8a d3 e1 15 4e 48  ...E.....u....NH
00013bf0: 5b 69 e0 62 45 a7 8b db af 33 81 a4 dd 3c 9d 1c  [i.bE....3...<..
00013c00: da 7b f9 d8 ec 67 2a 57 4e 22 e3 d9 db 9a 28 de  .{...g*WN"....(.
00013c10: e1 16 32 19 ab 13 00 d4 7b 63 b4 52 fe 93 f9 7b  ..2.....{c.R...{
00013c20: a2 1f 86 15 c5 59 a0 fd 19 7c 07 98 cd f3 0a 18  .....Y...|......
00013c30: b5 a5 48 e6 5a 3c bc 8a 0d 75 f3 ae db 62 e0 eb  ..H.Z<...u...b..
00013c40: 22 45 84 48 25 77 01 bc fd d6 3d 38 f5 51 4b e6  "E.H%w....=8.QK.
00013c50: 31 b2 e5 23 84 a9 61 1a 10 32 85 82 c5 4c 11 8e  1..#..a..2...L..
00013c60: f3 de 59 7d 38 d5 61 58 b8 aa 8e cd ae 37 09 da  ..Y}8.aX.....7..
00013c70: 33 b3 91 44 3b 98 cf af 06 e1 82 d2 46 15 b0 f5  3..D;.......F...
00013c80: 22 ce 64 5d d4 3c 63 fe 28 b5 7a 0c af 84 67 8f  ".d].<c.(.z...g.
00013c90: 59 28 48 40 32 90 7f ba f3 66 b7 61 3c f8 28 36  Y(H@2....f.a<.(6
00013ca0: 2c d0 73 30 7c 2d 6e 94 46 25 0d 9b 38 56 6d 09  ,.s0|-n.F%..8Vm.
00013cb0: c4 8a 90 9a 05 89 79 e6 f8 82 f1 3d 67 10 12 38  ......y....=g..8
00013cc0: 82 eb 15 d2 b9 e6 e8 91 2b 78 d0 e1 f4 26 4e d5  ........+x...&N.
00013cd0: 22 a9 8b f0 2c b5 eb 50 90 90 3c 5c 73 13 3c 7d  "...,..P..<\s.<}
00013ce0: 9a 3f 99 15 0d 7c bf 22 86 ec f4 c9 82 41 a6 00  .?...|.".....A..
00013cf0: b4 b6 66 cc fd fc f8 2d 26 cb 5a b6 51 72 77 fe  ..f....-&.Z.Qrw.
00013d00: 03 c6 66 df e1 85 5c d2 e3 68 b9 78 f0 cf 25 05  ..f...\..h.x..%.
00013d10: c5 8c a3 6a ac b1 50 37 4a 91 61 59 6a 13 8f c4  ...j..P7J.aYj...
00013d20: 5b c6 41 19 b4 de 65 4b e8 74 e5 47 42 95 15 31  [.A...eK.t.GB..1
00013d30: e6 f9 73 17 f1 2f 6c 8f 79 d9 0d f6 b4 9f b8 91  ..s../l.y.......
00013d40: 49 ba 68 ba 75 97 9b c7 9a 6b 1d d5 c6 62 5f 7e  I.h.u....k...b_~
00013d50: 4b 70 2f 3a 1a 2d ae c9 c5 f0 bb f8 a8 af a7 b7  Kp/:.-..........
00013d60: e4 d2 a0 e5 03 d2 d1 ac 72 fd 90 de 1a ef 7a 4b  ........r.....zK
00013d70: 09 d1 ca ba fb 4c 5e 15 55 38 85 da e1 f5 55 a6  .....L^.U8....U.
00013d80: 8a 16 88 15 af 82 8f d3 26 68 43 71 cb 82 3f 33  ........&hCq..?3
00013d90: 4f 8a 53 7e d5 c7 26 8e 31 9b 5b eb 49 74 05 e9  O.S~..&.1.[.It..
00013da0: 41 9d 72 5a f5 9e a9 14 a1 8e 6d c5 6d 3d dc a7  A.rZ......m.m=..
00013db0: 45 0c 86 ef df 72 7e df ae a7 94 73 e6 8c c2 bb  E....r~....s....
00013dc0: 2e f1 e3 31 fd bd 17 6d 3c 61 1b 2a c2 36 8d 39  ...1...m<a.*.6.9
00013dd0: da 8d ea be e0 6d 4d 75 1f 59 78 9c 3e d0 38 cd  .....mMu.Yx.>.8.
00013de0: b9 b3 47 39 88 77 37 97 8d 8b 71 27 d6 9d cd 28  ..G9.w7...q'...(
00013df0: 0a cd ae 62 eb 55 5d b6 4e ce 7e 6a ed fb 81 87  ...b.U].N.~j....
00013e00: 25 2f 82 c4 c6 18 fa 18 ee 54 d2 03 90 28 d7 59  %/.......T...(.Y
00013e10: c0 eb 15 a3 9a 98 e1 30 89 2b 9c 45 4b 46 54 f6  .......0.+.EKFT.
00013e20: 24 8a d2 c1 59 45 76 e6 6b 2d c3 51 6b 34 fd 23  $...YEv.k-.Qk4.#
00013e30: 41 33 eb b3 6d c6 2d d9 2f ac e9 bc c4 2f bf 82  A3..m.-./..../..
00013e40: b2 0d 15 25 a6 e6 c9 e2 1a ef 31 67 4f 6e 7c 76  ...%......1gOn|v
00013e50: f5 66 01 c1 85 6b 98 b0 a2 83 a2 12 ea 1a a4 87  .f...k..........
00013e60: 2e fe 28 c6 74 a5 7c f0 79 46 70 0a 15 05 a3 66  ..(.t.|.yFp....f
00013e70: b9 a4 17 e8 9d ef a4 c0 f8 ce 39 9a 41 df fd 30  ..........9.A..0
00013e80: fb a7 3e e8 0b 92 87 2d cd 1a 5a 6a 0d b2 aa 29  ..>....-..Zj...)
00013e90: 41 7f 3d 07 d5 c3 b7 a8 92 ba f5 d9 37 3c 99 62  A.=.........7<.b
00013ea0: 1f a2 07 29 33 2a a1 6d f6 ae 90 04 a6 ed 68 26  ...)3*.m......h&
00013eb0: 3e 72 ba f3 b9 d8 53 99 11 0c 44 3a 07 ce d1 eb  >r....S...D:....
00013ec0: 7a 73 51 c5 3b 0b ea ea e8 37 df a2 72 be bc 2d  zsQ.;....7..r..-
00013ed0: 8d 10 ed 94 52 cd 82 71 6e 6d 84 7f 1d d0 05 26  ....R..qnm.....&
00013ee0: bc 1d cd dc 5b 50 13 f1 b4 96 10 04 23 d4 68 cc  ....[P......#.h.
00013ef0: a5 79 a2 b8 ed d8 4d 09 00 c7 3c c6 ef be 55 2f  .y....M...<...U/
00013f00: e7 81 f5 3e 19 68 df 52 87 01 29 5a 7f 44 5f 60  ...>.h.R..)Z.D_`
00013f10: b8 2a b2 fb ef e7 98 9e df 82 4e 3c 28 0c 80 3e  .*........N<(..>
00013f20: 4b 3b 78 a2 fd 76 6c 53 e8 6d 91 40 95 03 a9 dc  K;x..vlS.m.@....
00013f30: 80 29 07 d1 c4 47 21 33 56 9e 02 98 66 07 75 cd  .)...G!3V...f.u.
00013f40: 0b 10 20 a9 05 95 a4 6c 28 4c c0 c1 cf 29 57 0b  .. ....l(L...)W.
00013f50: 04 1b c7 c2 26 2f 49 7c 3f 32 00 75 ae 77 38 d3  ....&/I|?2.u.w8.
00013f60: 3d e7 57 77 50 16 b1 92 77 ba 2e 87 3f 33 36 d1  =.WwP...w...?36.
00013f70: 08 85 52 cd fc 94 f0 7d a4 19 c8 47 1d fa c4 57  ..R....}...G...W
00013f80: 6a 96 64 0e dc f5 61 67 0d 39 ad 1a 86 65 11 2c  j.d...ag.9...e.,
00013f90: 33 00 f8 ca eb a2 30 8c bf 3b 33 72 5a 04 58 d1  3.....0..;3rZ.X.
00013fa0: f0 22 91 44 f2 57 a0 47 2b a6 78 53 c4 f7 72 c6  .".D.W.G+.xS..r.
00013fb0: 33 5c 8b 45 53 53 04 f2 af 96 e3 36 0c 1f 6f ea  3\.ESS.....6..o.
00013fc0: 12 23 21 26 6b 66 35 76 93 84 50 fb 08 7f f2 f4  .#!&kf5v..P.....
00013fd0: ae aa ec 37 fb 73 87 ad 07 35 da 1e 09 8e be 08  ...7.s...5......
00013fe0: 0d b9 e6 fc 98 28 91 d1 62 99 74 c3 41 a6 67 59  .....(..b.t.A.gY
00013ff0: ce 1b f2 61 72 77 b3 c5 3f 6a 2d eb 18 84 ec 8a  ...arw..?j-.....
00014000: 06 5c 44 26 28 a2 f1 25 5a 10 bf 76 ca b7 0d 42  .\D&(..%Z..v...B
00014010: 91 4e ee d8 8a 77 fd cc de 01 54 c4 e8 c5 98 03  .N...w....T.....
00014020: 1d 21 51 46 b2 81 9e d8 40 45 56 9c e4 9d bb 84  .!QF....@EV.....
00014030: 0c 90 7f 35 b5 e1 db 8b ec 27 88 42 b3 75 35 0a  ...5.....'.B.u5.
00014040: e4 47 eb 90 63 f5 48 7c fc 64 2c 93 c7 bc b4 d7  .G..c.H|.d,.....
00014050: d6 8b a9 e8 4b 8b 1a 10 e1 9c 91 6f 79 e7 67 e6  ....K......oy.g.
00014060: 70 41 90 ef 03 ec d9 c4 51 c4 49 d8 59 83 19 67  pA......Q.I.Y..g
00014070: ad d8 2a cf 76 b7 c3 c1 54 95 40 7d d6 e6 9c e4  ..*.v...T.@}....
00014080: d1 9f 5b f0 60 1f 02 93 97 ea d8 f0 43 91 13 21  ..[.`.......C..!
00014090: 02 10 43 61 03 4b 6b 4e 88 b8 4f 80 3e 8a 3d e5  ..Ca.KkN..O.>.=.
000140a0: 22 0d 03 2e 47 c7 e4 e2 9b e0 36 11 28 7f 47 a8  "...G.....6.(.G.
000140b0: 49 95 43 13 d5 5c 73 b6 27 3a c3 b9 fd b5 21 4d  I.C..\s.':....!M
000140c0: 4f 77 c5 ed 5e 56 ec 0c c7 9d a8 0d 7c 36 11 18  Ow..^V......|6..
000140d0: b7 9b ca 24 e9 31 5e bb e4 aa 6c 05 5e 34 00 06  ...$.1^...l.^4..
000140e0: 6a 83 05 6d 39 b6 fb 41 9d b8 28 54 65 ca 2e a7  j..m9..A..(Te...
000140f0: c2 aa 87 5b 59 5c 66 3f c8 52 c8 25 d6 ff 7f af  ...[Y\f?.R.%....
00014100: c5 fe 66 ad fb 1e de 27 1c b2 21 8e 43 eb 05 b1  ..f....'..!.C...
00014110: d2 ea bb 6b af 70 9e da a3 29 be fd 64 e8 c1 5d  ...k.p...)..d..]
00014120: 19 31 8f c1 d4 6f 82 63 aa ab 61 ea 15 51 1d 81  .1...o.c..a..Q..
00014130: 51 03 e8 57 ad 52 74 dd 97 51 9e a2 ae 50 88 0b  Q..W.Rt..Q...P..
00014140: 3d ac ce 81 d8 11 97 e6 d1 40 91 76 57 e7 71 37  =........@.vW.q7
00014150: a2 3a 52 f0 d4 81 e6 8c e8 12 95 2c bd 16 ed 0a  .:R........,....
00014160: da f5 93 ad 7e 99 ff 89 86 c9 d5 83 d6 9b 41 cd  ....~.........A.
00014170: 2e 39 bf 6e 70 24 a8 af 2a 28 b7 a2 7d 83 c9 5e  .9.np$..*(..}..^
00014180: 14 1f 6b 44 5f f2 6f 48 8a 89 6d 9a 60 e9 7a 27  ..kD_.oH..m.`.z'
00014190: 73 30 5b 79 20 c8 43 92 5b b6 d4 19 51 da 8b 19  s0[y .C.[...Q...
000141a0: 69 3e 4b 90 65 be 10 d8 9d 34 7f 3d 40 fd f5 1a  i>K.e....4.=@...
000141b0: 06 8b b7 4d 70 55 f1 46 a1 81 15 4e 7f a1 07 f3  ...MpU.F...N....
000141c0: 29 8b d1 1d cd 59 25 f8 61 34 8a 0f b9 de bd e7  )....Y%.a4......
000141d0: 1a f8 02 c5 54 c5 f3 cd a2 a6 11 c0 db e9 cb 79  ....T..........y
000141e0: 4d 1b ff 0e b4 f1 23 8a 82 18 03 e6 7b 3f de df  M.....#.....{?..
000141f0: 3e 0a 4f 3b a5 13 46 d7 d8 4e 46 f7 aa 72 22 98  >.O;..F..NF..r".
00014200: a6 d2 d2 48 57 e4 9b c5 2d c4 55 21 14 c1 e5 23  ...HW...-.U!...#
00014210: 5f f8 08 c2 6e d3 d6 7c 67 08 84 7e ab c1 f1 29  _...n..|g..~...)
00014220: 1b 0c 83 45 ae 2f 14 04 0f 6a 68 6b d9 86 c0 ee  ...E./...jhk....
00014230: e7 5c cb db 80 19 c3 50 9b 28 7e d3 ee bb 3e e7  .\.....P.(~...>.
00014240: 90 34 40 3b b7 00 70 42 1e c0 7f 30 b3 0b e0 45  .4@;..pB...0...E
00014250: ba 1b b9 b4 1c ac 42 21 76 36 27 89 3e a2 7e a3  ......B!v6'.>.~.
00014260: b5 a4 e4 3f 59 e1 4f 98 7c 33 37 b2 48 9e 11 e2  ...?Y.O.|37.H...
00014270: af 6c 4b 4d 3b 5c 48 1e 2b ed 94 4c 8d 39 d1 bd  .lKM;\H.+..L.9..
00014280: be 7a d7 0b 43 63 8d a9 8f 45 2f b1 e9 a8 04 b0  .z..Cc...E/.....
00014290: 0c ac 23 73 be a3 19 f3 38 ba 63 17 26 4e 6e ef  ..#s....8.c.&Nn.
000142a0: 00 ba 9d 20 21 e5 0f 1f e4 4b a9 23 5c 0e f8 23  ... !....K.#\..#
000142b0: 98 e8 22 5a ae fc ea 33 c1 05 f8 6f 29 ec 92 2f  .."Z...3...o)../
000142c0: 4b 07 c1 35 a2 88 04 da dc 37 ba 41 1f 92 d8 e4  K..5.....7.A....
000142d0: 84 e4 19 a7 1d 08 1e 53 42 fd 29 2a c7 41 71 64  .......SB.)*.Aqd
000142e0: 24 e0 c6 62 c6 6e 64 15 44 17 6a cd ce 78 6f 7f  $..b.nd.D.j..xo.
000142f0: 4b e2 1b c9 33 69 f1 ca 2e 3b ca 97 fb a7 57 24  K...3i...;....W$
00014300: 8e 14 9c f7 e7 a6 7d 07 13 16 7b 80 91 6e ca bc  ......}...{..n..
00014310: c1 44 a0 28 dd 51 6c d1 42 81 c8 bf 6f a8 a4 bd  .D.(.Ql.B...o...
