offset,value
0,1459903566
4,2727259016
8,1047262425
12,1615817796
16,937595546
20,1295562623
24,1478001615
28,3537121808
32,1136825802
36,1145131199
40,3678536860
44,998334998
48,3623982305
52,3682239559
56,2810113561
60,356809016
64,1024081177
68,3667229037
72,3324366320
76,1734218960
80,4082433988
84,4283432752
88,1109187200
92,2811246533
96,2620743349
100,1695136576
104,3165779664
108,2753030806
112,4041809642
116,2748964836
120,3318250661
124,1988189844
128,618794750
132,4164433602
136,3007592020
140,655376145
144,2203144674
148,1742917037
152,589443542
156,3444133378
160,4237676803
164,3176941706
168,2630216848
172,4070951628
176,482946661
180,1634229787
184,206059575
188,2718039653
192,1614082161
196,857848659
200,4036991866
204,3781923731
208,180120729
212,1794746321
216,3771220498
220,1226999587
224,917140369
228,4098182552
232,486759623
236,3896351890
240,529603656
244,2404485581
248,1918445217
252,553044315
256,2456205881
260,799347139
264,1090257018
268,2083169903
272,1017063075
276,379339334
280,3161882952
284,1782964953
288,2157336476
292,4250476626
296,2844816597
300,2131159860
304,3489450013
308,669365965
312,1330372424
316,373030489
320,2918900317
324,2419866855
328,1987770023
332,3399885305
336,1813853121
340,4184956575
344,1411308258
348,35121781
352,3538591626
356,1975124466
360,2375773814
364,2241471020
368,1896613369
372,2636088852
376,968042727
380,2272861758
384,3163934086
388,1670616328
392,3480610005
396,2692322448
400,3980088454
404,1228780734
408,2892745076
412,1939793308
416,798465310
420,1394499774
424,3803121861
428,646190731
432,636283338
436,2426112629
440,1721328053
444,789043279
448,2646656193
452,2116206946
456,737169519
460,3957004205
464,2259346430
468,336981593
472,1034640998
476,3627233947
480,3899544949
484,3352116964
488,3092659198
492,654167774
496,49210122
500,3636262606
504,3995713238
508,859819239
512,2615911044
516,3735874312
520,198269662
524,3865665143
528,2769013198
532,2141469800
536,3650883311
540,1455905501
544,1469027454
548,2154257545
552,1893076461
556,2597867388
560,3784379861
564,2618411000
568,1028583798
572,1080469294
576,759714082
580,2417002052
584,2264740324
588,821314643
592,981671980
596,3180562831
600,780826775
604,1917898972
608,3021336995
612,2618065469
616,550403178
620,2729257299
624,1567795017
628,2442411882
632,3500407381
636,666057012
640,780849390
644,1813509012
648,1823340018
652,2108219498
656,2834167771
660,3100271050
664,5862505
668,3797004331
672,1008410603
676,1122515158
680,203842527
684,2834497089
688,2069820932
692,1361708585
696,877263931
700,153322150
704,2471903468
708,1525762877
712,2564996435
716,26999827
720,361495386
724,25350453
728,402740560
732,1257677442
736,387062111
740,3317828237
744,939222522
748,2615884613
752,1383846242
756,978368000
760,1934726168
764,3008065242
768,2051143148
772,1642193586
776,164057397
780,460160225
784,2554976374
788,4097729587
792,3836230477
796,1493270538
800,3220877553
804,2971842703
808,4268434889
812,1736098785
816,3219743175
820,3455876509
824,3508028076
828,3272070655
832,4278933887
836,767119005
840,3583716071
844,2339054532
848,890006428
852,3750178035
856,3637399503
860,274436348
864,3631451887
868,2639321029
872,1532682635
876,2214548457
880,1857743452
884,3378770567
888,3360456763
892,2052955898
896,3751985467
900,3691410708
904,2220434863
908,2079357336
912,1924090225
916,3166038454
920,125683789
924,3582921479
928,4170805061
932,1874233719
936,1971833167
940,2959300169
944,2438388352
948,2427859317
952,4047506227
956,3988637117
960,1192677854
964,3066303120
968,4123430783
972,90328487
976,4277221944
980,831787874
984,500928937
988,2294475790
992,575058131
996,3369740776
1000,3347126071
1004,2487518130
1008,2640671087
1012,591118227
1016,2281141299
1020,228370595
1024,1168540091
1028,548322010
1032,1269748051
1036,2293276867
1040,2394110689
1044,3430783318
1048,3200873875
1052,4290427944
1056,3097777682
1060,131078778
1064,629378673
1068,1196407094
1072,3843833589
1076,3695740648
1080,3550647413
1084,3790168098
1088,3198279800
1092,1041795988
1096,1621099175
1100,3724413367
1104,1596716082
1108,3698934685
1112,2757436746
1116,3342754685
1120,2644558584
1124,230930334
1128,2080171122
1132,728133258
1136,289788096
1140,170355580
1144,1144033011
1148,470930175
1152,560817713
1156,3032813588
1160,779372557
1164,2875387118
1168,2306450528
1172,2447627026
1176,3648505961
1180,2763795848
1184,821733848
1188,950881080
1192,2970147840
1196,518961368
1200,1842687665
1204,2075806562
1208,3531111383
1212,2400055993
1216,588654223
1220,1043398865
1224,3297167883
1228,1861376537
1232,2316840928
1236,541976792
1240,939276301
1244,155111259
1248,2243912795
1252,1891964610
1256,2100911523
1260,2342721937
1264,1136568919
1268,594390099
1272,3982598815
1276,675150509
1280,613484849
1284,2951338636
1288,1901018273
1292,3486152868
1296,2016576269
1300,1635931196
1304,2753478502
1308,2582668648
1312,1822022932
1316,522777920
1320,137138914
1324,1365501268
1328,2726486627
1332,2177813497
1336,3496135511
1340,2459062426
1344,254231837
1348,3883811620
1352,568355091
1356,2657967252
1360,2783664786
1364,2074785027
1368,746616173
1372,452424395
1376,564785267
1380,2268709896
1384,4063426059
1388,3376397130
1392,2218249859
1396,4150453178
1400,3694546631
1404,2010807890
1408,2953957980
1412,2781684667
1416,3792618791
1420,29647151
1424,324481886
1428,488085766
1432,1085629343
1436,1329340112
1440,2871805703
1444,2847113955
1448,3014164072
1452,3304529218
1456,3239232980
1460,2603980488
1464,3182623234
1468,4177854941
1472,1867789159
1476,1112080345
1480,478769881
1484,385160819
1488,3540133828
1492,2472697251
1496,126404388
1500,4151421048
1504,1289373430
1508,687831081
1512,3905260213
1516,3816466132
1520,4215673016
1524,1661571226
1528,1285645399
1532,1464143844
1536,2312088288
1540,3403502039
1544,3759576338
1548,3680223254
1552,2183682027
1556,2904026130
1560,3771479010
1564,1624990448
1568,406164007
1572,192093933
1576,3524081971
1580,171461854
1584,498226497
1588,1220078347
1592,818227014
1596,2171448310
1600,465986440
1604,3411691423
1608,1723904793
1612,547939336
1616,3900880875
1620,2950900781
1624,3861645022
1628,3561842225
1632,4255672645
1636,3376093268
1640,3019648857
1644,3339141227
1648,1742254511
1652,141636681
1656,811289157
1660,644161800
1664,2460471228
1668,2486466501
1672,2522906061
1676,2728746965
1680,2014638263
1684,3045801215
1688,3033323323
1692,1063426759
1696,752668248
1700,2797505245
1704,1370920597
1708,427426867
1712,3475136924
1716,1204733046
1720,318150054
1724,3104744159
1728,4079459107
1732,110195359
1736,3304940694
1740,3847656728
1744,4110837631
1748,1107947025
1752,1158056800
1756,1622224265
1760,3585745558
1764,1253257003
1768,2864515718
1772,3788897721
1776,3509010457
1780,3359448567
1784,384884803
1788,1150064318
1792,3141966327
1796,2379733485
1800,4071907795
1804,2598918489
1808,3566461215
1812,2053865202
1816,1847552981
1820,3390284099
1824,442244821
1828,976585871
1832,3377130328
1836,3014040608
1840,2342082192
1844,617537693
1848,1851522530
1852,3135613144
1856,610942388
1860,1464361356
1864,2143462145
1868,1756703744
1872,1697532783
1876,2599833935
1880,3883051498
1884,133708209
1888,3465486303
1892,2554918898
1896,2752334661
1900,2249364660
1904,2791797499
1908,3434640521
1912,2546714910
1916,3399842963
1920,61227360
1924,2206417556
1928,4038819597
1932,737033554
1936,3056927076
1940,2487222485
1944,1035818555
1948,2091161913
1952,4260531693
1956,574015814
1960,669392737
1964,3109232110
1968,55183692
1972,2943329487
1976,3137881742
1980,1380038094
1984,298837541
1988,363392290
1992,1386281666
1996,912538442
2000,2304855701
2004,1132750863
2008,2801094952
2012,4041322170
2016,2455843120
2020,979602012
2024,3435857514
2028,1155041100
2032,1832984875
2036,1106448409
2040,4146573876
2044,3666994382
2048,582342172
2052,2313214662
2056,945583399
2060,1122037295
2064,739157969
2068,1749582401
2072,2228860564
2076,1884688
2080,1373467564
2084,3212407092
2088,1944310060
2092,2124166383
2096,3460497346
2100,1562964912
2104,3602703710
2108,2484776442
2112,3909817185
2116,2810763275
2120,3444695746
2124,1678741010
2128,1521699920
2132,2521417554
2136,3731959641
2140,889719217
2144,2320240188
2148,40737363
2152,2047327439
2156,2248427422
2160,2995275926
2164,1311050104
2168,2174581149
2172,3987211361
2176,3716943425
2180,2110222080
2184,2204762428
2188,441423863
2192,1206446530
2196,585421658
2200,1404884373
2204,3803930490
2208,828894435
2212,3108078951
2216,3072492717
2220,3442644326
2224,242487631
2228,544592726
2232,1037763259
2236,3539774339
2240,621587622
2244,2981638040
2248,2768149738
2252,1850032900
2256,1788562640
2260,554825525
2264,378208210
2268,2016699071
2272,3093001970
2276,3490861300
2280,144651405
2284,1008355255
2288,3028638761
2292,1252902428
2296,2839322665
2300,307570605
2304,2910293567
2308,870363008
2312,1542802742
2316,3550445969
2320,1959220247
2324,3674756759
2328,1105005138
2332,2354012207
2336,2021648012
2340,434869136
2344,3173175272
2348,1711890528
2352,36438539
2356,1070681817
2360,8906794
2364,2236777126
2368,272000647
2372,3154418160
2376,3776856797
2380,284842624
2384,1460586556
2388,1311004081
2392,3666399699
2396,3576193045
2400,1081568075
2404,4083729633
2408,2495644472
2412,1955599583
2416,2960360418
2420,3843092476
2424,753306872
2428,825353199
2432,3993592095
2436,3658852662
2440,2119041836
2444,2905458092
2448,204568262
2452,3414060231
2456,3775354579
2460,1884405794
2464,501031306
2468,2319241218
2472,1553160212
2476,647817936
2480,3955990671
2484,2430182962
2488,3829694502
2492,688900872
2496,3543526606
2500,2772076502
2504,383049296
2508,1485857786
2512,1301938861
2516,1213915636
2520,3522660549
2524,2887573611
2528,3442313733
2532,3757678809
2536,2634294913
2540,699276854
2544,680718004
2548,1405089446
2552,4113679934
2556,2858280985
2560,2435982636
2564,3282870891
2568,3152426873
2572,827889894
2576,236644770
2580,834378894
2584,2528018389
2588,1228226479
2592,1490247148
2596,3725733833
2600,3431532145
2604,1473984947
2608,4189576892
2612,3237088726
2616,1373311606
2620,4009976571
2624,4165293907
2628,3258678416
2632,2036817689
2636,2722347945
2640,2353980003
2644,1647977773
2648,1754996152
2652,1420874717
2656,2811006782
2660,3720577487
2664,287635098
2668,918114377
2672,1233090545
2676,1318838909
2680,1454413092
2684,33122695
2688,3911494195
2692,2164851422
2696,4258779975
2700,53049575
2704,1563234494
2708,3893483035
2712,14311874
2716,1949130223
2720,880736784
2724,279974300
2728,1459039414
2732,2391625105
2736,2552968589
2740,3822881172
2744,2166991264
2748,745659073
2752,2319645223
2756,3189767057
2760,4086996213
2764,3054011720
2768,2339487274
2772,2166807081
2776,3536770459
2780,3769946614
2784,3478183817
2788,1369258743
2792,593031345
2796,3848486842
2800,1558824771
2804,1375601294
2808,4170934043
2812,621951262
2816,1189525970
2820,1979944428
2824,3641594232
2828,3262096852
2832,2462087798
2836,3506743972
2840,1267888952
2844,933710568
2848,2917877998
2852,475814342
2856,3669649304
2860,4086955484
2864,2221791219
2868,2619289220
2872,252357864
2876,2329346175
2880,4027039245
2884,2876852839
2888,3009126761
2892,3732412596
2896,2478698143
2900,2035912598
2904,915282765
2908,2166340802
2912,3491280612
2916,173989740
2920,1901375661
2924,633225060
2928,391565435
2932,2275515968
2936,764922923
2940,3429210889
2944,1220128433
2948,3340798134
2952,601463616
2956,2826782918
2960,4170018460
2964,619818855
2968,4066851534
2972,2374298122
2976,3469009242
2980,454523796
2984,4137565072
2988,410789645
2992,713384018
2996,2393122785
3000,162611903
3004,1632932224
3008,4060899399
3012,78752132
3016,1337423039
3020,3060985642
3024,851992039
3028,1545028880
3032,3756651255
3036,1183642672
3040,3716801809
3044,730795328
3048,353799166
3052,744300973
3056,2035032696
3060,332060775
3064,671596473
3068,1432918301
3072,3501779445
3076,1483901296
3080,3360662796
3084,3636166571
3088,3970639405
3092,4230616622
3096,689789671
3100,4043883592
3104,1749994244
3108,1264838437
3112,594308011
3116,2314625230
3120,3309891208
3124,1775947571
3128,3883332734
3132,267068402
3136,2600137694
3140,3117788915
3144,3248575761
3148,1135068694
3152,2560239183
3156,3308976123
3160,1523127794
3164,3692840418
3168,4219398126
3172,399349881
3176,504459103
3180,2378789734
3184,1047037893
3188,422440265
3192,3423836583
3196,4207686116
3200,2951392515
3204,3049192540
3208,214916259
3212,2022436442
3216,2970462012
3220,1622609704
3224,4245486658
3228,1106785555
3232,3445749427
3236,547086018
3240,1523862524
3244,1611198710
3248,3635833570
3252,1101763924
3256,613263570
3260,3549046440
3264,2494747075
3268,1175659252
3272,2982900998
3276,1207072684
3280,2872024059
3284,2820847838
3288,1410387444
3292,3120829007
3296,1677814997
3300,3034791214
3304,1335383475
3308,577549402
3312,1773085850
3316,1477498401
3320,835580953
3324,2120117901
3328,634092324
3332,2311475622
3336,391949793
3340,3519927592
3344,4181730990
3348,922963728
3352,3460612639
3356,1459603392
3360,1075975123
3364,2015980415
3368,752122036
3372,836436938
3376,2985750073
3380,1831152716
3384,1369333620
3388,3299816487
3392,3002850250
3396,2670098706
3400,3770813763
3404,4183406297
3408,350080480
3412,1175987216
3416,2719971636
3420,2227981947
3424,744600725
3428,1543921027
3432,3699415454
3436,4165209262
3440,3929044941
3444,819281864
3448,458188286
3452,1633458479
3456,32961304
3460,659936355
3464,868087202
3468,1481381769
3472,3326332521
3476,2105725231
3480,1462264558
3484,3235438766
3488,2668796220
3492,696287312
3496,1247248666
3500,907356082
3504,3758331455
3508,2866557098
3512,1559258747
3516,1671249185
3520,3883228978
3524,3373110791
3528,2162671022
3532,2872654300
3536,3451189985
3540,3282119610
3544,3577892466
3548,3121702184
3552,2136800308
3556,277698077
3560,3013193816
3564,2717568456
3568,32310726
3572,4006968796
3576,2475812423
3580,2703750140
3584,1263020774
3588,2953700304
3592,790678205
3596,2208794498
3600,1026980157
3604,2942558277
3608,3886317753
3612,2283530794
3616,1334898582
3620,4060077960
3624,3635047716
3628,4123506908
3632,775791703
3636,978486815
3640,8938243
3644,2647169501
3648,1456253359
3652,1681058383
3656,1615731638
3660,4075200632
3664,340719255
3668,2823690557
3672,23652142
3676,598243257
3680,1089157850
3684,1455986822
3688,1948004405
3692,4215159715
3696,3371893284
3700,1351397185
3704,2043705236
3708,2853392179
3712,2385520501
3716,1889133126
3720,1660637280
3724,1745706616
3728,4123872157
3732,3128913244
3736,3042972290
3740,2243690525
3744,689481053
3748,1942683082
3752,3203341283
3756,1337112349
3760,3524051236
3764,3156496910
3768,3613467913
3772,1817202139
3776,3850927893
3780,2867169906
3784,3507844771
3788,991259779
3792,2321663647
3796,1694832268
3800,441738187
3804,3701024981
3808,523406153
3812,1362367467
3816,2496291554
3820,1504240482
3824,647536310
3828,1208166135
3832,1593260744
3836,2043204140
3840,4247417098
3844,587785058
3848,311960235
3852,2098515909
3856,1300452458
3860,1422533363
3864,4213542903
3868,3339142669
3872,3522527144
3876,362046082
3880,2168624641
3884,2564549550
3888,816848501
3892,1476918322
3896,3745306568
3900,211535264
3904,4024572101
3908,3609514571
3912,2490375253
3916,186624473
3920,3795606124
3924,2829880442
3928,2511265016
3932,3714550220
3936,2579885977
3940,162181370
3944,1374224330
3948,2056119405
3952,2834535125
3956,2229008527
3960,2118997996
3964,320907423
3968,3670006601
3972,1618495283
3976,3149563551
3980,2342664152
3984,2161731233
3988,414994343
3992,155609499
3996,327459321
4000,1232649694
4004,235496214
4008,2007762120
4012,1400761020
4016,941738572
4020,2885105797
4024,2126974264
4028,2313513860
4032,417141018
4036,790885797
4040,2653305043
4044,863340526
4048,3699993968
4052,3715310474
4056,3207800859
4060,3084242690
4064,2237200284
4068,1076429906
4072,3824014298
4076,1581248140
4080,2919222969
4084,2833753080
4088,3129441176
4092,4183866689
4096,3084472720
4100,598820405
4104,3585430194
4108,2641830771
4112,2344071414
4116,3012072073
4120,3326689388
4124,680355325
4128,2580508027
4132,3102547006
4136,994422824
4140,4263566991
4144,2372021153
4148,3618158708
4152,3765187693
4156,1177992910
4160,2386993344
4164,27947967
4168,3981770643
4172,2594452768
4176,811461934
4180,3942321587
4184,268824168
4188,3292003812
4192,3210794464
4196,51106016
4200,3382641034
4204,2364207061
4208,2865145949
4212,1005587123
4216,2741273088
4220,537537962
4224,1376551298
4228,2459111358
4232,2713287788
4236,3361191014
4240,1729162233
4244,922986296
4248,2736805798
4252,1782780267
4256,4209666162
4260,3511470434
4264,1944578847
4268,3176353267
4272,3708068728
4276,2705002592
4280,942290285
4284,2881593659
4288,888339882
4292,4110937326
4296,292208865
4300,4060410579
4304,3175561740
4308,3099081546
4312,1658252508
4316,976998885
4320,3819118106
4324,2201022157
4328,422575025
4332,3142574282
4336,3019304133
4340,572830255
4344,1399352044
4348,1118893484
4352,3268873511
4356,2516755982
4360,419159852
4364,1403908847
4368,3802063112
4372,2161537589
4376,464045899
4380,907454673
4384,2554160694
4388,464070813
4392,129411017
4396,2292612160
4400,983667549
4404,2221742689
4408,337168839
4412,4218982792
4416,3852425198
4420,4007110669
4424,597408731
4428,3987815692
4432,1785095680
4436,3879583968
4440,2293275874
4444,3674599772
4448,3358376229
4452,3402533520
4456,510692149
4460,2681004144
4464,3020680269
4468,696859837
4472,2531522628
4476,1040804032
4480,1561407530
4484,2485527409
4488,2445234172
4492,1873515651
4496,4266500418
4500,3183681301
4504,2952327385
4508,1914151964
4512,1284826434
4516,3955161021
4520,3375504248
4524,1643605851
4528,4134078646
4532,3997069997
4536,1145162535
4540,1159350067
4544,192591939
4548,4013145071
4552,2037991322
4556,3426155226
4560,498601855
4564,3121014082
4568,3864394737
4572,3975291772
4576,3626232245
4580,865820465
4584,638043700
4588,161856007
4592,2168327132
4596,2934753138
4600,1907148368
4604,2805019051
4608,4098200399
4612,3647344057
4616,84429114
4620,3092107615
4624,3699110469
4628,3031017935
4632,829766698
4636,47301711
4640,3352795097
4644,4187163683
4648,4274913295
4652,3936878336
4656,4007186914
4660,3811494536
4664,2489900637
4668,1271118380
4672,3081037215
4676,2785252398
4680,1970402171
4684,443176915
4688,2016211935
4692,570895286
4696,322636595
4700,1449443163
4704,1430615571
4708,987051579
4712,2787878309
4716,4027361517
4720,1706609753
4724,1233082208
4728,2585887060
4732,356632368
4736,2411912384
4740,3542995715
4744,3690297036
4748,4098110781
4752,1203910375
4756,691659122
4760,3895144796
4764,3881596620
4768,3706237446
4772,1486527249
4776,2800517393
4780,2068437792
4784,208781321
4788,1871817398
4792,2550091288
4796,635793829
4800,3778238848
4804,124835145
4808,186829372
4812,4006637785
4816,663654924
4820,1522938246
4824,1986689013
4828,3685108039
4832,1141421295
4836,964932884
4840,3746623445
4844,2733337884
4848,3318326145
4852,65881685
4856,259324542
4860,2722809594
4864,388563647
4868,3889934005
4872,124309123
4876,4236053331
4880,2777323937
4884,3398462942
4888,2029259141
4892,4048248300
4896,615106121
4900,4088891496
4904,3338057272
4908,2560179392
4912,2565110102
4916,817660349
4920,1710284688
4924,1963380330
4928,2648667663
4932,3211287079
4936,1741384034
4940,583060821
4944,237305318
4948,1687782801
4952,1281398608
4956,2277407587
4960,3948718222
4964,364664911
4968,1419095289
4972,48715110
4976,3945381357
4980,91440235
4984,3412093160
4988,1890352294
4992,2298976412
4996,642886275
5000,4055911868
5004,1257683625
5008,1739965062
5012,1104098053
5016,3830961570
5020,3405546216
5024,3965678867
5028,2347332660
5032,3830593243
5036,3048699039
5040,1819661952
5044,407841402
5048,3780202620
5052,1057262855
5056,1422047943
5060,105375880
5064,936800580
5068,1410758905
5072,2773813557
5076,4174384368
5080,1950748560
5084,1907444346
5088,898216685
5092,2392733746
5096,3965553388
5100,2838859352
5104,721720587
5108,2176771805
5112,3051018746
5116,3282398782
5120,210577134
5124,3864385118
5128,2388801898
5132,1935389172
5136,4027454133
5140,2683258033
5144,55701919
5148,2634765099
5152,391750528
5156,41259927
5160,165371293
5164,615242341
5168,1407559410
5172,406751197
5176,2349054941
5180,1884549233
5184,3476840395
5188,1534500443
5192,3451976121
5196,1292557960
5200,3659177961
5204,3159218579
5208,2183526575
5212,489110380
5216,3344542361
5220,170141794
5224,2246695472
5228,3176526464
5232,3182461574
5236,2887367565
5240,2620181827
5244,2018078355
5248,3556404267
5252,1161323732
5256,537092525
5260,1885108117
5264,3813672826
5268,2115789105
5272,4030378964
5276,2508295200
5280,1112503420
5284,982641991
5288,1674195525
5292,2382311254
5296,460990582
5300,825487359
5304,1892620560
5308,601425065
5312,3549593042
5316,451985485
5320,38595645
5324,1257787698
5328,3022521433
5332,254631157
5336,711757740
5340,4028170532
5344,115442270
5348,3488207754
5352,2829676528
5356,1240356280
5360,3854645772
5364,4105674685
5368,355832045
5372,2559130969
5376,4094595377
5380,1502494372
5384,803776116
5388,4138392459
5392,2399556831
5396,328691156
5400,3981823838
5404,466065512
5408,3627410926
5412,2006171542
5416,402017544
5420,822871592
5424,3410133540
5428,1241777869
5432,1885668966
5436,2964198710
5440,2762978496
5444,2651571746
5448,3692602860
5452,1672395396
5456,1682347327
5460,1007948193
5464,3614428591
5468,1451860649
5472,1136207494
5476,1055192950
5480,3458004271
5484,2711759394
5488,1390985858
5492,674283439
5496,3121008024
5500,2773748046
5504,3266276932
5508,1062594023
5512,471352837
5516,2506740368
5520,1477344258
5524,4084608864
5528,888720293
5532,426667472
5536,3257129149
5540,2254696361
5544,3447243139
5548,2178151944
5552,2450350179
5556,1667102268
5560,4013046268
5564,2246550812
5568,3621315015
5572,737849761
5576,1270286810
5580,2173199539
5584,3277587614
5588,2360581608
5592,983799914
5596,656950776
5600,3312016470
5604,866854991
5608,4211033511
5612,3205180465
5616,3947618040
5620,1820536072
5624,1278637586
5628,1181229694
5632,3724145701
5636,2003892664
5640,1886588433
5644,2723207086
5648,2465879890
5652,1767146947
5656,114208774
5660,3839206093
5664,2907926212
5668,4207508288
5672,3789878293
5676,2601184191
5680,4180257879
5684,3231103935
5688,2030358167
5692,1720332534
5696,271374214
5700,3686987344
5704,3968947533
5708,2270336297
5712,3312862782
5716,2321949681
5720,3192945882
5724,3783704716
5728,1429194305
5732,4090128879
5736,3579244112
5740,3804384676
5744,113397649
5748,3355818631
5752,2955478911
5756,214332805
5760,298757592
5764,3928824503
5768,1340247284
5772,1589750846
5776,2596273932
5780,3862355096
5784,132959100
5788,1728208885
5792,1154054058
5796,3668010446
5800,948179151
5804,1380314683
5808,3263289784
5812,2376693843
5816,862633110
5820,3305297159
5824,3954525523
5828,781887593
5832,3222161359
5836,3025394372
5840,3173907167
5844,1602546494
5848,2865063132
5852,1220876239
5856,2499637821
5860,2605930632
5864,1233785604
5868,541653008
5872,3225234864
5876,1979571685
5880,3069239034
5884,1149223732
5888,1650166205
5892,1916201938
5896,2830942156
5900,2053542608
5904,3561321590
5908,578033572
5912,2134642585
5916,1328430701
5920,2710427818
5924,809467717
5928,1755035546
5932,2339666409
5936,2884550294
5940,3216313241
5944,732821723
5948,129919843
5952,1803010721
5956,907169078
5960,878729767
5964,3185407459
5968,450677016
5972,2312973881
5976,999341588
5980,1284088374
5984,3198973570
5988,1092329531
5992,3580396471
5996,1702508463
6000,2689673874
6004,2761392629
6008,2700820210
6012,1828139898
6016,1172616863
6020,1145146704
6024,532360114
6028,1443360843
6032,1567230488
6036,2607128369
6040,411791068
6044,2815454135
6048,2585600703
6052,2146658236
6056,3830908992
6060,1516906666
6064,1837592427
6068,1633816964
6072,1555921321
6076,2327315154
6080,2542547526
6084,2380618200
6088,834174763
6092,3526419988
6096,2496365600
6100,2665493048
6104,2396594480
6108,391047194
6112,1989743164
6116,2564452603
6120,1481943260
6124,3992230066
6128,2453672260
6132,1221772766
6136,1169020495
6140,1013029786
6144,260266788
6148,2474616988
6152,1300509277
6156,2441157227
6160,3012186371
6164,2332484728
6168,1811127034
6172,3463541923
6176,214052938
6180,2209402401
6184,196975690
6188,1458985978
6192,1308623575
6196,2181071848
6200,2238631625
6204,2477528813
6208,3927861262
6212,1993972531
6216,1016270431
6220,3258314225
6224,3918137319
6228,634691860
6232,2815784678
6236,3869071976
6240,1747976368
6244,508618488
6248,3893355896
6252,4017612192
6256,2211386756
6260,1780743695
6264,784942448
6268,2444095967
6272,1368409936
6276,2635748641
6280,3148881086
6284,2185051909
6288,4267890420
6292,2350713933
6296,1446392057
6300,710292945
6304,6040001
6308,765289891
6312,2664144994
6316,982832766
6320,1347605588
6324,3983093193
6328,2690330888
6332,730075790
6336,2953824108
6340,2943050645
6344,3859692356
6348,3067265250
6352,3456004550
6356,2017985895
6360,2943999935
6364,1197086450
6368,1471234581
6372,1981873983
6376,1082073211
6380,1656082003
6384,293205327
6388,1323092281
6392,584325512
6396,2451863300
6400,2469397531
6404,4066380727
6408,1248780464
6412,1037277172
6416,1134514293
6420,1421552189
6424,1648442185
6428,621424054
6432,2612986229
6436,2903140296
6440,352952527
6444,3716037067
6448,1745249640
6452,3802271243
6456,2674477743
6460,4024249935
6464,3843476391
6468,274372608
6472,2441919397
6476,2240687721
6480,3996667356
6484,1943830956
6488,2428670898
6492,1465852163
6496,2216742125
6500,2148676061
6504,2156835618
6508,3540958284
6512,6837960
6516,2606802219
6520,513289179
6524,3251442776
6528,39292009
6532,334221770
6536,1113222356
6540,311995907
6544,2771668637
6548,1927678650
6552,1235916176
6556,4012583956
6560,508265690
6564,2336837482
6568,1089265326
6572,3128207742
6576,2192324889
6580,400148221
6584,1712156391
6588,3726819631
6592,3561231957
6596,3597009852
6600,2181314942
6604,123883570
6608,794202221
6612,3451612867
6616,4167951829
6620,1692997999
6624,2687300280
6628,879278887
6632,1211398314
6636,3050534210
6640,2799550841
6644,3406963222
6648,2035349568
6652,1239074306
6656,410369244
6660,185912329
6664,1671460440
6668,2237291330
6672,4030594799
6676,890311569
6680,1705873367
6684,2834578805
6688,569028395
6692,2799190442
6696,3767451521
6700,4179018262
6704,2154916705
6708,1338944875
6712,223351150
6716,1364923205
6720,3128744182
6724,875083109
6728,1059365801
6732,4259087449
6736,2925210894
6740,509633690
6744,1656402561
6748,1061871
6752,2132668040
6756,660795864
6760,2310911595
6764,2293361395
6768,1695244721
6772,3866432144
6776,1094607519
6780,2734708830
6784,1599747622
6788,2535887392
6792,4256649986
6796,916305703
6800,2018161788
6804,3287206631
6808,1614267854
6812,2267014132
6816,4043623864
6820,2294531535
6824,3289733563
6828,4042707067
6832,2866166085
6836,2046903264
6840,3981098946
6844,1643251335
6848,2539936511
6852,688364618
6856,2361153339
6860,2438507889
6864,870392647
6868,2915165951
6872,674390039
6876,2423686746
6880,3573787810
6884,538588790
6888,756451745
6892,2455349896
6896,1099069028
6900,3851601574
6904,1801722347
6908,4149725367
6912,4107696499
6916,3329003798
6920,2682786399
6924,2116780884
6928,1021417307
6932,3247124163
6936,3846855640
6940,2500295862
6944,1863770798
6948,1605679668
6952,3217421934
6956,1467399124
6960,3346349620
6964,462183502
6968,2917314379
6972,2794827579
6976,3938792051
6980,1749634539
6984,2316548857
6988,2897250476
6992,2073573784
6996,1547507664
7000,2243717471
7004,2938380979
7008,2576433708
7012,2553084094
7016,1803253412
7020,2420365941
7024,4057071877
7028,626189679
7032,3563477408
7036,2592469603
7040,1931534720
7044,2837473118
7048,1933632088
7052,2027451696
7056,616395102
7060,873323445
7064,2585494550
7068,1929744995
7072,1481302495
7076,1393474743
7080,68940208
7084,3426683608
7088,3359702242
7092,4059678694
7096,1615593234
7100,2269992687
7104,504004687
7108,1573350683
7112,1693838471
7116,3971876977
7120,1609283553
7124,4056878295
7128,2316275936
7132,3223930881
7136,2825042473
7140,916199019
7144,3627090262
7148,1364241598
7152,2970385126
7156,1753506146
7160,3328097058
7164,4270363701
7168,2730248325
7172,2670436457
7176,1296974154
7180,3608106389
7184,1733208668
7188,3632267949
7192,3788816075
7196,3993903909
7200,1414245479
7204,3167978488
7208,754620705
7212,2648859000
7216,3085030064
7220,3891290926
7224,3324863654
7228,2234247126
7232,2991895451
7236,20514167
7240,1490813179
7244,4039543929
7248,4064006543
7252,684161707
7256,468625740
7260,52614519
7264,437944854
7268,3185507117
7272,3650876858
7276,2261501855
7280,3929948683
7284,2159626622
7288,423758941
7292,1857842560
7296,165087239
7300,2786280067
7304,1295670160
7308,2961352490
7312,1134259264
7316,1323600501
7320,4133176381
7324,1478816971
7328,1104604004
7332,2828876959
7336,2081919273
7340,1385330232
7344,3763776686
7348,1883967266
7352,2136750044
7356,712426141
7360,4286403709
7364,3435813183
7368,3762072687
7372,3094169496
7376,498756180
7380,3014872041
7384,1746884955
7388,4223835125
7392,714191013
7396,418979198
7400,2308773350
7404,382458818
7408,966531899
7412,2206372390
7416,2870485233
7420,549440080
7424,1534564151
7428,2242338480
7432,2890118782
7436,438452154
7440,836038748
7444,3467821709
7448,607596633
7452,1414543685
7456,857803805
7460,2060076029
7464,950794641
7468,1427908259
7472,2162638911
7476,2803767416
7480,1455181781
7484,4416421
7488,2819595281
7492,4044273484
7496,2649969078
7500,3731884136
7504,2447258839
7508,1667170907
7512,969929607
7516,3774230956
7520,862665949
7524,202903620
7528,4287794666
7532,1818122976
7536,1708429454
7540,3651692354
7544,3710765718
7548,2568005585
7552,2592486758
7556,1687708791
7560,3028381196
7564,2137485102
7568,2909163635
7572,1220957964
7576,1341669226
7580,1515937215
7584,3884908595
7588,1381108690
7592,3173707495
7596,2026191201
7600,255859693
7604,461908642
7608,1411950849
7612,3951080559
7616,2686783140
7620,3938754897
7624,2563093125
7628,3894927093
7632,2476503862
7636,762008465
7640,3768040365
7644,1249976366
7648,1076244824
7652,2841433990
7656,2941026724
7660,2918125012
7664,2617481327
7668,1615235423
7672,279893956
7676,1659023878
7680,3488244638
7684,50456757
7688,1434793134
7692,158548145
7696,3649171676
7700,2503966049
7704,1900110976
7708,713556412
7712,3100462795
7716,3000867588
7720,2644575016
7724,595397509
7728,2027634438
7732,4263552233
7736,3261430360
7740,263948861
7744,547184123
7748,156667014
7752,316482281
7756,1161999269
7760,3871395472
7764,3855266340
7768,1270870202
7772,555484790
7776,3491831075
7780,3335779357
7784,1190613096
7788,1364838223
7792,1156045006
7796,1339183769
7800,1500551983
7804,3134671509
7808,4244156955
7812,35998499
7816,334152559
7820,4033480826
7824,3122582031
7828,1870189951
7832,457039670
7836,4107243214
7840,2447225247
7844,3115723880
7848,915461497
7852,2068360831
7856,3713855383
7860,1931327298
7864,240638659
7868,2760121012
7872,3191654273
7876,3027352675
7880,739978119
7884,2142831044
7888,3346959506
7892,2258712482
7896,4162282303
7900,297678977
7904,3806516158
7908,855498868
7912,4060091435
7916,3445275675
7920,3056287270
7924,3063766020
7928,2067512481
7932,1598920174
7936,2643166539
7940,4006134697
7944,347271362
7948,1184018900
7952,1893162185
7956,1207314007
7960,2245300561
7964,3515852724
7968,3166533845
7972,1509361942
7976,1955750192
7980,3768090586
7984,705767673
7988,2668746676
7992,3696461810
7996,422500520
8000,3867859249
8004,2155083962
8008,3378247028
8012,27648221
8016,2966358314
8020,4046549184
8024,438594813
8028,3680098252
8032,3407849478
8036,4140083061
8040,1747801949
8044,1807475103
8048,1045863593
8052,489012500
8056,3937309289
8060,1390261396
8064,2450108705
8068,1397524678
8072,229292331
8076,1011921735
8080,3022686286
8084,1419924336
8088,180389588
8092,2843715532
8096,3345340022
8100,206516087
8104,2732065976
8108,1342262271
8112,1008538713
8116,2796964397
8120,3167536696
8124,729113861
8128,1193858091
8132,2631800085
8136,645319736
8140,1847830247
8144,2962236723
8148,4251548047
8152,2464097590
8156,1205477890
8160,3410654631
8164,3503176525
8168,3895445308
8172,2646071905
8176,18150839
8180,1408801844
8184,218337693
8188,3593857891
8192,3991743077
8196,3233345536
8200,3889298655
8204,65752490
8208,138077302
8212,450512878
8216,2202549779
8220,1281773450
8224,1424718123
8228,1691724955
8232,2953044597
8236,3698373984
8240,1396998341
8244,3266353482
8248,400885416
8252,2034724436
8256,3033487888
8260,1210347999
8264,1901027306
8268,2381655385
8272,40877052
8276,174648362
8280,1954461932
8284,3523655210
8288,3257883467
8292,2024866223
8296,2378895696
8300,1118369875
8304,2641021896
8308,3156875172
8312,380030842
8316,2254094272
8320,4020436824
8324,3123133795
8328,49783083
8332,3495960028
8336,768637517
8340,2067017338
8344,510159463
8348,94379769
8352,3561154690
8356,1353994551
8360,3661897673
8364,2298303771
8368,3141970559
8372,505860372
8376,3298610533
8380,1966784309
8384,203894305
8388,183797452
8392,2914050904
8396,637753053
8400,3959163678
8404,1758806707
8408,2040359022
8412,767614130
8416,3138446319
8420,902052752
8424,295511018
8428,2122747447
8432,1822448676
8436,2782837107
8440,3686864155
8444,1149834616
8448,2579284141
8452,2359226088
8456,19243009
8460,3083156093
8464,2730868566
8468,2632248399
8472,268541441
8476,3702807737
8480,3429229368
8484,2868844878
8488,223129733
8492,3819115240
8496,1121260987
8500,1835378390
8504,2932070271
8508,2653723321
8512,3138770127
8516,1815974005
8520,409320468
8524,2507040042
8528,3579495714
8532,1086415028
8536,3765510019
8540,1560280527
8544,1659195723
8548,2197822061
8552,243955721
8556,1134836334
8560,1492754656
8564,2117884505
8568,2481711245
8572,2255068997
8576,3223997635
8580,2163417423
8584,2914640445
8588,1916157128
8592,1257525706
8596,836907288
8600,708242148
8604,2367828939
8608,1305640106
8612,762880238
8616,2220130318
8620,766058190
8624,1095692187
8628,2824792481
8632,2275586011
8636,1172640984
8640,4052702786
8644,2177249682
8648,2433585516
8652,2709630820
8656,396451494
8660,3931929639
8664,127000640
8668,2004068022
8672,3794876563
8676,1190753377
8680,931771234
8684,2366922500
8688,1611557872
8692,368356257
8696,1049355155
8700,1596180499
8704,529864472
8708,2828325257
8712,308616796
8716,1463442806
8720,183907835
8724,81145187
8728,1231696743
8732,3768164890
8736,70837818
8740,1236031890
8744,2174250389
8748,480869052
8752,3383346385
8756,800699335
8760,1827526975
8764,861266915
8768,1650807481
8772,346174901
8776,2953135861
8780,1033255156
8784,3033117070
8788,4267155284
8792,4045937871
8796,1377085417
8800,398899400
8804,3538460521
8808,996706076
8812,2893375942
8816,2802724762
8820,2846032402
8824,335256556
8828,894196755
8832,2557104206
8836,391927669
8840,1424990997
8844,4209530668
8848,494418374
8852,1947710378
8856,963163590
8860,837610695
8864,1693826306
8868,2760604216
8872,834031840
8876,3578518072
8880,1979299837
8884,2472281676
8888,2581607702
8892,1484215053
8896,4107387051
8900,1476178626
8904,270427095
8908,3937822461
8912,3003275306
8916,1983292270
8920,1803606297
8924,722214049
8928,962972857
8932,3974697943
8936,3214764683
8940,1538411508
8944,3637045776
8948,165026073
8952,3338276577
8956,1465430551
8960,3107495790
8964,3888779499
8968,2804220846
8972,891798859
8976,3533842437
8980,952835210
8984,3670424799
8988,2087934586
8992,2828623385
8996,1684129586
9000,57847803
9004,1567800872
9008,2212988309
9012,100988439
9016,3971028229
9020,312839732
9024,2023088552
9028,904172833
9032,1539528770
9036,296277133
9040,403322207
9044,2662052694
9048,42207605
9052,3618767343
9056,3547763355
9060,543736716
9064,2358755152
9068,2624828698
9072,3463528162
9076,1299258773
9080,4039899983
9084,2399464360
9088,1014613675
9092,1845226397
9096,3269069502
9100,2462933929
9104,3721555368
9108,578528026
9112,3329807619
9116,127955186
9120,4048123889
9124,3913296833
9128,315378089
9132,249755810
9136,1247403971
9140,2998728929
9144,2839435485
9148,2119985182
9152,3430985345
9156,2874103198
9160,971238039
9164,2271576893
9168,1334895794
9172,819584652
9176,2603077355
9180,1465545444
9184,3973583469
9188,3962501843
9192,4015152670
9196,1272791587
9200,1683325148
9204,346287333
9208,2409376393
9212,598134284
9216,2837926933
9220,4066875049
9224,3627588779
9228,2257523298
9232,1402458553
9236,4240566669
9240,2459014286
9244,1360642248
9248,1582180403
9252,2837784861
9256,2795961130
9260,1574736337
9264,2460194414
9268,325558643
9272,609181032
9276,272615512
9280,2136618081
9284,1007733144
9288,1280843674
9292,1736213964
9296,4078069801
9300,1110186182
9304,3545413938
9308,1870542598
9312,3816249247
9316,4167981787
9320,48210313
9324,4107185563
9328,4061070538
9332,436750271
9336,2197439284
9340,349916246
9344,2610406529
9348,2627757236
9352,2253598071
9356,720306933
9360,3693370032
9364,203879752
9368,3457615295
9372,1098713779
9376,2801444232
9380,3932366738
9384,1813662326
9388,1006751018
9392,1815101313
9396,4121158010
9400,841300652
9404,1141680297
9408,3635344454
9412,3210654430
9416,3233406261
9420,4206057040
9424,990510221
9428,2903120169
9432,1858849215
9436,3291372709
9440,1888515305
9444,4069444071
9448,2921584456
9452,4052905344
9456,2417881287
9460,1650468430
9464,3644112797
9468,661184972
9472,513633725
9476,163141140
9480,3236859473
9484,4237660288
9488,3285030004
9492,1931954574
9496,1368077645
9500,158405533
9504,3830500326
9508,4272556743
9512,3495597362
9516,2778914920
9520,3095618652
9524,412565286
9528,695471604
9532,3294027647
9536,1124906081
9540,496359371
9544,3291558101
9548,665816577
9552,3119073712
9556,696430813
9560,701602204
9564,629726198
9568,1813923861
9572,2274723540
9576,2559154257
9580,2301738385
9584,2030804886
9588,1004919222
9592,209433270
9596,2191133272
9600,4003135314
9604,3287465397
9608,2013785869
9612,1922090466
9616,329728837
9620,3402832984
9624,1797590625
9628,2267052056
9632,3999476727
9636,759630803
9640,3294692565
9644,3501870313
9648,2666028885
9652,3316437326
9656,3972136680
9660,3374479958
9664,3788502887
9668,107747629
9672,2401927999
9676,4082895194
9680,583852007
9684,2595417210
9688,3534828126
9692,3052535761
9696,3048007680
9700,4123790328
9704,1724790909
9708,2012100764
9712,1427379146
9716,1348983878
9720,122265903
9724,941224887
9728,3998941115
9732,3287195861
9736,1191966720
9740,644300473
9744,2310622954
9748,2391095076
9752,1360385888
9756,230988192
9760,1674938301
9764,708219760
9768,3757958175
9772,3140737816
9776,2196529945
9780,3944681144
9784,1918138958
9788,1868126107
9792,3819774758
9796,2599648762
9800,4121382357
9804,9627272
9808,1095636734
9812,3237164937
9816,1040388559
9820,3241289241
9824,3466432783
9828,859191753
9832,1145614282
9836,202669501
9840,2880718573
9844,3680170498
9848,3196109428
9852,3802634548
9856,3899183223
9860,285159924
9864,1069626068
9868,2560294707
9872,3443404491
9876,2707907893
9880,2444639285
9884,2139019648
9888,3238757941
9892,1313774719
9896,4266403978
9900,2313905321
9904,3012571269
9908,4135332829
9912,3906803166
9916,1993191869
9920,3234530224
9924,2324835095
9928,4072432222
9932,3190186291
9936,3796803958
9940,58044070
9944,644294918
9948,2694622676
9952,3421135084
9956,88300784
9960,2600818595
9964,1045550351
9968,2962034015
9972,940941192
9976,1008787674
9980,2842483670
9984,2280969011
9988,3367461396
9992,3996691751
9996,3936893830
10000,279012916
10004,3348309892
10008,3741891050
10012,1542679118
10016,856052264
10020,2836416322
10024,3199375007
10028,4234446187
10032,3507799688
10036,1550189992
10040,3305152121
10044,1795891644
10048,134030435
10052,1950637496
10056,1330296020
10060,3505074034
10064,3228395177
10068,84074716
10072,2665849546
10076,1534560609
10080,3471123116
10084,899490375
10088,2995175764
10092,1331815849
10096,519786036
10100,1304743028
10104,163642518
10108,3982284694
10112,1701645994
10116,2782557701
10120,3219161913
10124,776697983
10128,2369853508
10132,364590781
10136,2221083452
10140,2545102659
10144,40658407
10148,2787251471
10152,3564624286
10156,3799454309
10160,169557220
10164,4263076526
10168,886280712
10172,160771760
10176,696530056
10180,1309883783
10184,1359315269
10188,989921429
10192,490462292
10196,3035228552
10200,1716306951
10204,526668795
10208,2192199465
10212,860360021
10216,3445447946
10220,2532211930
10224,2692830029
10228,3887624351
10232,2469575869
10236,21845572
10240,3190898312
10244,2383662886
10248,1032575171
10252,381074665
10256,2983420820
10260,4093410455
10264,633201191
10268,1212959739
10272,3341015975
10276,4153883476
10280,316819074
10284,2778583363
10288,892216953
10292,301810999
10296,3759153710
10300,2274474228
10304,962743604
10308,2108590782
10312,4219532371
10316,2315638617
10320,1594600177
10324,769687097
10328,2811905031
10332,262089580
10336,679784682
10340,1908444385
10344,415435457
10348,2067083295
10352,4101334828
10356,1263905105
10360,4024552399
10364,3766970186
10368,3954714117
10372,1732695738
10376,1021519141
10380,4035613092
10384,729848621
10388,492363713
10392,1305608789
10396,2644758855
10400,162202775
10404,2322425637
10408,2616934049
10412,695384400
10416,2205214259
10420,1622923010
10424,2283486999
10428,2367318446
10432,1641536787
10436,4009894544
10440,4226645016
10444,291011539
10448,4229960275
10452,1901010360
10456,2526247947
10460,854300006
10464,2259658696
10468,1621653569
10472,2175488317
10476,990906838
10480,1618910783
10484,1778161345
10488,2520218759
10492,2679385133
10496,3584503761
10500,2874137578
10504,2232155963
10508,2282606603
10512,251843255
10516,592719406
10520,1958594532
10524,3516241711
10528,4136637203
10532,696648657
10536,2946844385
10540,2420087285
10544,1037313442
10548,510889103
10552,358916201
10556,1720947577
10560,1522794046
10564,2515475049
10568,908752740
10572,2622826376
10576,1026874954
10580,2445920763
10584,3527080787
10588,1641735154
10592,304186690
10596,2093202365
10600,4096747725
10604,2523359009
10608,1624526040
10612,2573174238
10616,3047040641
10620,1709488098
10624,319873706
10628,1089054097
10632,2692498495
10636,3074939171
10640,1215168839
10644,4015399549
10648,2799685576
10652,1094131091
10656,1008295191
10660,2430847950
10664,3539021717
10668,1155232922
10672,3021113198
10676,3776901354
10680,1408864635
10684,1041699022
10688,566033096
10692,2238364259
10696,2721928599
10700,2302738111
10704,356994806
10708,2657886606
10712,1439359902
10716,3360516210
10720,2191658359
10724,2754929127
10728,2164288635
10732,1836269632
10736,1490078008
10740,3709120327
10744,575064924
10748,3864476120
10752,3376307932
10756,3065279625
10760,1548697575
10764,3432857992
10768,251770436
10772,808759196
10776,529496106
10780,2095050554
10784,903228424
10788,1297147741
10792,2143091123
10796,3467534022
10800,81098324
10804,1162696288
10808,798205786
10812,2786455166
10816,673808155
10820,2426353794
10824,2150446448
10828,1703950971
10832,2553107827
10836,2935950565
10840,3605044441
10844,298302124
10848,3380360874
10852,1923632245
10856,2284798040
10860,272071499
10864,959424653
10868,2346748498
10872,900832171
10876,3738538357
10880,762380625
10884,1592840991
10888,2289353576
10892,2243316419
10896,67790704
10900,26162492
10904,1897543077
10908,1673163704
10912,3318518351
10916,109139422
10920,3520225130
10924,2182478949
10928,4255675848
10932,1501650299
10936,2334739539
10940,229566465
10944,586926141
10948,926527639
10952,1630887654
10956,3015756863
10960,1462075198
10964,3608924079
10968,1671110090
10972,448436818
10976,4064688982
10980,1900182336
10984,608950848
10988,970946402
10992,3392816916
10996,2191841170
11000,2997365860
11004,4669168
11008,3089107869
11012,2264089224
11016,344686225
11020,1583974745
11024,4195853801
11028,2681525702
11032,1803444540
11036,185775191
11040,1857009568
11044,1871061319
11048,3962557430
11052,1980283674
11056,3253299541
11060,1045073033
11064,3754485957
11068,545664283
11072,1308547577
11076,2981875233
11080,2920678834
11084,592852169
11088,555789843
11092,1274624243
11096,1166877385
11100,2972655313
11104,3654439541
11108,2805108531
11112,1644423132
11116,3011821632
11120,1867452821
11124,2162915742
11128,3861256445
11132,3757234248
11136,3109962047
11140,707573638
11144,2630030983
11148,1608265446
11152,915296273
11156,2257712896
11160,3429244132
11164,1861146680
11168,3044008985
11172,3636151935
11176,3282104788
11180,724042864
11184,2004622084
11188,2070228078
11192,1313233973
11196,2874535847
11200,1598045790
11204,3963843929
11208,1149116224
11212,1408753763
11216,3094925564
11220,529254957
11224,4051556665
11228,1822544079
11232,268569126
11236,2480461592
11240,1636990381
11244,2861114022
11248,1443118264
11252,911039517
11256,103802755
11260,2360156832
11264,2365591744
11268,1632817351
11272,1206218963
11276,376468680
11280,638177905
11284,56696923
11288,3157176197
11292,1028676215
11296,3038498672
11300,4214779738
11304,1571664777
11308,494075351
11312,577273836
11316,1626723722
11320,2959358598
11324,1645648838
11328,3696823762
11332,728278982
11336,1500487408
11340,2099473250
11344,2774816446
11348,1612678922
11352,2323767735
11356,930882322
11360,3089988929
11364,3749969201
11368,2887977598
11372,1788787780
11376,1705562732
11380,1322587357
11384,1227315150
11388,1304225578
11392,2158524116
11396,2640326877
11400,2630068492
11404,1234943567
11408,1286640465
11412,1210046057
11416,3317996976
11420,383735423
11424,2819709926
11428,1889459190
11432,2468174174
11436,3544862145
11440,3080961813
11444,3106941552
11448,1942639726
11452,641587779
11456,585165485
11460,404781974
11464,2526133185
11468,2900145712
11472,3700373916
11476,1197429933
11480,2863387921
11484,466229141
11488,2871062541
11492,912531208
11496,1168948765
11500,2657015178
11504,1514465980
11508,3576260646
11512,1536013904
11516,3974214409
11520,1967715547
11524,1671398026
11528,863361626
11532,3479091256
11536,2528033431
11540,1964151487
11544,2548340168
11548,273210731
11552,2973277159
11556,3496595
11560,532456004
11564,2917016545
11568,3893318108
11572,2295363897
11576,3006472000
11580,2868924024
11584,3462446066
11588,3835801715
11592,1703524335
11596,128877854
11600,199039147
11604,3117278910
11608,3048705079
11612,3077414421
11616,851186340
11620,2268647394
11624,4064277154
11628,2610531230
11632,3349383200
11636,3079868825
11640,1257358924
11644,3997974673
11648,3257367597
11652,1486974444
11656,3835528737
11660,745703817
11664,403634204
11668,1226827893
11672,2249361188
11676,591429929
11680,3855190962
11684,3171507268
11688,4041524704
11692,1778844449
11696,767415502
11700,1618560668
11704,1216461015
11708,638087935
11712,1108126836
11716,1981165387
11720,1535025068
11724,2067954963
11728,383175092
11732,3649845012
11736,1153744088
11740,2785870707
11744,1948370655
11748,1859229933
11752,2695704458
11756,3345818537
11760,3268414772
11764,35964284
11768,2109253869
11772,2858119932
11776,1935283815
11780,519874352
11784,3185169988
11788,1777319921
11792,4207699192
11796,4120070391
11800,2197004271
11804,1374429357
11808,1130463104
11812,1091272888
11816,1689628586
11820,67766268
11824,23754839
11828,3618530159
11832,3012183007
11836,2449476638
11840,55345357
11844,130470254
11848,3379614128
11852,2287638865
11856,3866923317
11860,3563879165
11864,3020756874
11868,1580685608
11872,2420226056
11876,2518637383
11880,2682312873
11884,1391619910
11888,4263522664
11892,3408501782
11896,3649507617
11900,98338740
11904,3449283609
11908,1652456396
11912,226988315
11916,2194599411
11920,2810409250
11924,470352054
11928,3757340353
11932,4225261866
11936,1972395709
11940,2898070180
11944,788746553
11948,2846419832
11952,2576112669
11956,4177706575
11960,1746099944
11964,525770414
11968,2468036430
11972,3175081674
11976,1320638793
11980,3827905926
11984,2480997614
11988,4233926300
11992,1985953186
11996,843429657
12000,17176929
12004,3756620808
12008,3014200585
12012,1735735777
12016,191624829
12020,3710419164
12024,3782111023
12028,1650802341
12032,4169187927
12036,3968200058
12040,2347581173
12044,3149821634
12048,3728189728
12052,1118356273
12056,4189750494
12060,2369668622
12064,2995731962
12068,3415599684
12072,3231756198
12076,1805015311
12080,1187173552
12084,2726521358
12088,4048564307
12092,2037285502
12096,2916923477
12100,4250071223
12104,2754713932
12108,3910634398
12112,1168636239
12116,2460482831
12120,3415713310
12124,1559373790
12128,3011368918
12132,1772618964
12136,1082880606
12140,1499144472
12144,2867874648
12148,2529850215
12152,987121117
12156,1738354284
12160,1939391129
12164,593161426
12168,3756037118
12172,2111845617
12176,3542412840
12180,3339930986
12184,2927297608
12188,2424653571
12192,2290843768
12196,1251808883
12200,3586729234
12204,648648728
12208,2878307073
12212,488815892
12216,3310130902
12220,1603753556
12224,1614010033
12228,406651939
12232,2485059
12236,180877852
12240,843032148
12244,2784664836
12248,2251968822
12252,3495146153
12256,918426281
12260,856746954
12264,3141495165
12268,2143578876
12272,735626505
12276,915386257
12280,1391110147
12284,286544361
12288,1236659319
12292,345119979
12296,943270093
12300,4261641219
12304,227456223
12308,1833657037
12312,2058314802
12316,3152810040
12320,1947581736
12324,1939439323
12328,3219832957
12332,3775240201
12336,3950217744
12340,2643194739
12344,3127751398
12348,2570821781
12352,547902078
12356,1077601149
12360,1295649436
12364,3786161507
12368,3692425666
12372,3580872027
12376,145349454
12380,3418598090
12384,4187956892
12388,687132329
12392,27194224
12396,803051171
12400,3560038019
12404,316536991
12408,1010223647
12412,3339617860
12416,473106461
12420,1562518086
12424,603774686
12428,3551184873
12432,3767749027
12436,3002549815
12440,2403346313
12444,174748668
12448,3948411555
12452,3087285244
12456,4094863120
12460,2121705327
12464,1278726750
12468,2095593439
12472,805354420
12476,3009483241
12480,3093980720
12484,3741390931
12488,1600135258
12492,3216075600
12496,1854467645
12500,373194843
12504,377865062
12508,3583487015
12512,3878735917
12516,538809946
12520,472889453
12524,3036295123
12528,1531527971
12532,3080322463
12536,3444128791
12540,2396878456
12544,351373639
12548,1981072125
12552,1643267590
12556,1512419548
12560,2010908160
12564,1012172752
12568,576203511
12572,932812953
12576,1013993620
12580,3081497000
12584,4010459917
12588,652563246
12592,3044504376
12596,2232739074
12600,1488240887
12604,2284989707
12608,2945685149
12612,613650092
12616,3703666578
12620,1121451158
12624,2663446000
12628,2714013425
12632,3837771768
12636,3876418313
12640,3109031035
12644,3551456416
12648,4117617416
12652,3165250305
12656,3714817075
12660,3665412360
12664,2624594170
12668,700486390
12672,1795130780
12676,623060601
12680,1808991246
12684,763132517
12688,656218691
12692,231770457
12696,674220934
12700,2906959128
12704,700003236
12708,2596808749
12712,547229003
12716,3805215250
12720,4247372583
12724,2727007465
12728,3476514147
12732,1196878641
12736,1650814117
12740,774917853
12744,4213500731
12748,3489479160
12752,775957325
12756,2309769512
12760,640360823
12764,3226953648
12768,2196137856
12772,1738143596
12776,2390316153
12780,874246046
12784,2682783308
12788,3262139404
12792,1459857647
12796,1003562067
12800,313049086
12804,243656838
12808,2688239174
12812,836623238
12816,3134021508
12820,1484913222
12824,1857612078
12828,929287500
12832,4033161751
12836,2806384995
12840,2863708262
12844,452197818
12848,726461778
12852,747817326
12856,2296530336
12860,66113967
12864,164788612
12868,586721471
12872,18780087
12876,633532263
12880,2503372799
12884,80577562
12888,2285291657
12892,595102026
12896,3825375249
12900,2903785665
12904,3508378881
12908,993719627
12912,740705012
12916,123864484
12920,3507385326
12924,2230090572
12928,1335256951
12932,3571334226
12936,538964937
12940,2450646504
12944,2798151592
12948,1864386140
12952,3705076080
12956,2764624066
12960,2885340793
12964,3745684633
12968,2930857633
12972,4216233966
12976,1740799471
12980,3479620592
12984,2004221870
12988,2771587553
12992,2368552680
12996,363476889
13000,2796457817
13004,826212591
13008,1864530383
13012,2173851020
13016,2447872060
13020,3743795069
13024,482880770
13028,3331464769
13032,1595789107
13036,1025846970
13040,3597689399
13044,3501721157
13048,3631448124
13052,3628145030
13056,4062605454
13060,83417063
13064,88116744
13068,3510114228
13072,461029848
13076,1893807990
13080,1442702604
13084,3782618039
13088,4097226573
13092,4063102620
13096,871922118
13100,468266774
13104,2060574760
13108,2926832303
13112,3697841618
13116,2498086600
13120,2846206578
13124,246378099
13128,1571374989
13132,1027014341
13136,262346111
13140,4018654385
13144,3384220494
13148,1107230988
13152,3076883022
13156,4038200411
13160,1501930058
13164,2214902337
13168,47752663
13172,3335692068
13176,527876836
13180,177672523
13184,1291200087
13188,4185632219
13192,2514037318
13196,1821213554
13200,3190146606
13204,3928267603
13208,349832891
13212,3624088112
13216,1083461852
13220,3429760079
13224,2426152564
13228,518208492
13232,2221762658
13236,1865846103
13240,8014237
13244,1847608397
13248,4185779096
13252,679686805
13256,2416583059
13260,2649683064
13264,1716536122
13268,3599567355
13272,3974519154
13276,1772943294
13280,702329726
13284,1016891721
13288,1336715506
13292,1887601995
13296,4212119416
13300,3350771585
13304,2115181932
13308,2211607226
13312,997974922
13316,893653576
13320,2306830587
13324,3209141284
13328,265818443
13332,293977783
13336,810670653
13340,25539325
13344,1068640455
13348,301208885
13352,2452178082
13356,3538718127
13360,1917178358
13364,359721146
13368,183133462
13372,3310816384
13376,2236930195
13380,44003112
13384,85956285
13388,1851311974
13392,1878139372
13396,970741903
13400,2765108704
13404,3219939259
13408,1445671955
13412,1429519539
13416,2885996644
13420,305237491
13424,1789382606
13428,3334455949
13432,498855842
13436,968080857
13440,2989982599
13444,2884985810
13448,1711093246
13452,917281961
13456,3042286033
13460,4031022278
13464,3380831918
13468,3704523034
13472,3614489761
13476,2032613105
13480,880146016
13484,1744165576
13488,3209416070
13492,1439929699
13496,3607999189
13500,1912242552
13504,3481247526
13508,2490758787
13512,333073134
13516,2201656381
13520,3711500255
13524,124582016
13528,115600316
13532,1658081291
13536,2006192411
13540,3381847296
13544,327115466
13548,930974367
13552,1698832983
13556,1375785455
13560,2864386197
13564,1448122756
13568,2252198883
13572,3957867809
13576,1305829024
13580,3775728125
13584,2470012126
13588,1950701136
13592,213603319
13596,993572541
13600,760179789
13604,871101836
13608,2488412583
13612,4170834295
13616,767810548
13620,1887806607
13624,2991523761
13628,2968147253
13632,2236102855
13636,1251031404
13640,938883189
13644,1283295126
13648,2987782690
13652,2071939234
13656,4006148384
13660,4165266488
13664,205899426
13668,1023483204
13672,2605603342
13676,3182550266
13680,3640105920
13684,2837990133
13688,3518184646
13692,1203869233
13696,2527214421
13700,353751365
13704,3412954560
13708,3257889424
13712,2445162766
13716,2355462971
13720,649569359
13724,664958915
13728,1367264081
13732,876225550
13736,2705195627
13740,3589222735
13744,2760917794
13748,1805850283
13752,2738795873
13756,4177346200
13760,1731612892
13764,303297280
13768,2701648544
13772,4265366697
13776,2599319430
13780,608049481
13784,96429888
13788,108105091
13792,3884702197
13796,1346309215
13800,2789352862
13804,3733672443
13808,214186917
13812,2381549175
13816,616600437
13820,4160100911
13824,2173222602
13828,1787131979
13832,1404153932
13836,4021637430
13840,974113434
13844,4219188738
13848,2884481706
13852,4139122773
13856,980485847
13860,583782124
13864,3352677771
13868,3566520819
13872,2379762300
13876,1301816628
13880,892288766
13884,1327239347
13888,2112481204
13892,3246779992
13896,1236135752
13900,3351248641
13904,1624038733
13908,1964030400
13912,3872848051
13916,2465346959
13920,2004551197
13924,1377547359
13928,2060567188
13932,472416694
13936,372581047
13940,3416888843
13944,712212076
13948,1972986240
13952,1773358712
13956,3834243197
13960,2041795439
13964,499154679
13968,3673873717
13972,495338322
13976,981779396
13980,4109633486
13984,1432282302
13988,3070077799
13992,3207508476
13996,1992435992
14000,3209783943
14004,1333841693
14008,706709819
14012,191946071
14016,2266890522
14020,1248236180
14024,3011628814
14028,3393792835
14032,483705592
14036,1324106273
14040,596554885
14044,1263332641
14048,1419456522
14052,182206934
14056,3368664984
14060,3172440991
14064,2895402954
14068,2303988591
14072,1619086619
14076,1532739192
14080,2179723964
14084,1003258427
14088,2050891696
14092,1003416593
14096,2812726099
14100,2079668079
14104,2722152119
14108,1813011721
14112,2120811126
14116,593314316
14120,3463416602
14124,62544744
14128,1332925661
14132,4056080515
14136,1679476181
14140,2935380127
14144,2468319731
14148,2091683595
14152,1697269199
14156,384328408
14160,2010481796
14164,2448588113
14168,3296959439
14172,3146523632
14176,4240475855
14180,959772139
14184,2845386641
14188,2010565795
14192,449989231
14196,3135136976
14200,3216997058
14204,3580636985
14208,2396146170
14212,3874667482
14216,578307563
14220,846599297
14224,3522749724
14228,2886216204
14232,2806670197
14236,4291883433
14240,2107326407
14244,4072446548
14248,1158279916
14252,890265463
14256,3864891808
14260,560781985
14264,3767571252
14268,1989348881
14272,3523887572
14276,2786532451
14280,4170189715
14284,2986659679
14288,526192270
14292,3184999702
14296,194412849
14300,878463156
14304,919520408
14308,101311592
14312,3876354276
14316,2376418684
14320,1786796592
14324,519976884
14328,2119515411
14332,372828032
14336,4152272698
14340,3765413270
14344,3741332726
14348,1712577544
14352,2952287455
14356,4170604606
14360,2841597228
14364,2244512464
14368,4213950873
14372,2233996010
14376,2772457848
14380,3593224815
14384,906739405
14388,2830221269
14392,2872113865
14396,340998758
14400,4203769314
14404,3000235541
14408,1754498696
14412,4044025168
14416,1744168833
14420,43654117
14424,120363796
14428,1384706562
14432,3772003398
14436,439262593
14440,2604097696
14444,3117577677
14448,1399599896
14452,2151696405
14456,795148172
14460,3913074236
14464,1861013893
14468,1296571735
14472,2964910796
14476,1266174557
14480,2035152410
14484,1346444685
14488,2508444607
14492,2586161783
14496,1292413180
14500,788048087
14504,1308947773
14508,125314953
14512,2819136150
14516,1121111071
14520,1048551905
14524,71301070
14528,3491578048
14532,1932039098
14536,3667994840
14540,1812066440
14544,2759949957
14548,599461155
14552,2131707389
14556,868714904
14560,3403086143
14564,3667247464
14568,3994367583
14572,1388341139
14576,163046889
14580,2495170462
14584,2539305166
14588,1673966028
14592,3830319409
14596,2101481445
14600,3025711518
14604,2600820302
14608,4259620336
14612,2794297793
14616,3036207232
14620,2045050506
14624,3925097231
14628,2642737106
14632,128441207
14636,1151950168
14640,1239564772
14644,2522191786
14648,3622596075
14652,3475455900
14656,3723083580
14660,2011776638
14664,3878468058
14668,3895225569
14672,2156254745
14676,454149042
14680,1728847915
14684,1424805980
14688,2037932239
14692,231291057
14696,1605604171
14700,3941830268
14704,2103781991
14708,533087249
14712,3571185568
14716,3782335582
14720,2664782983
14724,1378453595
14728,479194613
14732,3031835793
14736,3066248393
14740,2748734458
14744,2865935067
14748,3009334514
14752,200195156
14756,2356557183
14760,783808171
14764,2215199330
14768,4247254514
14772,2856619044
14776,2125210570
14780,2218664817
14784,3355698854
14788,2283237783
14792,1066895684
14796,1802539537
14800,4008661679
14804,2193305619
14808,1550422667
14812,1367687823
14816,739779878
14820,2566261285
14824,1325689092
14828,16192111
14832,1214502655
14836,1031285846
14840,411057604
14844,356313139
14848,3332711874
14852,2820483750
14856,612644787
14860,3181562744
14864,1431299829
14868,2709949784
14872,3781596617
14876,2867261802
14880,997845226
14884,2522284063
14888,1189344547
14892,911465842
14896,993655166
14900,756639158
14904,1362524250
14908,2147843505
14912,3871298741
14916,1833901920
14920,1276857868
14924,1245775163
14928,1074201874
14932,312562082
14936,596249433
14940,2091508997
14944,349684118
14948,1679834592
14952,827303822
14956,3769271164
14960,381500645
14964,3642351460
14968,1794509007
14972,2972098573
14976,3679452651
14980,1808041074
14984,3806835758
14988,2671492112
14992,530560041
14996,1071721457
15000,2186053889
15004,1607364646
15008,2955184592
15012,2062755638
15016,2429125298
15020,2303470258
15024,3326886698
15028,3380359620
15032,3662863324
15036,3721450936
15040,2230119313
15044,1537835258
15048,3807886139
15052,1473845536
15056,1000784798
15060,1539081545
15064,3065222760
15068,110330478
15072,1555351898
15076,3323696879
15080,2783076103
15084,3948438606
15088,1324734918
15092,3103445437
15096,2841839405
15100,4003894517
15104,2466119479
15108,379641712
15112,4106950074
15116,1942240838
15120,276536222
15124,2213232577
15128,3174751935
15132,1076857443
15136,1439217182
15140,3543208872
15144,3048446577
15148,1080040419
15152,4180296829
15156,1020522537
15160,2308066400
15164,3934310826
15168,2613408795
15172,3867761635
15176,272865088
15180,2470279356
15184,3605022022
15188,1245319295
15192,954994871
15196,2613285596
15200,486300388
15204,3619487715
15208,4000033239
15212,381892496
15216,926643958
15220,2954859743
15224,73249502
15228,211385691
15232,177933561
15236,2433038443
15240,2407886952
15244,2452133033
15248,2069881297
15252,2439463928
15256,1255407568
15260,2240640367
15264,2112207587
15268,3592963733
15272,2847013069
15276,2999210817
15280,129067771
15284,412596653
15288,4285807565
15292,1164592665
15296,851388780
15300,4249036041
15304,3474972441
15308,3063307713
15312,4216842843
15316,4101618144
15320,903303284
15324,3035813474
15328,1500588972
15332,1704514794
15336,2527533793
15340,2319260937
15344,1144011976
15348,3247159869
15352,823253967
15356,3621972421
15360,1198750761
15364,3464277828
15368,2079143291
15372,1784050018
15376,2584820628
15380,3025059862
15384,3190227782
15388,4234445896
15392,2917450240
15396,1590480174
15400,1051158144
15404,3856638197
15408,3316524951
15412,1613603326
15416,1397481857
15420,4000973675
15424,285311892
15428,927140860
15432,250761877
15436,1977746145
15440,2208185247
15444,2120182902
15448,1273749221
15452,757416276
15456,3263263916
15460,3928582910
15464,3285421366
15468,1763966384
15472,1221799707
15476,1054526749
15480,1363055340
15484,4221205603
15488,1439077274
15492,410391673
15496,2638820323
15500,4140748189
15504,2747599601
15508,276036846
15512,887326912
15516,3695026458
15520,2932298149
15524,259610528
15528,209827233
15532,36911706
15536,2517150003
15540,1855090817
15544,582223217
15548,2526353888
15552,1556148510
15556,3894720747
15560,1344180524
15564,3358644080
15568,2016235702
15572,274864758
15576,2615107206
15580,48164643
15584,4078069381
15588,3448137276
15592,1355300741
15596,1521545193
15600,892117216
15604,1757802657
15608,3197001889
15612,3682295282
15616,3037115022
15620,1926299941
15624,531094867
15628,1086685629
15632,1081376224
15636,1401426017
15640,299468506
15644,2663555465
15648,3892983272
15652,815642753
15656,2297593748
15660,3512398884
15664,1263873595
15668,1626814662
15672,3389653612
15676,3297269236
15680,1684665798
15684,1299841232
15688,2412613687
15692,325198996
15696,3303931474
15700,2383241829
15704,744853488
15708,962720879
15712,3614127379
15716,2498932813
15720,444986189
15724,3667697537
15728,2373803795
15732,2274296526
15736,1382061702
15740,1024543960
15744,3388533033
15748,2061446470
15752,229463303
15756,342308800
15760,344901808
15764,1840142916
15768,1033572645
15772,1498552810
15776,3675589385
15780,1189224986
15784,1222170510
15788,193667550
15792,2371855713
15796,1137408897
15800,2482867741
15804,619618795
15808,4217234750
15812,2431410601
15816,1156665654
15820,4151578525
15824,314225497
15828,1188239868
15832,2914843707
15836,2641003057
15840,731943613
15844,640688117
15848,436633127
15852,102461812
15856,636318936
15860,756653121
15864,400275940
15868,26514742
15872,3479196152
15876,321130136
15880,2115966783
15884,435464746
15888,1748362208
15892,1432622949
15896,446404588
15900,2210604811
15904,3884432267
15908,2069607053
15912,2876444646
15916,886349683
15920,1134608768
15924,3951103972
15928,1380139426
15932,2845731000
15936,1867701455
15940,3496285300
15944,3753530439
15948,3629195691
15952,2898358086
15956,1993812379
15960,3344450127
15964,3267619105
15968,3067507089
15972,635194330
15976,1522759132
15980,2851437736
15984,603425332
15988,1742831644
15992,3775276923
15996,359869410
16000,2461699348
16004,229712319
16008,665280283
16012,613201020
16016,1745327556
16020,2916586007
16024,2191065231
16028,3820273502
16032,643596828
16036,2115163101
16040,1410657465
16044,2752154716
16048,2766315575
16052,2205370041
16056,299776378
16060,3555201135
16064,909875640
16068,1756366603
16072,3562074723
16076,339052009
16080,3802058844
16084,3323123157
16088,1216964864
16092,2064636368
16096,530515586
16100,396964549
16104,1496611270
16108,4019704517
16112,3042841415
16116,2103300134
16120,3558296164
16124,714179260
16128,1755756723
16132,337490141
16136,3097166955
16140,881402926
16144,3369875065
16148,1930052046
16152,1046229742
16156,2106705215
16160,2934850364
16164,564545742
16168,696188325
16172,2942949342
16176,194536649
16180,3531140695
16184,1138877734
16188,1593596730
16192,3683300714
16196,1667474242
16200,2697510701
16204,1876079600
16208,2503386537
16212,2672153033
16216,1028555310
16220,4055107309
16224,15717222
16228,3611680343
16232,2651818507
16236,3427229502
16240,3799148133
16244,654958766
16248,1489318891
16252,2247126892
16256,3086456004
16260,1869433288
16264,2325428456
16268,2921102191
16272,3937050751
16276,948731058
16280,405917552
16284,2514659582
16288,339768186
16292,2422944461
16296,1762157541
16300,3466557570
16304,2045943503
16308,681195333
16312,2206417657
16316,1472641749
16320,1431143266
16324,1466802902
16328,3196122276
16332,557241282
16336,1179272854
16340,1939532561
16344,1344036199
16348,657100098
16352,1920842493
16356,3883357624
16360,4092331358
16364,3553225945
16368,2145697398
16372,354933513
16376,2372565031
16380,1760733383
16384,3859789930
16388,4285346564
16392,2727834828
16396,426930763
16400,1052505636
16404,926166556
16408,139290873
16412,3570562285
16416,1124143482
16420,2511529972
16424,793856815
16428,1197659046
16432,2372647468
16436,2006763030
16440,2166038835
16444,4113505504
16448,1470323622
16452,2662325019
16456,2482874769
16460,1821419656
16464,1775756641
16468,24621988
16472,4291858474
16476,2893563541
16480,1861882620
16484,4017816478
16488,1162933723
16492,2182528400
16496,170051881
16500,3234490383
16504,2291380734
16508,2479160879
16512,969114128
16516,3405174955
16520,3956583210
16524,1629562135
16528,1123993169
16532,216551960
16536,1503469524
16540,1113035711
16544,2548600587
16548,1422345427
16552,2274087448
16556,3994217109
16560,1908746066
16564,548956569
16568,568201917
16572,3545833082
16576,3268236148
16580,953406308
16584,1217212714
16588,1029992896
16592,3431065884
16596,3694191211
16600,1120204535
16604,1905449496
16608,2500869331
16612,1588055996
16616,1786177753
16620,1075503230
16624,1263909268
16628,3812887528
16632,571135681
16636,2769188734
16640,1421334140
16644,3502742028
16648,3596417756
16652,216845948
16656,181990654
16660,1516196111
16664,1227109636
16668,2664521730
16672,3153803236
16676,1064416694
16680,3207068127
16684,2106158479
16688,794085833
16692,4008147229
16696,312364083
16700,230837903
16704,4275390389
16708,3785973882
16712,3742122880
16716,1444796401
16720,1300893355
16724,564794005
16728,2624608215
16732,281597241
16736,2538688218
16740,531989309
16744,3963712202
16748,1213936901
16752,2320865916
16756,109266705
16760,4248659654
16764,2381357013
16768,2284120505
16772,2224536184
16776,1723205848
16780,2501942566
16784,1757460091
16788,3889874013
16792,1615075166
16796,3122623133
16800,994659902
16804,17201029
16808,1821508687
16812,1575348183
16816,4071399828
16820,3933846560
16824,4217248497
16828,1218805424
16832,2650087015
16836,2005740023
16840,2056815273
16844,3754798114
16848,785485688
16852,554581256
16856,4178617264
16860,3908850608
16864,3754555787
16868,3736893740
16872,1643104228
16876,2474199432
16880,1044700857
16884,1717613329
16888,778226178
16892,3377910188
16896,902072213
16900,1385916657
16904,3608636952
16908,3501500683
16912,1556123166
16916,2713443454
16920,3519462008
16924,3468720619
16928,2611342557
16932,3056648677
16936,3705667592
16940,2080476656
16944,3620306126
16948,438898527
16952,454038842
16956,1014997814
16960,3563789441
16964,1261915461
16968,2163833039
16972,2673170384
16976,3058527388
16980,4224856221
16984,220525807
16988,3528167473
16992,4157842404
16996,4232054433
17000,1836869443
17004,1651869616
17008,1179979544
17012,1917783389
17016,407760381
17020,1199799746
17024,1248737114
17028,264666931
17032,1880179437
17036,1492112355
17040,3265659290
17044,3065459101
17048,2198759997
17052,4264351101
17056,939507433
17060,596869632
17064,3848337377
17068,483005826
17072,697929522
17076,1549775298
17080,3932773030
17084,2316055056
17088,457563370
17092,951915418
17096,2168601370
17100,3342268893
17104,2751254874
17108,3011625894
17112,4144852420
17116,555607654
17120,3958311606
17124,2090869902
17128,1931858745
17132,2054168407
17136,2873872472
17140,1932963733
17144,1689016346
17148,1163296035
17152,3192942903
17156,3579677929
17160,275689529
17164,1136921308
17168,3549183620
17172,2821443957
17176,2093037737
17180,795388882
17184,331346182
17188,2127780630
17192,1746588782
17196,3410570254
17200,1612609252
17204,3922046016
17208,365386779
17212,1450832021
17216,740361416
17220,1209914536
17224,2232396004
17228,1253942287
17232,182661581
17236,1983856906
17240,2130686588
17244,2198454491
17248,284269259
17252,2813659218
17256,1874112668
17260,406741954
17264,75065219
17268,2727310793
17272,1830209241
17276,2225377598
17280,2873046487
17284,805546311
17288,3051836779
17292,1201681861
17296,3675091443
17300,278065304
17304,4215581491
17308,2204523471
17312,2709885148
17316,2002224379
17320,3846009590
17324,3583607657
17328,2006425260
17332,690248600
17336,2588052899
17340,3581893066
17344,341971790
17348,4241392112
17352,882207393
17356,2718253760
17360,1494468520
17364,252629802
17368,3109897542
17372,3915392600
17376,3808414780
17380,2247635277
17384,1654975330
17388,1616689448
17392,1522785700
17396,2589757134
17400,493504417
17404,2908194202
17408,3257344059
17412,1452659736
17416,3139782748
17420,1678190521
17424,1199271985
17428,1339055676
17432,2347998399
17436,1310436508
17440,3753187068
17444,3506566392
17448,694544881
17452,2137659443
17456,1997649965
17460,416004195
17464,471775542
17468,4052503857
17472,835019077
17476,941196084
17480,1393891388
17484,646131309
17488,1513982595
17492,1634061907
17496,1547640230
17500,2361432398
17504,3025858504
17508,2541533911
17512,583216532
17516,1377678203
17520,1490466842
17524,4000667837
17528,2104972576
17532,2909240997
17536,2183041706
17540,2511069553
17544,4070505846
17548,3660023419
17552,3252652846
17556,1026071764
17560,2699500271
17564,1592625886
17568,943338655
17572,1421335064
17576,389930330
17580,821216390
17584,1677505714
17588,41770414
17592,1811891054
17596,2965207598
17600,1467269941
17604,3095113589
17608,570024320
17612,3855266922
17616,3223325881
17620,3307999583
17624,1869774697
17628,1220378528
17632,1852495232
17636,2841380658
17640,1656137616
17644,804154117
17648,3416230734
17652,1197856603
17656,2292940193
17660,2049587805
17664,2081058173
17668,4093933286
17672,292427689
17676,729802983
17680,3253924914
17684,1368224502
17688,2971831258
17692,532399045
17696,2703600136
17700,677257956
17704,3066477696
17708,1254887363
17712,576481466
17716,1390951973
17720,797480288
17724,3089655774
17728,22429706
17732,1986805320
17736,4110522262
17740,254512862
17744,3742317259
17748,2692598896
17752,1612609708
17756,1147981071
17760,2292709046
17764,1613877049
17768,2756205675
17772,3783899122
17776,4073019553
17780,819945340
17784,3351273091
17788,591858516
17792,2093503332
17796,3200720390
17800,925524170
17804,3846932065
17808,4110430022
17812,912928862
17816,1936975376
17820,2110972861
17824,7450773
17828,2751666653
17832,1899987916
17836,2417439471
17840,4120432705
17844,3024246730
17848,839570577
17852,1555307809
17856,393126788
17860,427071377
17864,3653935655
17868,4113653361
17872,529341971
17876,614170471
17880,1896153989
17884,3766709106
17888,4255634840
17892,2180519452
17896,2391100566
17900,682113575
17904,3809339946
17908,2085784665
17912,3561308565
17916,3264605815
17920,2760797238
17924,3123382056
17928,598276711
17932,3739571942
17936,30245915
17940,4066307061
17944,215541054
17948,706154373
17952,1840721458
17956,2528592208
17960,4068764768
17964,2466686399
17968,4293797856
17972,811785574
17976,3199428994
17980,3236275279
17984,2542103119
17988,907799627
17992,897993096
17996,1248174726
18000,783629654
18004,877932620
18008,2358670127
18012,594136184
18016,3694673195
18020,3156682415
18024,572821418
18028,139121319
18032,2696403140
18036,3834510409
18040,1121640007
18044,2826498247
18048,2340186809
18052,1458601413
18056,2984944963
18060,3750394047
18064,360728839
18068,2723404647
18072,1306362169
18076,1574932126
18080,2810845885
18084,2327972884
18088,1499304255
18092,3186753648
18096,3326052239
18100,2546009299
18104,1559432682
18108,3801597918
18112,1723936127
18116,1369611124
18120,3375186665
18124,4260878959
18128,2345808198
18132,1877816448
18136,3985927340
18140,303682789
18144,3908008809
18148,655859219
18152,3811536839
18156,493256066
18160,3556020450
18164,2049770006
18168,2472308175
18172,3999369457
18176,3962573561
18180,3389824370
18184,4290398207
18188,3401066855
18192,2733251092
18196,1187159716
18200,2995859857
18204,3104598224
18208,131381123
18212,232079419
18216,426553440
18220,2148394553
18224,783004066
18228,1297816483
18232,2356153479
18236,1078415510
18240,3744265460
18244,265981290
18248,1429955661
18252,2736953777
18256,1352847909
18260,2108920938
18264,612742027
18268,1950621030
18272,603350922
18276,2759185397
18280,1929069712
18284,3039912183
18288,2392159350
18292,3019026895
18296,912820477
18300,1044829895
18304,1905104627
18308,180388933
18312,3339518143
18316,1847756032
18320,641481835
18324,3130137215
18328,3396344389
18332,1444088195
18336,3769972876
18340,3274908732
18344,1751881408
18348,693536206
18352,1251762670
18356,1555731358
18360,3131914209
18364,3475107485
18368,592869829
18372,1241635578
18376,4161357991
18380,473191488
18384,3807280419
18388,2275173847
18392,1559908315
18396,3767928003
18400,231573704
18404,3012004031
18408,3418101431
18412,1764969873
18416,3914354431
18420,2742008161
18424,2857944605
18428,1136088956
18432,2775410025
18436,2596242170
18440,1048047630
18444,3088034771
18448,676619711
18452,2006832070
18456,2832236414
18460,3542840208
18464,3504884436
18468,3014645625
18472,224640145
18476,3502667490
18480,1751012119
18484,1048463365
18488,1646677734
18492,4224368793
18496,3506306724
18500,3188909463
18504,1444047970
18508,1586191089
18512,3107901851
18516,3663483572
18520,2989048738
18524,1362071435
18528,1199789963
18532,801762243
18536,1553047450
18540,1102511716
18544,3093236107
18548,3687201181
18552,1693980754
18556,2956362347
18560,3687502888
18564,1374483371
18568,2629283824
18572,2604664337
18576,4259983921
18580,4201858869
18584,577889182
18588,553418332
18592,2481768991
18596,3962597909
18600,4257918075
18604,4138186650
18608,4091342045
18612,530274500
18616,515917361
18620,181213593
18624,441556703
18628,2642225609
18632,607982778
18636,4237436150
18640,3005944705
18644,2505955133
18648,1182536350
18652,2888969135
18656,1798847165
18660,2379706852
18664,2260177464
18668,3157602635
18672,1451595898
18676,1651947470
18680,1575962902
18684,72666214
18688,767164786
18692,1371590853
18696,1061773338
18700,660360439
18704,3660001633
18708,1475248447
18712,3270296043
18716,3706095016
18720,3015868850
18724,3072829099
18728,408913582
18732,1074929315
18736,3655256347
18740,1160396436
18744,571432015
18748,3822661954
18752,2768455104
18756,2633301036
18760,4165725007
18764,1493837114
18768,3929592989
18772,3345457637
18776,361578460
18780,1343563785
18784,2889196673
18788,2965238997
18792,3266260565
18796,2034728867
18800,1064054453
18804,2507325048
18808,3901507692
18812,4111567472
18816,3172580488
18820,141585804
18824,268412903
18828,2710203022
18832,418193920
18836,1890936177
18840,3098781063
18844,1422622980
18848,3290273189
18852,378795679
18856,3177719519
18860,2084243161
18864,3893084436
18868,3140487759
18872,2895861763
18876,877909940
18880,490707307
18884,1534244090
18888,2053085634
18892,4242773201
18896,1285980063
18900,1872955822
18904,3884372580
18908,1760413387
18912,1095891089
18916,3367928702
18920,3539202589
18924,657883319
18928,325122475
18932,1158113824
18936,550302387
18940,4073189966
18944,1021636071
18948,3369545498
18952,3028537519
18956,3580845331
18960,3829037421
18964,4146387307
18968,976100895
18972,2369561039
18976,4001451451
18980,33191256
18984,1271628852
18988,3912706138
18992,116383000
18996,3810391824
19000,1640091453
19004,847178288
19008,2133400042
19012,3061643228
19016,664057253
19020,2657858254
19024,152094494
19028,412713883
19032,3469965261
19036,2918847728
19040,546867148
19044,2017846337
19048,2673071979
19052,2053244344
19056,3652974269
19060,3634134867
19064,1364904299
19068,1567318592
19072,2168854424
19076,2520324011
19080,4287125441
19084,1746721025
19088,1072232304
19092,1094608607
19096,4199506703
19100,2925590645
19104,3697995078
19108,495565247
19112,3568320898
19116,2353984985
19120,1292948420
19124,2272443741
19128,69552582
19132,2350209006
19136,2637430201
19140,667369020
19144,2679950417
19148,4085903197
19152,239594230
19156,668133637
19160,3512712940
19164,1418544407
19168,2425668627
19172,4079292248
19176,2625713420
19180,1631874750
19184,3052751591
19188,2377193449
19192,4191294489
19196,3457126056
19200,829823606
19204,920761617
19208,2733888998
19212,2137539785
19216,3333368255
19220,2395564367
19224,450759397
19228,589560613
19232,1855215143
19236,1859389970
19240,4033695626
19244,2488789664
19248,1393604302
19252,1004491601
19256,2344524566
19260,476588306
19264,1268126234
19268,252023217
19272,3217837834
19276,2490926321
19280,3479475223
19284,3801536010
19288,1639759647
19292,2322781195
19296,325686029
19300,1986198897
19304,1037209709
19308,202689453
19312,3918730260
19316,1745961322
19320,4287522037
19324,1114470443
19328,1412043349
19332,2679049874
19336,1076818919
19340,3884622494
19344,1389015807
19348,2208003494
19352,1295545879
19356,3965268524
19360,2371271914
19364,4148922767
19368,3578177801
19372,1572371859
19376,363729794
19380,2446409314
19384,468978003
19388,4154118821
19392,4198016884
19396,2410658618
19400,2867518269
19404,2910571357
19408,1724366372
19412,4085027767
19416,3459636882
19420,3468347457
19424,2300854179
19428,3364255812
19432,1462898164
19436,2286415738
19440,3354707745
19444,3765101399
19448,2312430121
19452,2777209287
19456,540529017
19460,1971022148
19464,972826223
19468,3714668757
19472,601580883
19476,2070011227
19480,3994812442
19484,2270737454
19488,2886405343
19492,1714634437
19496,4193292394
19500,1390610904
19504,989064649
19508,1717497772
19512,3888990173
19516,2316257418
19520,2349172373
19524,1179401657
19528,3249474885
19532,3842271381
19536,1581479045
19540,429023491
19544,1383481284
19548,883303611
19552,741485246
19556,61589191
19560,1342494288
19564,1115619946
19568,1152469858
19572,35367016
19576,707921781
19580,1622343295
19584,2382761085
19588,3141356745
19592,3250757456
19596,3790926558
19600,4165232291
19604,42272641
19608,3080183079
19612,1267581255
19616,1372084375
19620,197171977
19624,2119911917
19628,208855297
19632,2266257055
19636,2336273702
19640,2266733570
19644,4059229409
19648,77622682
19652,2118270435
19656,2419897346
19660,3858880467
19664,905347900
19668,537005925
19672,1119198421
19676,1019850367
19680,2593258205
19684,3208222217
19688,1716049344
19692,747302478
19696,1499087632
19700,3431764311
19704,2775586720
19708,3555475994
19712,514177609
19716,3678417301
19720,1927758172
19724,1017066348
19728,3180711438
19732,1464446230
19736,2195669539
19740,1900118367
19744,2073179787
19748,4170681396
19752,1108706866
19756,3845381796
19760,3693224879
19764,2683629788
19768,750453466
19772,4099004931
19776,736556235
19780,1756669081
19784,2154392618
19788,2564830931
19792,3377737868
19796,2754569428
19800,1435717022
19804,1976735025
19808,1015722140
19812,1774698839
19816,424478233
19820,2078103190
19824,443030862
19828,1738441877
19832,506372104
19836,542176927
19840,2785523283
19844,3293590131
19848,759051493
19852,55738135
19856,3167894233
19860,849767915
19864,3816180123
19868,947814023
19872,284887131
19876,4050179400
19880,4268632122
19884,19309866
19888,165959073
19892,695795787
19896,1533393471
19900,1758509921
19904,2425049218
19908,4197002333
19912,3825695193
19916,1413065483
19920,1596603500
19924,1731154129
19928,4113656963
19932,2313914018
19936,4215437997
19940,1053059894
19944,3371242479
19948,3660544909
19952,2222756222
19956,3335748673
19960,1103386077
19964,4153676358
19968,3532115047
19972,1183299875
19976,2069996847
19980,2698704640
19984,3403270000
19988,3822922370
19992,1417133694
19996,4014946109
20000,2522355511
20004,42646556
20008,3971193996
20012,3927828807
20016,1426655789
20020,1765255455
20024,1549545421
20028,2547533867
20032,3121963352
20036,3537323434
20040,3130111746
20044,1742626405
20048,3158731462
20052,1387860595
20056,1514019267
20060,2048739199
20064,3133187109
20068,1063731912
20072,2862093257
20076,26192152
20080,291509126
20084,2855068791
20088,133864116
20092,1680317215
20096,653042422
20100,3306229368
20104,251583643
20108,2056352312
20112,2872931526
20116,4277232770
20120,405343493
20124,1311702452
20128,1740580998
20132,2631491608
20136,3025314735
20140,1790330368
20144,880837612
20148,582941102
20152,607553658
20156,1883677217
20160,4016250756
20164,17777083
20168,1612722684
20172,1299462019
20176,770703011
20180,2946693425
20184,1883667281
20188,1174635086
20192,1234329190
20196,1435437226
20200,3478836213
20204,1236939028
20208,3383216558
20212,1678473943
20216,294574639
20220,1190261179
20224,383671249
20228,432476751
20232,2727494207
20236,2591791039
20240,1277828215
20244,2571155948
20248,427643465
20252,669722601
20256,1355744306
20260,1318169245
20264,635720643
20268,3512213278
20272,3991131851
20276,1819932973
20280,4273722748
20284,3227714391
20288,3118513044
20292,4007994579
20296,2905827394
20300,2758288348
20304,3200104754
20308,2478975707
20312,4239501932
20316,840636307
20320,2636262625
20324,4082584570
20328,847610015
20332,3401857874
20336,2864533655
20340,71526000
20344,2858118400
20348,3596205559
20352,1973034613
20356,3268171408
20360,1612770833
20364,360203014
20368,1282433402
20372,2123931214
20376,4088374438
20380,3128746663
20384,1785396397
20388,1569778153
20392,2659131393
20396,2251813418
20400,3435420791
20404,4009912592
20408,3111657299
20412,4198123508
20416,3624240621
20420,3601239463
20424,4200379764
20428,733690419
20432,2562533371
20436,1528603226
20440,3211050282
20444,2524345772
20448,1854189901
20452,3724219569
20456,1025061519
20460,2736388921
20464,2517596910
20468,3111649805
20472,2307920592
20476,1106428467
20480,1596597487
20484,1334258536
20488,2683468935
20492,3054401661
20496,2376421395
20500,2530759360
20504,2296698004
20508,2473856244
20512,4189495569
20516,900651700
20520,2959537298
20524,3937126183
20528,2023456107
20532,4038440947
20536,2469727971
20540,2551147295
20544,3082870080
20548,4227648367
20552,3165369101
20556,4033207649
20560,1180208151
20564,2332671825
20568,4198666788
20572,2793532165
20576,3828408753
20580,4063279337
20584,3218559270
20588,3938387400
20592,1103756719
20596,1305786990
20600,506547006
20604,3583877240
20608,2575393617
20612,1055375624
20616,2215831996
20620,2321050460
20624,4010729750
20628,2796679668
20632,925196116
20636,1410831652
20640,4280802601
20644,945704443
20648,1859574628
20652,2722000304
20656,2889743915
20660,2131895834
20664,3619731963
20668,2045711981
20672,3205067440
20676,1336868150
20680,1269746888
20684,2497562077
20688,2200056584
20692,3338620722
20696,867908782
20700,968263764
20704,1481297028
20708,2487747619
20712,364881173
20716,1010209511
20720,1993787660
20724,2377474132
20728,2016405864
20732,1290268531
20736,3903112362
20740,3518649580
20744,814848733
20748,3429708188
20752,3218035371
20756,3461425390
20760,2451569409
20764,145668326
20768,1350171850
20772,1234521194
20776,1080432589
20780,3272658497
20784,2166593079
20788,2339804078
20792,1491981300
20796,2333358753
20800,1713411961
20804,999911738
20808,1702774912
20812,1610170919
20816,2046049134
20820,2907212020
20824,1811443276
20828,908880254
20832,332186536
20836,3681487927
20840,1774461283
20844,1736236298
20848,216439127
20852,1439589842
20856,1892325184
20860,1042882900
20864,3008938817
20868,4243857903
20872,3995391520
20876,648565163
20880,3832757274
20884,4066372406
20888,2994650530
20892,2162216959
20896,3417861211
20900,3106810136
20904,3707741690
20908,940202499
20912,197436795
20916,1788425346
20920,4067603351
20924,2401307039
20928,2288206707
20932,2323333921
20936,1530562014
20940,2870262642
20944,3722996660
20948,955539002
20952,2235007119
20956,3464735728
20960,2168094959
20964,95953397
20968,492691814
20972,2460891545
20976,1145013212
20980,3939910803
20984,963011573
20988,4102151330
20992,1905749862
20996,1728054059
21000,4218693023
21004,3676122509
21008,11752871
21012,2687965699
21016,3897397946
21020,2930815751
21024,477474856
21028,3105648610
21032,2635697382
21036,3290856832
21040,736927890
21044,3302021550
21048,2157054571
21052,2252825551
21056,3696751645
21060,2785316279
21064,1906736794
21068,429281459
21072,1710588492
21076,29077868
21080,3083349001
21084,336895743
21088,1915225467
21092,243907829
21096,1269009534
21100,59107056
21104,4150977392
21108,3379815189
21112,657764108
21116,3366369925
21120,3190631799
21124,40039068
21128,1511182364
21132,231803896
21136,1552171704
21140,2885706236
21144,1970898618
21148,3396267506
21152,309361835
21156,2091149903
21160,3241179065
21164,3891356443
21168,3569282206
21172,3527121239
21176,1294295966
21180,919262330
21184,1216147507
21188,2036833148
21192,1528934831
21196,4238366148
21200,3846919313
21204,1063502470
21208,3236398803
21212,473553672
21216,2899945736
21220,3955657650
21224,3521266177
21228,1255666741
21232,3685173087
21236,3403810231
21240,2942034739
21244,2229932593
21248,4281374911
21252,3593016067
21256,4165231823
21260,1981796890
21264,2423482160
21268,137887839
21272,1480412570
21276,2748206349
21280,3480176098
21284,682330539
21288,2338675705
21292,2383698410
21296,2310287601
21300,3923738690
21304,2145510115
21308,2926184859
21312,922602527
21316,2999856772
21320,3733653533
21324,100681809
21328,170039419
21332,2172158174
21336,4075506949
21340,183355268
21344,1583449415
21348,275788205
21352,1577034635
21356,4198489646
21360,3730472318
21364,576555337
21368,1055644718
21372,3387470744
21376,3746183821
21380,3708138933
21384,3788978290
21388,2887021498
21392,4092144826
21396,1372896460
21400,149478702
21404,2842467768
21408,84835929
21412,4106588406
21416,2648380240
21420,3221676908
21424,3799070092
21428,628973041
21432,4265830269
21436,589256125
21440,3502999820
21444,1097906892
21448,1020879254
21452,2046603009
21456,3309351419
21460,829551918
21464,1799231124
21468,631450696
21472,2076495358
21476,767588508
21480,3862718727
21484,724249135
21488,3443791902
21492,3587455420
21496,2533973484
21500,3830975993
21504,3170594979
21508,863810236
21512,1996530397
21516,884615396
21520,1225546
21524,2417731331
21528,274067106
21532,556892765
21536,189809662
21540,56414676
21544,3827496838
21548,3394567356
21552,3435072747
21556,3273191531
21560,1954212938
21564,1336692097
21568,3359075111
21572,4123884979
21576,3871995539
21580,3241592340
21584,2029189643
21588,3062714159
21592,1553390557
21596,361301854
21600,1899588067
21604,923164084
21608,855657626
21612,1727355426
21616,3324598460
21620,4071117755
21624,3424072466
21628,429128254
21632,3963603206
21636,1876920058
21640,1579404897
21644,959701878
21648,2192076266
21652,2301825276
21656,601732833
21660,1968721658
21664,3916080777
21668,3276911130
21672,310235999
21676,458732230
21680,1049157225
21684,3282292609
21688,809935576
21692,3446855235
21696,1825751663
21700,1145530182
21704,1787819903
21708,3943318416
21712,1868984172
21716,1287837315
21720,2524566407
21724,3866840341
21728,3588060870
21732,4214703282
21736,516842578
21740,3363616104
21744,3256032923
21748,1311870518
21752,951227856
21756,3822818774
21760,2519868979
21764,778357519
21768,4205413829
21772,419295242
21776,2218899441
21780,3845101066
21784,785749586
21788,973027895
21792,3992734590
21796,1683405188
21800,3077415604
21804,895143000
21808,1420849916
21812,704660314
21816,12247729
21820,1038004828
21824,2646923681
21828,2073456026
21832,2513794715
21836,3069163107
21840,720872944
21844,115000807
21848,1250419235
21852,2700518104
21856,3004093120
21860,3899463050
21864,2944866467
21868,2376741836
21872,2599304774
21876,3263064898
21880,1891034743
21884,723664246
21888,333271406
21892,1574145742
21896,242075932
21900,4227547456
21904,2391849934
21908,2182090115
21912,2398133883
21916,3917245559
21920,2430448668
21924,1085490120
21928,1618677421
21932,3598953747
21936,3208033503
21940,1220837272
21944,2121119764
21948,2846023273
21952,229485792
21956,3116583574
21960,3863223321
21964,2034561270
21968,2810991216
21972,3485066568
21976,823843029
21980,439106290
21984,3329460496
21988,805163648
21992,1754835368
21996,486980315
22000,1833776842
22004,120393022
22008,2476372204
22012,885312662
22016,1626291482
22020,3100060539
22024,468722131
22028,1254982536
22032,1307122462
22036,410677666
22040,4116500676
22044,3359032892
22048,216492459
22052,2418252360
22056,784710328
22060,3808893128
22064,202092389
22068,2487902796
22072,3949295608
22076,417599189
22080,4280274769
22084,3726923077
22088,1211172064
22092,3186957254
22096,707364195
22100,3987941007
22104,765911331
22108,1494626737
22112,181079601
22116,2005587892
22120,1653601495
22124,3536771763
22128,2210070109
22132,2118421781
22136,1032790406
22140,2608972620
22144,3786203219
22148,3299188143
22152,785953838
22156,175043619
22160,1093665620
22164,2683566582
22168,317640072
22172,2837428820
22176,581217414
22180,2485741828
22184,3387492451
22188,1889167379
22192,3266962496
22196,68075764
22200,2043896606
22204,2907375176
22208,1585515761
22212,2324389374
22216,880704370
22220,1993626883
22224,2661995181
22228,2349914916
22232,2183089004
22236,84167317
22240,3266590834
22244,3327597639
22248,3542626187
22252,3662200603
22256,2509075791
22260,2578547290
22264,4254299401
22268,3508924056
22272,3742056146
22276,2291149893
22280,416503268
22284,316077999
22288,2206438377
22292,1588678861
22296,652745659
22300,1742455670
22304,3829366675
22308,1507989441
22312,667789110
22316,2663931937
22320,2752999934
22324,3727368748
22328,1903337811
22332,2188238092
22336,1627592207
22340,1935086940
22344,2316124386
22348,60521065
22352,20834424
22356,2088049188
22360,230746500
22364,3836549568
22368,2254995061
22372,443553939
22376,3167416760
22380,3749686691
22384,3767293459
22388,2408327298
22392,3009260962
22396,1893581050
22400,206010571
22404,1397287966
22408,1100717027
22412,3627762251
22416,1248341780
22420,982714809
22424,2714324582
22428,2228438986
22432,712561131
22436,3160204449
22440,1775317393
22444,1285501162
22448,386156991
22452,3391838500
22456,2890072578
22460,998960983
22464,2343718719
22468,1596187605
22472,3711707696
22476,1521670416
22480,2995394749
22484,26528991
22488,2096331645
22492,3833636575
22496,3240064994
22500,1157987768
22504,2939304413
22508,1493096092
22512,752065386
22516,1526687839
22520,1514688900
22524,3755778703
22528,3017461512
22532,1918871118
22536,598711811
22540,1292259716
22544,18236413
22548,486108547
22552,2303072159
22556,4275183531
22560,2749007962
22564,1301536569
22568,4265803498
22572,833929131
22576,2350418518
22580,1779114895
22584,1460630354
22588,2318918671
22592,2191172727
22596,2540906404
22600,3930987839
22604,1349715561
22608,4234041337
22612,357724648
22616,248281535
22620,3728449466
22624,1917641319
22628,448665292
22632,935791935
22636,2326427988
22640,2026860949
22644,1329795224
22648,3166264425
22652,3911438519
22656,1948617870
22660,3662778057
22664,1779830010
22668,910896421
22672,1170493215
22676,66616274
22680,783837346
22684,4187834000
22688,1279201418
22692,3941830513
22696,1264410219
22700,1828310034
22704,3821963602
22708,2980327257
22712,3757878489
22716,1051701782
22720,2079794606
22724,391122717
22728,2192976999
22732,558550048
22736,378319525
22740,4186706912
22744,4138010887
22748,4231277148
22752,3412852279
22756,3329487886
22760,1299573220
22764,224376045
22768,2376448954
22772,513619473
22776,558110530
22780,3994250126
22784,803957481
22788,714151100
22792,2330609268
22796,75975011
22800,481965580
22804,3133199510
22808,560335444
22812,1841764027
22816,2113733749
22820,37451560
22824,677834791
22828,3102908974
22832,2056947869
22836,4093071990
22840,1094795364
22844,128493252
22848,1880248376
22852,105558027
22856,2982666403
22860,3463751192
22864,2448990816
22868,3457780849
22872,2710741185
22876,1921961071
22880,2663862404
22884,675339968
22888,2816010973
22892,940155985
22896,2706458253
22900,1685681453
22904,1853586872
22908,2961142570
22912,114976388
22916,1809795190
22920,1319212336
22924,3776924377
22928,945564103
22932,4154743990
22936,3185025275
22940,4027970783
22944,772364562
22948,2653844117
22952,3953611093
22956,2643384336
22960,202701900
22964,1137703537
22968,2794791578
22972,3119273787
22976,2899565658
22980,1252764558
22984,4002795665
22988,1968856041
22992,449411984
22996,942720551
23000,303035505
23004,244546850
23008,2810685323
23012,3574471478
23016,3447429295
23020,493165084
23024,3464803255
23028,2488181810
23032,1505536157
23036,3479753766
23040,587662416
23044,729810338
23048,2522346428
23052,2543666360
23056,3715692625
23060,1319769794
23064,1268932183
23068,1210723723
23072,3124491770
23076,3372096384
23080,977883444
23084,1635979775
23088,3454562750
23092,1350173578
23096,3762261303
23100,1326558609
23104,499370815
23108,513081733
23112,598373273
23116,4131913256
23120,4070447245
23124,560100587
23128,1426590822
23132,2620916767
23136,318312605
23140,692720069
23144,3201255084
23148,360166947
23152,98501840
23156,2244973827
23160,422434365
23164,3195415721
23168,3031114636
23172,259921166
23176,1101501432
23180,3644485152
23184,3850811543
23188,2333702081
23192,1830290598
23196,3283445574
23200,4059513035
23204,3366426854
23208,1442219734
23212,1780847396
23216,1830274931
23220,4196088302
23224,2035273784
23228,1488349103
23232,1125988818
23236,1904716521
23240,820257352
23244,2335719971
23248,4115144012
23252,2049814404
23256,1074369686
23260,2997734682
23264,927901501
23268,397348215
23272,2336297897
23276,1091804880
23280,3530881783
23284,2547493026
23288,2392259358
23292,1050038922
23296,1503328801
23300,869715409
23304,3928385762
23308,278565017
23312,923683199
23316,3498153384
23320,3574393434
23324,1753284990
23328,322788145
23332,1149512283
23336,2184198362
23340,2305296191
23344,943801259
23348,3458690029
23352,2992832329
23356,2858108887
23360,979280432
23364,4148578105
23368,1023103632
23372,2020685011
23376,240873855
23380,256131307
23384,2986430887
23388,308770501
23392,333376313
23396,252402664
23400,3765599314
23404,1266564794
23408,1579195097
23412,2789288530
23416,4226299118
23420,4254687505
23424,4108077725
23428,3638500374
23432,365299593
23436,3146249503
23440,3734318117
23444,2222262431
23448,3576909743
23452,2194924347
23456,2001587003
23460,616908358
23464,1425627231
23468,2630781981
23472,2783163729
23476,3890440005
23480,174515242
23484,3329700576
23488,1914231626
23492,2969437439
23496,3935749090
23500,4079589301
23504,4029495914
23508,4213007719
23512,1770204664
23516,3751532741
23520,3673858328
23524,1168457832
23528,4139145817
23532,494963885
23536,4070639497
23540,1665745673
23544,4263959851
23548,752469970
23552,3873110801
23556,83184603
23560,1379779430
23564,2245255410
23568,844652218
23572,2041235111
23576,3827810521
23580,255853381
23584,4243991315
23588,987712741
23592,3451103428
23596,1426090720
23600,2308879217
23604,1470556679
23608,2064539266
23612,3170644650
23616,3617272791
23620,3352720866
23624,547234963
23628,237771979
23632,2376708877
23636,2974738476
23640,3959153167
23644,2519854804
23648,2251280883
23652,4292500969
23656,948355301
23660,1862512056
23664,649511068
23668,63561993
23672,1298373923
23676,325339023
23680,2277982594
23684,2313384112
23688,732748561
23692,2585679846
23696,3596971595
23700,2236640254
23704,887433385
23708,1857221968
23712,1024492771
23716,3136548197
23720,1021626877
23724,1262421063
23728,2219950215
23732,2554427367
23736,3134287511
23740,4115473726
23744,4122043048
23748,2381461585
23752,1932729566
23756,3877952758
23760,237040296
23764,3630481369
23768,3695561034
23772,3037071838
23776,4130564096
23780,1044089599
23784,2490760543
23788,2942623789
23792,2509658847
23796,3021815955
23800,4133706626
23804,1119574363
23808,2592284094
23812,1775795919
23816,1553101545
23820,263905776
23824,614456895
23828,3317402116
23832,3438128685
23836,2060522162
23840,2329875600
23844,3261717515
23848,3306792879
23852,1611277697
23856,242735493
23860,697920682
23864,1999718967
23868,2121492224
23872,2556804509
23876,1586937454
23880,1505472247
23884,4191019287
23888,2103111399
23892,2848451597
23896,364290383
23900,2822572494
23904,3642182136
23908,2651087921
23912,3842445190
23916,157142431
23920,2049864765
23924,1573178129
23928,2850577954
23932,3182544780
23936,3124847925
23940,92887354
23944,69013523
23948,1104622637
23952,738007749
23956,321223529
23960,997624469
23964,3269992018
23968,2477781129
23972,1412016651
23976,3374882067
23980,2243799872
23984,2937468141
23988,3414159163
23992,1759555740
23996,2334013066
24000,4092952007
24004,3305228128
24008,4083781836
24012,3478480924
24016,3364151338
24020,1302070254
24024,4113778397
24028,3474081538
24032,2415916646
24036,723320098
24040,913399004
24044,1815723499
24048,3344673900
24052,1059925704
24056,645693531
24060,2579426675
24064,885360440
24068,374187796
24072,2425710914
24076,3609318295
24080,3419127176
24084,2827471951
24088,841782273
24092,1112569033
24096,245476791
24100,704387359
24104,475845437
24108,1644584559
24112,321524713
24116,3556473314
24120,2368572308
24124,2124277044
24128,4080090853
24132,3518014831
24136,2206849911
24140,779823817
24144,2079701798
24148,144975812
24152,1197915038
24156,462603326
24160,1187849594
24164,2620572924
24168,896773406
24172,2164080630
24176,300480382
24180,136134745
24184,641295613
24188,920545533
24192,355413762
24196,2292889326
24200,2537443374
24204,3578343940
24208,1969164171
24212,4081190977
24216,2948494856
24220,2146484841
24224,38398551
24228,738634298
24232,3098998657
24236,4024154841
24240,2818392535
24244,1384114618
24248,2346657443
24252,974244248
24256,1225138632
24260,4121850040
24264,129603979
24268,4287005563
24272,1700540703
24276,23982645
24280,1644661561
24284,1632692350
24288,3075906328
24292,1725244395
24296,1272149019
24300,1581995094
24304,1540252656
24308,2087102171
24312,3139217196
24316,1298729001
24320,480766410
24324,3669743522
24328,366339020
24332,407776938
24336,3186886599
24340,727351510
24344,3696463045
24348,2892959290
24352,2403855373
24356,2859804234
24360,1773104101
24364,3513555594
24368,3062718836
24372,3542105660
24376,1029758174
24380,2195667986
24384,1543008446
24388,1426757632
24392,2834736662
24396,2044542616
24400,500596428
24404,3665155023
24408,2309897773
24412,591593022
24416,1232152510
24420,3307734764
24424,3123919466
24428,3075511598
24432,2071321745
24436,2697960115
24440,2902674639
24444,3516437481
24448,3934523718
24452,1994582631
24456,3310305010
24460,1851075291
24464,2396591899
24468,1247897656
24472,262868822
24476,3067796458
24480,1306461148
24484,199039992
24488,1738503874
24492,4253771346
24496,2714580718
24500,2319160572
24504,84899258
24508,817286884
24512,1616930830
24516,2870971835
24520,1709316139
24524,248057860
24528,2856716334
24532,2516746902
24536,3986177811
24540,3339388116
24544,2235447030
24548,3799099413
24552,3249885850
24556,527954503
24560,3284196036
24564,3613659344
24568,352829332
24572,3428603426
24576,961788106
24580,2304164522
24584,899368196
24588,13460113
24592,2342741235
24596,2172825062
24600,3798149546
24604,2334304029
24608,4200044533
24612,3694513021
24616,1612414113
24620,4274583362
24624,2814290179
24628,3512289619
24632,306746585
24636,2036907634
24640,869621361
24644,599617291
24648,90417545
24652,902348112
24656,867111138
24660,128146641
24664,2615143989
24668,2606768719
24672,2360778307
24676,2794665342
24680,1881230733
24684,3468760741
24688,264474856
24692,3333237487
24696,1116851354
24700,3698265740
24704,80763619
24708,4195292986
24712,635882998
24716,3696279752
24720,507398913
24724,2014977791
24728,4272564340
24732,219505130
24736,1469717722
24740,679546851
24744,2198346324
24748,1146958785
24752,3272137367
24756,2878874368
24760,3443388281
24764,1555108044
24768,878397823
24772,364907975
24776,3438975783
24780,1741529437
24784,3879454581
24788,2660899760
24792,1711623076
24796,2416552560
24800,1380604622
24804,980824889
24808,3685790470
24812,4116467517
24816,3983874457
24820,1372734547
24824,57918943
24828,700785664
24832,2790140400
24836,2385712023
24840,2627388857
24844,4066116921
24848,1251135202
24852,3329449273
24856,3614319711
24860,621735628
24864,2326280233
24868,3257081509
24872,2903008075
24876,2635416945
24880,1571479887
24884,2274378811
24888,835050508
24892,2234353148
24896,1396541637
24900,3241606292
24904,630004336
24908,3751762203
24912,3688275062
24916,4104235755
24920,3041047575
24924,42007317
24928,3844829590
24932,1179030521
24936,2657436784
24940,592450392
24944,3952309673
24948,1381915853
24952,296037364
24956,3703437088
24960,3533303085
24964,2101205034
24968,3976602478
24972,333933340
24976,1628009117
24980,936963464
24984,2580124152
24988,3146113892
24992,634985303
24996,1960295471
25000,3756788827
25004,1814975457
25008,2627617049
25012,4127440649
25016,2163989065
25020,1642296324
25024,463527153
25028,232839759
25032,2340824843
25036,2938305195
25040,2304202251
25044,4155880884
25048,3741558453
25052,1576894288
25056,626886552
25060,3228871102
25064,2961416202
25068,453096412
25072,3610366254
25076,415924024
25080,3147968776
25084,1008449264
25088,1612845349
25092,2743223444
25096,2982775727
25100,730529010
25104,127720150
25108,915333071
25112,1487231426
25116,476020289
25120,2485093631
25124,3452441870
25128,3956317921
25132,2932973775
25136,3847456035
25140,2601637936
25144,1398210251
25148,2166216324
25152,51229231
25156,4021064902
25160,2268614743
25164,4042448997
25168,610237546
25172,2568340988
25176,1498741714
25180,1356343493
25184,3088387153
25188,4050824501
25192,776494415
25196,1079013579
25200,2107266470
25204,2434407000
25208,3351814562
25212,1489092925
25216,3529720311
25220,4134662247
25224,2532053839
25228,3588646228
25232,566081993
25236,3214737982
25240,2563827197
25244,2524145934
25248,3114457707
25252,811066556
25256,243751872
25260,558765817
25264,3063225058
25268,3113058539
25272,436957284
25276,3809447930
25280,2822093208
25284,2511290415
25288,3381943525
25292,1736945181
25296,1335776188
25300,366771333
25304,3374459398
25308,1510423400
25312,2336752982
25316,3066131621
25320,1798113949
25324,3271880061
25328,3053623797
25332,2465667525
25336,930606196
25340,20869570
25344,1619852043
25348,1131752616
25352,3848714329
25356,1512825685
25360,1744642784
25364,1945305622
25368,2150821035
25372,3869956439
25376,2315638499
25380,4139235551
25384,205889755
25388,1895375449
25392,2614813414
25396,2496722399
25400,1971499721
25404,2141262376
25408,3608285759
25412,1715226517
25416,1478416717
25420,780615422
25424,2908140668
25428,1869925539
25432,2016728239
25436,355445663
25440,3813331327
25444,449743712
25448,763226966
25452,1869029781
25456,528671726
25460,1083401363
25464,906843777
25468,1669438002
25472,3393844553
25476,2165580490
25480,104887422
25484,4166708631
25488,2009596964
25492,255726299
25496,4099883866
25500,647275486
25504,1687094668
25508,148216921
25512,4055635791
25516,1803556440
25520,4164368536
25524,3364327444
25528,1752926511
25532,2705655030
25536,3535370280
25540,2876445127
25544,2665216348
25548,3582463922
25552,3219182410
25556,1472409647
25560,4038909136
25564,2975472983
25568,236132033
25572,373003573
25576,2080220382
25580,1411938427
25584,2768158250
25588,2589563560
25592,1559187173
25596,2282717974
25600,3985966890
25604,2923991661
25608,3255967612
25612,4222141736
25616,329727526
25620,59253264
25624,3808823484
25628,1165496887
25632,1283507373
25636,2946119843
25640,3040409725
25644,1036350605
25648,2073005169
25652,2159749993
25656,1430030043
25660,2969737603
25664,2773682321
25668,1783546989
25672,2304262456
25676,4292155820
25680,4066991480
25684,577885313
25688,2859853837
25692,1376994626
25696,4182010234
25700,4054803414
25704,3639661226
25708,2743951002
25712,591125277
25716,4124167339
25720,3249892243
25724,1809591596
25728,1023726898
25732,2945946759
25736,305997119
25740,384578977
25744,3930301254
25748,1781366812
25752,2289336290
25756,3661884522
25760,832151197
25764,3695948867
25768,3450322143
25772,380022210
25776,3578237502
25780,3158457935
25784,600671584
25788,1237252844
25792,1134229445
25796,3497216355
25800,3248499792
25804,406242964
25808,640693688
25812,661889189
25816,37760303
25820,3720160325
25824,2057392894
25828,3751853491
25832,1244525710
25836,4100069390
25840,1733754314
25844,81980042
25848,235644763
25852,1292318791
25856,2487721062
25860,721084281
25864,1371413144
25868,44445019
25872,3640655512
25876,2666184802
25880,3157342512
25884,1992126574
25888,4143264876
25892,2884659062
25896,2566723730
25900,2231742567
25904,4074328632
25908,510697143
25912,187440736
25916,1918376390
25920,815696507
25924,155656917
25928,879319613
25932,4057332326
25936,4041244664
25940,129635277
25944,3760514300
25948,1899001671
25952,3970331656
25956,1930974768
25960,447229124
25964,2390284614
25968,3814824482
25972,923292274
25976,2522892204
25980,98954013
25984,2244821254
25988,1328084448
25992,1820536106
25996,2770856149
26000,1970882251
26004,1197323094
26008,420212619
26012,178549433
26016,3256061443
26020,1708150762
26024,2216622954
26028,2893079152
26032,352356848
26036,2216072277
26040,158507539
26044,1865594816
26048,1660687566
26052,2424464498
26056,1563692097
26060,1332753699
26064,2511195955
26068,915658937
26072,3622310020
26076,1151606284
26080,1113837185
26084,2231411210
26088,2634573616
26092,2477787042
26096,1106689474
26100,1961837036
26104,3018510179
26108,18062367
26112,2031201079
26116,3935838365
26120,573901881
26124,3658114697
26128,891611307
26132,2205892360
26136,3608807364
26140,3820686006
26144,4067356698
26148,2477868323
26152,2323882780
26156,2542481709
26160,3379563394
26164,982100759
26168,2257841269
26172,4187281412
26176,2061503350
26180,1510131021
26184,1203566606
26188,2511747086
26192,3401963408
26196,3454438008
26200,2446692609
26204,3089117213
26208,825343838
26212,65764681
26216,2574044192
26220,853463393
26224,600722503
26228,2881553162
26232,2157614231
26236,4162304163
26240,588086321
26244,2343440686
26248,2933860652
26252,1348686888
26256,613658179
26260,2444354771
26264,2977984903
26268,2037830126
26272,2918614232
26276,958510205
26280,978341154
26284,764338204
26288,1350845547
26292,2035671750
26296,792430940
26300,265693221
26304,2728066387
26308,1257661796
26312,898853311
26316,3774630196
26320,3790763697
26324,3685492130
26328,2631325651
26332,3985807292
26336,3125653345
26340,1845775337
26344,1252084026
26348,668927780
26352,2116292935
26356,2559536561
26360,4004058504
26364,123964015
26368,3215444884
26372,385945134
26376,3967757141
26380,1033804212
26384,276256168
26388,3855704355
26392,672050418
26396,2646791280
26400,2667429758
26404,4038716690
26408,3446006319
26412,1369213211
26416,128941190
26420,269243122
26424,2678564098
26428,726018383
26432,2616508601
26436,2769056236
26440,104712285
26444,27776968
26448,337612527
26452,2112029998
26456,2960830255
26460,9125102
26464,4212461397
26468,718405721
26472,247903905
26476,3129631467
26480,2451105816
26484,2954825045
26488,563609897
26492,1805793682
26496,2123658938
26500,112735407
26504,2362028160
26508,4170017961
26512,1734159891
26516,2829293793
26520,709476331
26524,3203232011
26528,23236079
26532,3643897477
26536,1806602445
26540,475317234
26544,2726982688
26548,1999723859
26552,2529343963
26556,1038460848
26560,3264718728
26564,1667615015
26568,4289447255
26572,935154444
26576,3326564119
26580,2958102681
26584,3670772866
26588,1038377593
26592,2559819909
26596,1723867392
26600,4275951254
26604,2987126825
26608,2167892301
26612,1711015671
26616,3995747428
26620,1426447680
26624,323463379
26628,1807510152
26632,3907717367
26636,2171821604
26640,4254076905
26644,946052778
26648,2827313645
26652,4180802409
26656,3297379937
26660,4108233960
26664,3033100744
26668,3898854007
26672,1588051205
26676,2898075881
26680,1592378087
26684,3513958951
26688,4196830883
26692,290822331
26696,4155212965
26700,1597832089
26704,1806068072
26708,684506221
26712,1737020036
26716,1423328145
26720,1565282980
26724,207355282
26728,3117631559
26732,3816079745
26736,2219604968
26740,325346866
26744,1630889044
26748,3599812547
26752,1114741496
26756,2320109786
26760,364794750
26764,677552239
26768,2896869767
26772,3078609593
26776,1224183209
26780,148698474
26784,3323894982
26788,3582525848
26792,557017596
26796,2448802385
26800,1795775981
26804,4183270309
26808,3234970978
26812,2618205338
26816,3402087954
26820,4087008189
26824,1407818713
26828,721093493
26832,3939037866
26836,4090312749
26840,3121551682
26844,2396608616
26848,1387479473
26852,2834039101
26856,4124618051
26860,2204765291
26864,3567779314
26868,1756405066
26872,2026004096
26876,3410234634
26880,4118802592
26884,3938408398
26888,766041192
26892,207414503
26896,1908740132
26900,2825404189
26904,1487189457
26908,2572653539
26912,463646375
26916,1212933917
26920,731705210
26924,3452912027
26928,2303111608
26932,3928111119
26936,1056569406
26940,1945177639
26944,4108558535
26948,3596341384
26952,2808026611
26956,304427525
26960,2532949108
26964,633889594
26968,1615937403
26972,1366978223
26976,693662136
26980,1548134894
26984,2480217392
26988,3389506583
26992,3683355940
26996,685347815
27000,3038483897
27004,2905869968
27008,2609002859
27012,732664279
27016,3206969167
27020,1674514845
27024,971739317
27028,3200701126
27032,1163228809
27036,1578699264
27040,2867755021
27044,801707130
27048,3768625680
27052,1333318149
27056,1479503308
27060,2539282053
27064,4294327524
27068,1419800212
27072,2608972200
27076,3902562693
27080,2604437620
27084,1617129869
27088,4089180922
27092,452998945
27096,1708140730
27100,3119690217
27104,2942448994
27108,1073902836
27112,3960646309
27116,3362449060
27120,1862193089
27124,411065163
27128,397362238
27132,1918150069
27136,273152942
27140,1280171930
27144,1019239674
27148,3880507376
27152,338293952
27156,115718209
27160,749478369
27164,2409426091
27168,3072662366
27172,1159863278
27176,2422158366
27180,2885870576
27184,2123481889
27188,1632811548
27192,116727914
27196,3255263232
27200,1394347752
27204,2606977017
27208,654437532
27212,2278554035
27216,1193452051
27220,527637181
27224,3447811514
27228,113704978
27232,46818808
27236,3497436657
27240,1577981159
27244,1563769037
27248,2583296222
27252,179717556
27256,2195104424
27260,3606356424
27264,3728541318
27268,1027097235
27272,1672984161
27276,3095231212
27280,2659379414
27284,588791918
27288,1283087152
27292,2362291761
27296,1528986770
27300,798830879
27304,369720014
27308,3245852653
27312,3125559502
27316,1242169892
27320,476946718
27324,3540714128
27328,1461192684
27332,2325213057
27336,2123967508
27340,335980759
27344,2733530196
27348,3425662145
27352,5627517
27356,4165415288
27360,3029067931
27364,4159627848
27368,2844391568
27372,93431459
27376,2163370354
27380,3149885451
27384,1086742239
27388,3278558996
27392,2886860304
27396,3844517085
27400,2892104567
27404,2384492010
27408,3953185957
27412,1926627768
27416,2176363049
27420,3621402786
27424,743451780
27428,3286480856
27432,3852681237
27436,1516505004
27440,1934817440
27444,2445184461
27448,251036955
27452,3262263661
27456,1758378955
27460,1703313584
27464,4177712919
27468,567562103
27472,3089545384
27476,2977930729
27480,2196529351
27484,211006091
27488,3967351721
27492,3326168263
27496,2707767998
27500,2804481124
27504,2947236519
27508,483893975
27512,3075671556
27516,2679862878
27520,3872583887
27524,2740375465
27528,1437152474
27532,3834946178
27536,2113893754
27540,3046559504
27544,2419255537
27548,1895005329
27552,2857935905
27556,1984734681
27560,1323587207
27564,3148518967
27568,708736026
27572,673130373
27576,861010029
27580,1148318433
27584,3450150694
27588,3431735750
27592,1903829589
27596,1672894371
27600,2033674059
27604,185669432
27608,1939622970
27612,3367395456
27616,3112114212
27620,4075050936
27624,1067447227
27628,90844782
27632,3671044787
27636,1474393341
27640,697286551
27644,3535618559
27648,2220428599
27652,296022364
27656,1560849592
27660,3220215519
27664,2221209245
27668,2556046486
27672,846255690
27676,3042673089
27680,4274276315
27684,1314939805
27688,2636146285
27692,2740961196
27696,1593059726
27700,376592898
27704,3090459455
27708,3740254947
27712,1924558572
27716,3472534611
27720,876257231
27724,2170276005
27728,1691869401
27732,3847293254
27736,691526755
27740,417745916
27744,390267565
27748,1319136133
27752,3670903542
27756,1921063500
27760,269423444
27764,1978213559
27768,211637451
27772,1289839767
27776,607624389
27780,2578055064
27784,458574562
27788,2284032076
27792,1595144100
27796,1913704758
27800,694665134
27804,3091974008
27808,3948978902
27812,3341201208
27816,4131151763
27820,1107242789
27824,2654570105
27828,3355658050
27832,1401958700
27836,3223736058
27840,630996936
27844,3098660410
27848,3507930021
27852,3358817929
27856,4075992250
27860,1022672380
27864,1431946106
27868,2012957425
27872,2049367855
27876,4158340211
27880,765003971
27884,3073295460
27888,2338195221
27892,3415557816
27896,2800707327
27900,2147030223
27904,1825552548
27908,616051075
27912,649563254
27916,2316922084
27920,443675495
27924,681967963
27928,3110108656
27932,113393010
27936,2572614945
27940,3992644628
27944,2175796947
27948,1436245945
27952,2691916421
27956,1666638355
27960,3117265510
27964,2888944980
27968,3390070598
27972,1134220805
27976,3520780149
27980,476599718
27984,1742429957
27988,2490126720
27992,1788335261
27996,3218472769
28000,694209586
28004,3799401118
28008,1488275446
28012,2476649604
28016,2484803254
28020,1676968585
28024,2480612210
28028,978493174
28032,1502153425
28036,1890813592
28040,2067965382
28044,2079261565
28048,3236728508
28052,3163266868
28056,2889891783
28060,3791617061
28064,3931315324
28068,3998904583
28072,990573436
28076,903507725
28080,2371667397
28084,3570779859
28088,1854718076
28092,3190073482
28096,1542648143
28100,280166766
28104,2914741547
28108,2519704429
28112,904741730
28116,3473373189
28120,2960604457
28124,2335395329
28128,390215620
28132,4292841571
28136,1430977505
28140,3889982591
28144,1924261015
28148,3318732125
28152,697718361
28156,88916380
28160,3709334526
28164,2089305920
28168,4154667380
28172,1789611623
28176,3535561991
28180,2733232257
28184,3631609212
28188,2441711585
28192,586913274
28196,1523482323
28200,254860928
28204,3911539849
28208,1787314909
28212,2563381174
28216,308520481
28220,3701253618
28224,1964347559
28228,4257003265
28232,530545165
28236,3897985286
28240,3634595152
28244,2322137351
28248,3600403195
28252,1923095246
28256,3970082811
28260,2739897940
28264,3662438209
28268,134681380
28272,620991598
28276,2394481975
28280,3288203866
28284,3323344054
28288,2810028056
28292,3441649967
28296,3469002176
28300,1477969071
28304,4176411106
28308,1879272285
28312,3350643337
28316,2457935779
28320,3966646409
28324,1202667992
28328,129767300
28332,1832154644
28336,4162571851
28340,2266985477
28344,139506786
28348,706337456
28352,3149895395
28356,1895948811
28360,1678719088
28364,3968305954
28368,3790352778
28372,2487078555
28376,1988085110
28380,3353952567
28384,2049032938
28388,3389341182
28392,2584436963
28396,29059805
28400,4117936090
28404,1392740994
28408,2442548467
28412,833031144
28416,3522270014
28420,79595439
28424,1311369819
28428,4124053970
28432,2872113200
28436,2547905927
28440,3799738398
28444,2429386172
28448,1555474501
28452,634387066
28456,1152956197
28460,1722605508
28464,2561254427
28468,2860533192
28472,2515281086
28476,3054434564
28480,300651049
28484,3434533998
28488,3457948131
28492,3736678260
28496,3600609865
28500,949718154
28504,1979872311
28508,1177912854
28512,3511492678
28516,1722380279
28520,1672503002
28524,3605241925
28528,82475592
28532,4024256824
28536,2725306736
28540,86752968
28544,2217542518
28548,2518852326
28552,3394595929
28556,2540310083
28560,467924771
28564,1597174721
28568,2572758200
28572,2294705793
28576,2787476863
28580,3973349501
28584,951197121
28588,861334628
28592,3546677460
28596,1417418049
28600,1897655244
28604,3873675294
28608,119154207
28612,3079678044
28616,1634760103
28620,398038269
28624,410595695
28628,491495179
28632,582144306
28636,2289477961
28640,4050936507
28644,2368257935
28648,3009351757
28652,2236285144
28656,2027262250
28660,4003424990
28664,2825412292
28668,3575496099
28672,3405738299
28676,4265957946
28680,2980169118
28684,2286883841
28688,4160607398
28692,690085524
28696,1128571177
28700,1905596295
28704,1017459179
28708,1567529074
28712,2747365276
28716,3694206282
28720,3452604526
28724,789057281
28728,1091202337
28732,754316074
28736,2798431611
28740,1363376475
28744,2817847013
28748,2146527258
28752,937338405
28756,3196266301
28760,398478716
28764,2274468681
28768,1939525040
28772,2796102945
28776,1580637466
28780,432655524
28784,2458358404
28788,2224603370
28792,726210462
28796,4184925657
28800,2498624703
28804,326636453
28808,642128015
28812,3084700654
28816,2342024022
28820,4199348391
28824,1480835548
28828,1683582696
28832,2350017995
28836,4174923494
28840,3673561137
28844,2091587715
28848,82835110
28852,2173038631
28856,296761703
28860,2183527760
28864,3915768456
28868,3407890381
28872,1981242738
28876,2938065187
28880,2898055652
28884,2279452112
28888,394222192
28892,3729734483
28896,4148966352
28900,3165595222
28904,1914856074
28908,2224704498
28912,894992242
28916,4025896230
28920,2606388214
28924,3650475702
28928,2410066981
28932,3588306551
28936,3820495141
28940,1627851546
28944,2885996425
28948,2616262420
28952,3240359015
28956,4215412051
28960,1104084968
28964,3410218750
28968,2180865829
28972,3568771385
28976,1370261361
28980,2433553249
28984,302383577
28988,2965640756
28992,217536708
28996,2946499594
29000,1359087130
29004,1732326295
29008,2242034914
29012,3748824188
29016,3971714264
29020,3175442155
29024,2359039666
29028,1856860069
29032,244305327
29036,3986818287
29040,3115379035
29044,3852492321
29048,1289463150
29052,3348349209
29056,3863142071
29060,1800904805
29064,1732221927
29068,175032132
29072,455459665
29076,4263816508
29080,246557352
29084,3056276128
29088,1943630310
29092,3623593687
29096,203382527
29100,558473880
29104,1468787190
29108,320889978
29112,2032811077
29116,2921251950
29120,3710201417
29124,251993478
29128,2499589729
29132,3790981030
29136,2210069444
29140,2856869437
29144,1258417179
29148,1842682221
29152,617555803
29156,1557234158
29160,215082474
29164,2173081888
29168,1334351521
29172,2378755465
29176,880587173
29180,1266287880
29184,2005645839
29188,860538809
29192,1207751994
29196,3568007715
29200,416149012
29204,542768197
29208,3797488322
29212,895048560
29216,273820376
29220,3997616798
29224,3097793963
29228,2157831061
29232,56203378
29236,3352884729
29240,16718507
29244,199072745
29248,4277676724
29252,3260867840
29256,68676069
29260,3593334082
29264,2467209684
29268,1767593092
29272,2615347324
29276,169089367
29280,4148169366
29284,2107668022
29288,2352595254
29292,1049202681
29296,3498424232
29300,3385953629
29304,2919677853
29308,1424790891
29312,3128858376
29316,3792625725
29320,2850450348
29324,3278854105
29328,3755855230
29332,1415958965
29336,3891001016
29340,1906720098
29344,2235441180
29348,1361644355
29352,83297042
29356,3302792293
29360,2077385208
29364,56085029
29368,1979873821
29372,5421908
29376,2034914226
29380,86629749
29384,1952737479
29388,3836703981
29392,671771034
29396,2171105604
29400,1302935179
29404,2657277233
29408,475453041
29412,1192557510
29416,2930477743
29420,901555880
29424,1178468618
29428,2589610998
29432,2918917428
29436,671615612
29440,2355392070
29444,3763468667
29448,762559290
29452,197911116
29456,749127606
29460,3861854808
29464,1300137837
29468,2779890683
29472,1325499419
29476,723093873
29480,220472158
29484,1328932573
29488,2967017765
29492,1440501277
29496,119901366
29500,3872707245
29504,3551173588
29508,4285070875
29512,456704835
29516,2186977859
29520,3835224172
29524,2880888872
29528,1525429395
29532,2966032811
29536,2094564230
29540,2680582904
29544,952750608
29548,1468123421
29552,1166575061
29556,1013048767
29560,3029339111
29564,777232309
29568,4065141824
29572,2680760598
29576,154329314
29580,649136865
29584,1589432576
29588,3806280047
29592,3918381655
29596,2465433008
29600,1988144547
29604,2157691484
29608,1819368697
29612,3490829244
29616,2899471992
29620,319728607
29624,1519688103
29628,1907621391
29632,418804731
29636,1637961501
29640,3732175684
29644,1096414666
29648,1869474857
29652,1301542237
29656,3093504798
29660,2348553665
29664,1883424218
29668,1553149263
29672,219866896
29676,3377910755
29680,2267704114
29684,1468460008
29688,3663890339
29692,3072933740
29696,875727469
29700,2395579291
29704,276854122
29708,3332267149
29712,1691666857
29716,3877417426
29720,988711017
29724,1380636110
29728,624614978
29732,3550050121
29736,484750187
29740,4182052402
29744,3151725894
29748,4290916315
29752,3356384691
29756,410773682
29760,3848874776
29764,321086060
29768,3943936317
29772,3935999097
29776,2946060724
29780,695326367
29784,731512599
29788,4172893208
29792,146151153
29796,663337778
29800,2904079160
29804,85490185
29808,3656630860
29812,420306910
29816,2128408377
29820,3848434541
29824,2148996718
29828,1356309834
29832,815082368
29836,2198512661
29840,4224867832
29844,3002263560
29848,3899494692
29852,1832541500
29856,162354244
29860,757356533
29864,3428128598
29868,2671941883
29872,56407775
29876,767398697
29880,3029280893
29884,70709333
29888,2883488169
29892,3817452130
29896,276966403
29900,3918361959
29904,3369811525
29908,939818549
29912,3966214507
29916,553764316
29920,954919692
29924,2999454017
29928,3459258160
29932,3340446570
29936,626959682
29940,1452345501
29944,1075817180
29948,4276088372
29952,1019687960
29956,1920206645
29960,530698211
29964,828704769
29968,1462955110
29972,1859648449
29976,3316489988
29980,1912777207
29984,1747559068
29988,458936029
29992,201882145
29996,4191784734
30000,1342258384
30004,3186276167
30008,3602292969
30012,3678293750
30016,3001718283
30020,945476866
30024,2675492729
30028,1309984000
30032,3750576872
30036,3709747343
30040,1107008466
30044,3036906315
30048,2821524040
30052,32320128
30056,2371960510
30060,1268354336
30064,3769692828
30068,2965881685
30072,2052480368
30076,2836115661
30080,3146696691
30084,1317308021
30088,3892222522
30092,2382057571
30096,2934372004
30100,1915465856
30104,1896026870
30108,223148192
30112,3683878155
30116,1617389613
30120,3788063478
30124,2478258296
30128,3126759528
30132,2305711192
30136,3429434149
30140,4141363189
30144,2434045823
30148,1766501288
30152,1328787060
30156,1199047829
30160,3432267806
30164,2531343328
30168,3120556491
30172,3843326040
30176,454617526
30180,4103977895
30184,1905507681
30188,1435433875
30192,3388442417
30196,1476769921
30200,3231557217
30204,3617066067
30208,2926677261
30212,1357695164
30216,1183979712
30220,3906436582
30224,4058655261
30228,756173711
30232,3365535220
30236,3319408199
30240,3408009394
30244,175201003
30248,3321659251
30252,791599919
30256,3984111977
30260,2159715206
30264,2487914563
30268,3578576642
30272,3195126692
30276,424197990
30280,636265966
30284,2194304914
30288,315833079
30292,3223605053
30296,2266958570
30300,2894993074
30304,1763058908
30308,1390371957
30312,4050862976
30316,1590329736
30320,1121546875
30324,1593469849
30328,2592216619
30332,2132757504
30336,670710065
30340,1500126263
30344,3404472965
30348,2043487191
30352,3997674833
30356,2086322246
30360,2408757873
30364,2137768509
30368,2405754875
30372,1905701638
30376,3064498873
30380,627604429
30384,201199070
30388,1905357176
30392,2967960645
30396,2309746383
30400,3187313745
30404,3918227730
30408,1142628963
30412,2847217235
30416,520841219
30420,1146989258
30424,3275697615
30428,747284663
30432,4031063799
30436,1140188158
30440,2555473048
30444,3034990452
30448,2249046391
30452,1484022564
30456,4022467594
30460,4027055806
30464,1237068570
30468,2018019760
30472,323164358
30476,2643570154
30480,2077552373
30484,4096176219
30488,2384772111
30492,3632654258
30496,3833605430
30500,2794656970
30504,3188673911
30508,3975259618
30512,755778611
30516,3007023831
30520,3653208553
30524,1416782757
30528,2427612943
30532,2131096430
30536,1143331017
30540,3429991096
30544,881129058
30548,1457498630
30552,3209151025
30556,1392546142
30560,4079990554
30564,1796684702
30568,3871814227
30572,3572964647
30576,3763816695
30580,1448635423
30584,2526223012
30588,650930154
30592,3534815483
30596,2640603499
30600,2532035388
30604,3757095934
30608,4144026186
30612,4187194189
30616,2164938501
30620,954776579
30624,462054676
30628,3292082147
30632,46372109
30636,2459672361
30640,1475790209
30644,3145844849
30648,2916989501
30652,3685072645
30656,3369308396
30660,1061121415
30664,1420496974
30668,2915061172
30672,1359341086
30676,3974365560
30680,3049187704
30684,3038987550
30688,3644861198
30692,3743300565
30696,1879152690
30700,2813400995
30704,1372622939
30708,3512438007
30712,1497690298
30716,2473524411
30720,446880502
30724,1753752427
30728,1099421441
30732,2354731595
30736,3970224860
30740,3105289249
30744,180850618
30748,2353846458
30752,3707691551
30756,4215002082
30760,3805403778
30764,1841271754
30768,3151663120
30772,361274537
30776,3219229495
30780,149983647
30784,684199312
30788,3841970772
30792,2196349903
30796,281229186
30800,4194350195
30804,1947556590
30808,676240769
30812,1159133939
30816,1446198649
30820,2181596055
30824,3336235853
30828,909179053
30832,2221502777
30836,3557321917
30840,1040700839
30844,3771972621
30848,2372114070
30852,3374295630
30856,2253127105
30860,2773060178
30864,3401954425
30868,1699922631
30872,713879902
30876,3678319517
30880,2075901631
30884,42702795
30888,662291366
30892,3916507599
30896,2959839464
30900,3154470009
30904,1439017966
30908,1443875012
30912,3917752124
30916,633997796
30920,4144846334
30924,2893004047
30928,1166397886
30932,846861486
30936,1402722687
30940,247613519
30944,2723572411
30948,2474817137
30952,2467078886
30956,809495031
30960,3171708885
30964,136886585
30968,2707495875
30972,4025898865
30976,4145203485
30980,2132026972
30984,372640561
30988,615252314
30992,3861708239
30996,4182311356
31000,4221259635
31004,2974281385
31008,4099903521
31012,1970649481
31016,3961881636
31020,98013641
31024,1360573902
31028,2730955494
31032,3361745819
31036,2355542567
31040,3583748209
31044,2935724503
31048,3385545801
31052,2549800097
31056,353135712
31060,1434574980
31064,1813959196
31068,2711627260
31072,1339430158
31076,3618813207
31080,2025386803
31084,334983668
31088,454354213
31092,938840504
31096,1643991847
31100,1686069467
31104,1303683740
31108,681359196
31112,2881209339
31116,51998871
31120,1690446419
31124,2614819179
31128,1255112923
31132,3726668872
31136,1886198622
31140,4287681792
31144,4190722251
31148,2471545767
31152,3074948487
31156,3566277142
31160,3188848807
31164,297178024
31168,3179026562
31172,179713647
31176,1082486672
31180,1431662003
31184,445855064
31188,2219491350
31192,4144527081
31196,1027533497
31200,551952198
31204,2750245840
31208,1516986250
31212,599980733
31216,350320929
31220,619695895
31224,3974066250
31228,3691776383
31232,2374889301
31236,1386719642
31240,4035401911
31244,3075956263
31248,2231969140
31252,1733964005
31256,3170625233
31260,1321956889
31264,2702350722
31268,1628271672
31272,2158955168
31276,1746073659
31280,2361348749
31284,191250361
31288,1233554116
31292,1007346021
31296,2289471222
31300,3525769381
31304,3444967094
31308,1080935787
31312,3185312725
31316,765096558
31320,3204073521
31324,4048726707
31328,3404611436
31332,889869360
31336,814599503
31340,3520121883
31344,2909543852
31348,3346565148
31352,753766776
31356,2862100092
31360,2821480718
31364,2983926875
31368,3241373510
31372,2341893416
31376,2510365744
31380,49755057
31384,662896551
31388,3832544241
31392,4100147536
31396,2583427936
31400,3767187129
31404,1842393960
31408,4176873571
31412,1984186434
31416,246935487
31420,2746353008
31424,2323509866
31428,3359250357
31432,2161875053
31436,2635092362
31440,1981979949
31444,3886068648
31448,3012566855
31452,1617893667
31456,3569231723
31460,350675313
31464,2942631736
31468,306520304
31472,1105500177
31476,4061776387
31480,275141285
31484,1797384836
31488,4148025877
31492,1979839395
31496,2986383231
31500,734832359
31504,423659259
31508,831765982
31512,2263981650
31516,1430562358
31520,1775703667
31524,2257795238
31528,2733666992
31532,3237151382
31536,47598037
31540,3377876325
31544,107257551
31548,1726304004
31552,3556844093
31556,3403232338
31560,2382530681
31564,2339378362
31568,1443485927
31572,3059122142
31576,113604888
31580,3586832196
31584,1661436355
31588,3750389713
31592,3393608959
31596,3633056642
31600,2574060735
31604,1106350666
31608,2105519352
31612,3509891900
31616,331745474
31620,1258481045
31624,3792355372
31628,3611476015
31632,3378896109
31636,529416806
31640,1737116871
31644,772049730
31648,2847752595
31652,4048987665
31656,1691639529
31660,601837670
31664,244951183
31668,3647308667
31672,488351988
31676,1955747561
31680,4062152085
31684,1805044442
31688,934381447
31692,3184559877
31696,3221657770
31700,874646250
31704,3753226954
31708,6904264
31712,2761808127
31716,1922691599
31720,4246611572
31724,3455317774
31728,821032635
31732,3117440393
31736,3843663236
31740,1055605786
31744,3336370917
31748,1208847488
31752,1212354457
31756,255427867
31760,222498354
31764,2431281853
31768,3861685311
31772,3482827758
31776,174950400
31780,83785617
31784,3933901360
31788,433026181
31792,82656132
31796,3822672701
31800,730316312
31804,3824169015
31808,1622230682
31812,739457407
31816,4262093209
31820,1662540983
31824,4197693469
31828,2586224705
31832,2331058844
31836,4065216980
31840,178405273
31844,3420181392
31848,1770753280
31852,1491477872
31856,2194064394
31860,4285631754
31864,987439110
31868,3149166556
31872,1794550851
31876,2893450072
31880,1468414151
31884,2217156558
31888,3538054107
31892,2756645271
31896,1955795985
31900,2163256368
31904,3018362156
31908,836190377
31912,3761960239
31916,4084978087
31920,2498800696
31924,2886404290
31928,1200997858
31932,2137256022
31936,1345245283
31940,886072048
31944,354512103
31948,3547569961
31952,1628375417
31956,2038927055
31960,515433377
31964,2473286427
31968,3059555445
31972,1814383111
31976,3398223311
31980,4000000379
31984,1391808378
31988,2280412807
31992,4121427062
31996,3401933986
32000,165226582
32004,3737890968
32008,3398127197
32012,1241852805
32016,1839045739
32020,2070259025
32024,2864964515
32028,1267012460
32032,1487190838
32036,2156964264
32040,1211837489
32044,2535255062
32048,1883728880
32052,3728839467
32056,2283640365
32060,92251260
32064,921495509
32068,3147519721
32072,3821259417
32076,3885230966
32080,3650299248
32084,2379091542
32088,2957950636
32092,1837360240
32096,676077527
32100,3328027062
32104,2538496935
32108,4179866256
32112,2924029169
32116,619872271
32120,3134748645
32124,2585307968
32128,317301743
32132,3954333490
32136,3076671191
32140,189753143
32144,625833152
32148,919932066
32152,692488786
32156,3191251120
32160,733994893
32164,1441773603
32168,980203249
32172,3744991763
32176,2963876267
32180,1079878762
32184,1492576687
32188,2473505336
32192,3509533706
32196,559276087
32200,307656773
32204,1670052576
32208,647719988
32212,1935164385
32216,2295980202
32220,673430718
32224,968423503
32228,2797242277
32232,2183789684
32236,2365400118
32240,2132383489
32244,3847086628
32248,1977331123
32252,798944561
32256,2909135888
32260,4012852003
32264,1865767451
32268,4121727870
32272,2572241991
32276,2519004802
32280,2110837413
32284,1968517190
32288,359209547
32292,3242662752
32296,3465628422
32300,1230459218
32304,3933078973
32308,1623216316
32312,3072088518
32316,3454948572
32320,1417766513
32324,2304888058
32328,983289931
32332,286311582
32336,642998035
32340,523341498
32344,3824268273
32348,1357266947
32352,3772036068
32356,1639124349
32360,2660644803
32364,382331864
32368,144293787
32372,3595204800
32376,1937433697
32380,4215718671
32384,4086337317
32388,1552235970
32392,3731510268
32396,957642369
32400,3672850145
32404,4119123818
32408,3073025432
32412,1055294355
32416,726616829
32420,1710421845
32424,4136717640
32428,4073432395
32432,355552623
32436,2894228685
32440,2912356277
32444,3315360767
32448,977059800
32452,345810945
32456,2484121730
32460,1032158044
32464,4248507238
32468,2252327971
32472,3842080448
32476,3626389100
32480,374200360
32484,1483768237
32488,1621458581
32492,1537387710
32496,3098699123
32500,2284329824
32504,3886978010
32508,1549893323
32512,2743975061
32516,905190847
32520,1290925058
32524,3648547526
32528,1720491438
32532,2924714463
32536,2843197252
32540,1743110314
32544,3054255574
32548,945002920
32552,12315917
32556,968347434
32560,2552950088
32564,740230299
32568,3338704917
32572,1609372023
32576,181250643
32580,3090682209
32584,2670406409
32588,3408362439
32592,2498096455
32596,471664021
32600,4206370127
32604,3712249601
32608,156089154
32612,2627380309
32616,3758350764
32620,3234339583
32624,3227337265
32628,1215314197
32632,1055255915
32636,1367544164
32640,1031969293
32644,2144710473
32648,2755755043
32652,3548342167
32656,2249902398
32660,2038621776
32664,1328969758
32668,1685975496
32672,610968554
32676,371503434
32680,3032206401
32684,310402878
32688,4101793426
32692,2518781741
32696,1207105752
32700,3991847265
32704,782854500
32708,989784597
32712,3258378058
32716,2476780158
32720,2243844974
32724,1703550412
32728,19595675
32732,3881663592
32736,3394770862
32740,2586400290
32744,2259819624
32748,3393474640
32752,3093647942
32756,3370216861
32760,2404571501
32764,1163425802
32768,105154697
32772,2632422685
32776,1254651972
32780,994680211
32784,3165944098
32788,2581317067
32792,2449587794
32796,3283712658
32800,1249840650
32804,2872289783
32808,3253452432
32812,3334066075
32816,1752800890
32820,1619992956
32824,1469316030
32828,1154907201
32832,2466479499
32836,3256107841
32840,4228731334
32844,4190186986
32848,272964145
32852,693590658
32856,3438973563
32860,1217443595
32864,3230350502
32868,3272344039
32872,3688843716
32876,232008590
32880,2718775292
32884,1968028042
32888,578092931
32892,320644821
32896,2500306852
32900,4167884936
32904,2851336867
32908,3184057884
32912,2856533729
32916,1751521794
32920,3982767469
32924,697094239
32928,1535613611
32932,2331606219
32936,1302146229
32940,309771335
32944,1103299634
32948,4237134251
32952,242415984
32956,2510511204
32960,428556035
32964,3478473763
32968,2606116055
32972,1955895419
32976,4013698670
32980,3034263694
32984,2781798595
32988,946687202
32992,3396888520
32996,3107660287
33000,2298674579
33004,1999866297
33008,3894209467
33012,3298276077
33016,3065629382
33020,874036428
33024,2919994100
33028,818808494
33032,3199029951
33036,4152155235
33040,317438717
33044,2289535811
33048,3263784957
33052,1613476471
33056,2660469214
33060,369628940
33064,1261096243
33068,2788057180
33072,192962962
33076,2127067450
33080,490443402
33084,2181672558
33088,3460870567
33092,2196063346
33096,4157071575
33100,4288729273
33104,898672134
33108,2613763377
33112,720927182
33116,1528624993
33120,232225760
33124,402879227
33128,2497840788
33132,3122156752
33136,315590605
33140,2869263393
33144,1836225093
33148,1390752350
33152,3396179947
33156,3051618688
33160,1318972446
33164,123461018
33168,2145680554
33172,3290217142
33176,1262252157
33180,122754682
33184,4236150585
33188,919821244
33192,2213493926
33196,1525228338
33200,3621924096
33204,2483291168
33208,1678505608
33212,1779848164
33216,3056367540
33220,4081247802
33224,717762808
33228,510049847
33232,1522834594
33236,1230033861
33240,1223024898
33244,2123229740
33248,2067086347
33252,2792704048
33256,556260342
33260,3443241704
33264,883827198
33268,1839706199
33272,999316226
33276,4062742107
33280,1448430686
33284,1298072335
33288,279972123
33292,1222070628
33296,1775691101
33300,3343728435
33304,905699540
33308,2585133248
33312,2849420783
33316,622651648
33320,3553080847
33324,3748241512
33328,3364749200
33332,2871513142
33336,279354031
33340,834306894
33344,1768128249
33348,3456719399
33352,3203764000
33356,425952362
33360,2383332065
33364,709493776
33368,2966046502
33372,93231998
33376,1531592674
33380,4058468892
33384,2667558490
33388,3951791088
33392,1063259546
33396,571170112
33400,4156855356
33404,3254589226
33408,2022683664
33412,3285185869
33416,3479931176
33420,3598326791
33424,3947938277
33428,3025995221
33432,2366569666
33436,3716196402
33440,1842383740
33444,3441006958
33448,754378075
33452,2416509001
33456,1198422460
33460,4081027060
33464,701629576
33468,2986513531
33472,2153563394
33476,2737754237
33480,564023391
33484,662302050
33488,3096165639
33492,983484308
33496,2129879406
33500,3234687112
33504,335782588
33508,3173855032
33512,2878371197
33516,2331522122
33520,3452357397
33524,3662513585
33528,135218048
33532,3502208958
33536,1536430731
33540,1002200214
33544,2702132560
33548,3290889666
33552,2023197636
33556,3950700584
33560,2539544370
33564,2842072596
33568,2765379180
33572,515909715
33576,1628157225
33580,1334589297
33584,1502868768
33588,1674655944
33592,3908378700
33596,544266752
33600,1967338849
33604,3561874156
33608,927455874
33612,2956291679
33616,3970279298
33620,1291053700
33624,2516704775
33628,3352926268
33632,3752700376
33636,804703955
33640,779312994
33644,3376209860
33648,3017406594
33652,323782962
33656,3722137142
33660,1885136409
33664,1076632049
33668,3738500495
33672,3716551882
33676,4006585247
33680,3790755395
33684,2031389960
33688,850551843
33692,2265153605
33696,1683628345
33700,2801607069
33704,2634150886
33708,3120987688
33712,243482034
33716,679547242
33720,4188876772
33724,3722305740
33728,2027527308
33732,1869889122
33736,3050211405
33740,1211331589
33744,1577702157
33748,1435021646
33752,80286921
33756,2979126991
33760,69238731
33764,4074059090
33768,2465421037
33772,419975776
33776,3724102507
33780,3310754768
33784,1030618406
33788,422725242
33792,249740630
33796,385340470
33800,579455660
33804,1254327684
33808,1834510339
33812,4163407201
33816,3239792254
33820,2151402924
33824,3737142753
33828,3152982942
33832,3659484740
33836,3410532949
33840,2578580569
33844,2563353053
33848,82097751
33852,1528992535
33856,774634989
33860,398110367
33864,1449042757
33868,1844796191
33872,1781768777
33876,188693053
33880,612369457
33884,2958385439
33888,1709390924
33892,1186500704
33896,1667199694
33900,790916972
33904,3031464761
33908,3375236398
33912,585376549
33916,829490173
33920,2757101318
33924,3094754907
33928,2907854184
33932,2081493155
33936,2589990589
33940,1015650310
33944,3785153987
33948,3511388904
33952,956300983
33956,505348791
33960,1023269438
33964,813578916
33968,1609588336
33972,2966153570
33976,2987409663
33980,3534887243
33984,115621974
33988,210885798
33992,1550685991
33996,2419881718
34000,2486812551
34004,2126575731
34008,2758067076
34012,1470360062
34016,816298577
34020,2026723623
34024,2792458604
34028,1716420491
34032,2210134750
34036,710076527
34040,720489254
34044,2262504046
34048,3388727154
34052,3215033674
34056,3103163339
34060,1182368545
34064,1465654883
34068,1539288073
34072,1906278108
34076,259423249
34080,4031290625
34084,3187812577
34088,3110737569
34092,867096790
34096,3253119493
34100,233042345
34104,1278298686
34108,2734838307
34112,315779440
34116,396475955
34120,54058078
34124,1774953516
34128,3617770306
34132,2839203049
34136,329599296
34140,3364184199
34144,1643738133
34148,60948339
34152,3373228435
34156,4247723774
34160,3746569382
34164,686498778
34168,2852448687
34172,150341431
34176,4238534649
34180,2697208717
34184,749103863
34188,3609662949
34192,4114354405
34196,2796404209
34200,2441235296
34204,2005529356
34208,967633914
34212,3044465137
34216,395891702
34220,4250337362
34224,3801374287
34228,135476632
34232,3080835343
34236,451380185
34240,2492069955
34244,1277105151
34248,3450227291
34252,3327364940
34256,127292699
34260,3190156147
34264,3613976983
34268,2279899190
34272,3451489855
34276,1987137087
34280,2621856633
34284,1240955857
34288,4256082613
34292,3960493707
34296,645813990
34300,2294725324
34304,2288373508
34308,1432111709
34312,2306037835
34316,610698955
34320,1268620084
34324,1011325778
34328,1603418282
34332,1714992385
34336,761796076
34340,1954763290
34344,2739254389
34348,2712626760
34352,3885007976
34356,3603177876
34360,2068393980
34364,2469497890
34368,3353135082
34372,511991622
34376,1256450086
34380,2099004711
34384,3522930176
34388,143738574
34392,48869838
34396,3458906326
34400,942432201
34404,3173962613
34408,3660332636
34412,2874493078
34416,2350091130
34420,3805410948
34424,3484198742
34428,345537550
34432,1537705113
34436,2562375318
34440,3272602480
34444,3532245789
34448,2131475139
34452,2043298382
34456,4031005909
34460,2431526699
34464,159457517
34468,2862226303
34472,459434382
34476,1849695451
34480,2290112325
34484,1873916417
34488,3288555071
34492,2962972170
34496,2046266983
34500,2563328857
34504,2890972550
34508,3875552467
34512,3397510072
34516,3354825326
34520,2021444718
34524,1235606114
34528,2918945551
34532,3831755107
34536,267445286
34540,2161449368
34544,3790351490
34548,2263538160
34552,2138326932
34556,1450556065
34560,3217119424
34564,2089470900
34568,1554395747
34572,284759898
34576,2254987182
34580,2908391058
34584,158853666
34588,1297265814
34592,331209852
34596,1686931245
34600,4004515579
34604,43823942
34608,1524030122
34612,2163642511
34616,1900666798
34620,4138690860
34624,3603694344
34628,1275337286
34632,2270292408
34636,740068175
34640,1658233858
34644,190621947
34648,2832407113
34652,608913860
34656,3142450127
34660,542360628
34664,3427433139
34668,517992881
34672,1766374024
34676,2567424060
34680,704929878
34684,3457678954
34688,2924805824
34692,1515119693
34696,1256779646
34700,3774984477
34704,4156755292
34708,4212136150
34712,3345084478
34716,1439331522
34720,1254254484
34724,2400221223
34728,3635652159
34732,2306767098
34736,2781570672
34740,1004341880
34744,1291352599
34748,339246368
34752,4050917894
34756,3073765432
34760,579338713
34764,70007160
34768,3582200362
34772,3956686747
34776,2495451749
34780,418133300
34784,2727462030
34788,1938332840
34792,3585514532
34796,248001058
34800,1168147592
34804,715162682
34808,1505338484
34812,263029439
34816,2052285661
34820,4222312311
34824,1034429821
34828,4160698776
34832,1266296380
34836,132542221
34840,629049590
34844,3290744670
34848,3188554404
34852,3751233969
34856,815368822
34860,3064325855
34864,4275845600
34868,3888489788
34872,392940076
34876,777337211
34880,3133892083
34884,2936359414
34888,2147107910
34892,318510235
34896,526395189
34900,1489507731
34904,2022216124
34908,2825923643
34912,3325614524
34916,3470307402
34920,2141079335
34924,2041655976
34928,373449705
34932,4198507001
34936,4243806367
34940,192781104
34944,3798904451
34948,2970017388
34952,4108314604
34956,2787213884
34960,2997827013
34964,2620857947
34968,531242234
34972,2208313596
34976,3601111771
34980,2408163918
34984,1074449811
34988,2182857610
34992,820055701
34996,3131179882
35000,634385787
35004,107452417
35008,2387677778
35012,2274501972
35016,3173788190
35020,1078365931
35024,2693808664
35028,1863807443
35032,2849833659
35036,1047598152
35040,3815141962
35044,3474915588
35048,3392270697
35052,1484756496
35056,3789373275
35060,446482281
35064,417489431
35068,1738249861
35072,3892453208
35076,948629458
35080,1447268144
35084,2259559866
35088,1128621044
35092,1246914271
35096,3652571900
35100,3020924537
35104,1046896753
35108,941517833
35112,2333509601
35116,514431641
35120,1802256334
35124,2801524074
35128,3486669416
35132,3481937328
35136,2667900575
35140,370021050
35144,630607025
35148,3547320731
35152,2380390241
35156,2853313779
35160,75562042
35164,4002726494
35168,878202903
35172,4091865433
35176,1813327995
35180,3499408913
35184,2761054859
35188,303456089
35192,3694139011
35196,966692294
35200,1651636800
35204,1120341121
35208,4206096458
35212,1070281289
35216,3138899066
35220,402877369
35224,4188484345
35228,1344428412
35232,2037393012
35236,1090348568
35240,2608245693
35244,1011056258
35248,231478930
35252,3676634114
35256,2816565469
35260,4035602586
35264,4220131521
35268,2280742834
35272,259747856
35276,1429223886
35280,4160586573
35284,1054261407
35288,672476013
35292,4045740328
35296,3595676642
35300,1134750500
35304,1410556119
35308,1015327192
35312,782946628
35316,2482917555
35320,1798213291
35324,231664893
35328,1656956223
35332,958693082
35336,1105000809
35340,3796455334
35344,3601926956
35348,937226230
35352,772340416
35356,392962008
35360,2870974814
35364,3361838941
35368,2288912872
35372,1360757437
35376,3834497622
35380,3073261217
35384,3560177756
35388,4168661298
35392,1768619132
35396,2540382043
35400,1539983550
35404,3901529319
35408,1163689897
35412,1303486900
35416,1334488167
35420,4013655000
35424,2649966204
35428,1505278531
35432,1576609813
35436,4172672777
35440,127055163
35444,3896608587
35448,4292596450
35452,390396783
35456,2612215606
35460,3980091167
35464,2604433243
35468,1625864358
35472,2163878107
35476,808148155
35480,4078542944
35484,2958894741
35488,2384552370
35492,2908851577
35496,4288577041
35500,1049878311
35504,2226587836
35508,1515555519
35512,3583760429
35516,3127083474
35520,1549361217
35524,151338282
35528,3377850305
35532,3430017793
35536,1894763828
35540,4174616162
35544,805282891
35548,907287366
35552,2598992871
35556,633255188
35560,735289322
35564,2383777481
35568,2989460622
35572,1601973189
35576,239976070
35580,3813054329
35584,717413308
35588,1657813127
35592,41621566
35596,1573945214
35600,663508259
35604,4060081070
35608,925539837
35612,1420213903
35616,949922529
35620,3830590842
35624,2227439457
35628,2762294752
35632,1456663453
35636,1670148200
35640,3799585225
35644,487715542
35648,3870164597
35652,78767572
35656,1987111811
35660,564013411
35664,135283044
35668,2827801279
35672,4246333727
35676,1227047795
35680,643672208
35684,1503395558
35688,1778284276
35692,1716889874
35696,2743685973
35700,3037230921
35704,96765971
35708,3428253439
35712,3069020707
35716,274509586
35720,3310342121
35724,2356563505
35728,3456271866
35732,2905320943
35736,222946585
35740,3757139941
35744,4229893374
35748,4160195474
35752,1334634294
35756,532649176
35760,2479158987
35764,3159855483
35768,4291181455
35772,1934032078
35776,1420602104
35780,4144034029
35784,3057473150
35788,2407791410
35792,945446990
35796,1751765781
35800,1881805614
35804,866786211
35808,772635604
35812,3058680485
35816,1407165819
35820,2162227704
35824,3143240010
35828,1391558133
35832,1414623762
35836,1908067526
35840,3868434092
35844,1262735278
35848,360563537
35852,670827502
35856,3446329403
35860,2220478560
35864,172099612
35868,2113840225
35872,3277351145
35876,3700403007
35880,3810966022
35884,831478194
35888,37404593
35892,3069972576
35896,626785146
35900,1595376405
35904,1552646633
35908,3091202182
35912,3158003410
35916,2604228975
35920,2476500863
35924,178886869
35928,2337792
35932,2483243414
35936,226419255
35940,2047889534
35944,1452953642
35948,1205104598
35952,3983087691
35956,3466032276
35960,2887836951
35964,2603580285
35968,1907862315
35972,339000292
35976,885758987
35980,896200357
35984,3456855270
35988,96616493
35992,2933938069
35996,4281763303
36000,9964450
36004,1242090715
36008,4202524454
36012,432208436
36016,2687115134
36020,1078851676
36024,2441855111
36028,1294907711
36032,1411696755
36036,2814170701
36040,2563214737
36044,1288371849
36048,2378038415
36052,4023126872
36056,2190568640
36060,741239279
36064,3110555419
36068,4272257044
36072,4024712948
36076,3619256605
36080,2725641226
36084,856522050
36088,2454828347
36092,2848588775
36096,706719829
36100,718932224
36104,2182436042
36108,1118560098
36112,4071755845
36116,1083317329
36120,3910051817
36124,2523857553
36128,551534555
36132,1153950453
36136,1238354213
36140,276553491
36144,3053764026
36148,2457249309
36152,301927285
36156,2722732069
36160,1234803458
36164,1984278939
36168,1261991854
36172,703948806
36176,3559135299
36180,2325596658
36184,3938410747
36188,2212741044
36192,1707003237
36196,1027944269
36200,2421657417
36204,1025482703
36208,786437313
36212,541518825
36216,660641052
36220,1379686342
36224,175997973
36228,1062726518
36232,1959887803
36236,2723581387
36240,2345126308
36244,1037075997
36248,2197793991
36252,299000886
36256,1585384104
36260,2032962555
36264,28947104
36268,508782590
36272,955631053
36276,1517263414
36280,737642871
36284,1968292826
36288,766127546
36292,1825531561
36296,4013082604
36300,2196165409
36304,1136269204
36308,1151413746
36312,3352045803
36316,2969160454
36320,923112774
36324,2976084375
36328,886427380
36332,1147073227
36336,3481222490
36340,3920104263
36344,2306569007
36348,3622505554
36352,1821089429
36356,2358690693
36360,298314266
36364,2527012146
36368,2755158820
36372,417158420
36376,712748889
36380,3753576102
36384,3893518477
36388,2877234955
36392,3764372172
36396,1336583053
36400,4220200251
36404,3881187863
36408,1539337916
36412,2657440967
36416,2987318170
36420,3330726767
36424,312357942
36428,2631049650
36432,2299473079
36436,2424448089
36440,1645479551
36444,2425688460
36448,1400377433
36452,2824469015
36456,2299581052
36460,173222800
36464,207497243
36468,528827463
36472,4090280525
36476,640408024
36480,3090025150
36484,3353582569
36488,1785943304
36492,942335116
36496,361328143
36500,1106743316
36504,697664027
36508,2572489069
36512,3449505528
36516,717811504
36520,2343237315
36524,1841462193
36528,562708437
36532,1375707524
36536,2737670170
36540,495782560
36544,3591734431
36548,1985397446
36552,3986929993
36556,1326615313
36560,330008030
36564,2766541827
36568,3131867440
36572,4104661438
36576,4137260298
36580,4186117682
36584,1469748426
36588,3889520139
36592,4293955477
36596,837552356
36600,2113183786
36604,2816066922
36608,2041067933
36612,2715352161
36616,1391324894
36620,2888636600
36624,3722179242
36628,1744287230
36632,3199209656
36636,689091340
36640,2934556152
36644,2491128171
36648,1606455825
36652,2012043540
36656,2312807109
36660,1594244124
36664,463859590
36668,3930087149
36672,633570975
36676,1477067448
36680,1304228681
36684,889229725
36688,3037003275
36692,2062110892
36696,2896195925
36700,3821674029
36704,2865229499
36708,1317835399
36712,4244977060
36716,854637588
36720,2987722137
36724,2629983278
36728,3152609124
36732,3246038694
36736,663542208
36740,3578858914
36744,4239120786
36748,2219738081
36752,1674551830
36756,83029578
36760,36274248
36764,2925488092
36768,3628187389
36772,1460557199
36776,548552183
36780,397386070
36784,2057029788
36788,2907807160
36792,1550844960
36796,3759944314
36800,1364052676
36804,2260614054
36808,1071430773
36812,610147873
36816,690648611
36820,245770020
36824,3776739522
36828,3549382434
36832,4138658392
36836,2563639043
36840,682021045
36844,2601556678
36848,1515236642
36852,487800253
36856,4101735189
36860,1752587471
36864,344419968
36868,2668366479
36872,4124947487
36876,2594750557
36880,1524679710
36884,2218513826
36888,2538979676
36892,2517391873
36896,2889366199
36900,658644731
36904,60855237
36908,1639764850
36912,716625309
36916,1967361706
36920,843817323
36924,1177693254
36928,2159469889
36932,1750224211
36936,3979716056
36940,1515352709
36944,878223074
36948,1938244105
36952,4026644798
36956,2999437131
36960,991414821
36964,1569700807
36968,1984302178
36972,3344163225
36976,2801460847
36980,952272133
36984,354415170
36988,898340039
36992,3414877021
36996,2685567274
37000,791504887
37004,4173352047
37008,3764569539
37012,3193675868
37016,1333131446
37020,2454700805
37024,3161977182
37028,3145265720
37032,3067190743
37036,823514320
37040,1764095411
37044,850978954
37048,3646715533
37052,3735755005
37056,1004959364
37060,38521420
37064,1751389157
37068,898040862
37072,3911040140
37076,375026471
37080,774597830
37084,1655659080
37088,118464153
37092,1500851107
37096,619975292
37100,3064037790
37104,551546788
37108,2819463673
37112,3081837218
37116,4025678459
37120,3584647738
37124,1050965914
37128,3616891125
37132,3742619243
37136,281173426
37140,689483651
37144,620274065
37148,2931135390
37152,3133779871
37156,745980343
37160,1042306656
37164,1910766893
37168,2213343778
37172,3037296507
37176,1015446584
37180,1986607230
37184,2461598252
37188,1062295271
37192,3195114321
37196,296671022
37200,1438135389
37204,2554570121
37208,1927330936
37212,3762821541
37216,1196297377
37220,873998353
37224,814388968
37228,577515016
37232,4073389376
37236,218188052
37240,3647972751
37244,3686772478
37248,4279326504
37252,1753663689
37256,1450839686
37260,626628608
37264,3404810954
37268,2333482812
37272,4165317293
37276,2460247736
37280,2475637111
37284,2115126708
37288,1238607100
37292,1543239247
37296,2869803994
37300,2437659327
37304,2803282195
37308,931771089
37312,1447627879
37316,907745405
37320,3411315912
37324,2893925455
37328,3506670426
37332,1862781353
37336,174705858
37340,2683365188
37344,2320391042
37348,3792735282
37352,3682016165
37356,1546205938
37360,1510992216
37364,1493374529
37368,1978860320
37372,3581102956
37376,3567109414
37380,1884319800
37384,3371660832
37388,1834033116
37392,3440752280
37396,1630397135
37400,2282233519
37404,2081928708
37408,688624096
37412,3226105591
37416,610392562
37420,1588745512
37424,3500136734
37428,2229388946
37432,350231442
37436,1736717956
37440,2789573611
37444,1753901917
37448,4087915393
37452,1210710410
37456,3574515021
37460,1110484318
37464,2689091376
37468,772897867
37472,506353742
37476,2220109107
37480,2392288778
37484,3188391617
37488,392111096
37492,3039631997
37496,3073171783
37500,3891720174
37504,2254449087
37508,1517364943
37512,1531074628
37516,73754922
37520,2093280275
37524,72121260
37528,1473832137
37532,1349415625
37536,749466164
37540,2592828901
37544,3437122318
37548,772024611
37552,20765152
37556,4004892900
37560,3214592103
37564,2741355392
37568,2562489647
37572,3729678110
37576,4041830087
37580,455937972
37584,3918693982
37588,2686348601
37592,2600322521
37596,1180576052
37600,2886083704
37604,4073663194
37608,629569225
37612,3198412119
37616,3904592431
37620,3390673483
37624,2511235257
37628,3533815504
37632,2791378058
37636,3200350436
37640,3696522915
37644,3212596129
37648,2306336399
37652,1684242120
37656,3263839924
37660,1978437980
37664,380455828
37668,2348965146
37672,3388949735
37676,1964202834
37680,856355194
37684,860038212
37688,3290227340
37692,1171827400
37696,572876204
37700,3211031540
37704,2183912925
37708,3042278676
37712,2945371364
37716,4136152456
37720,3742964645
37724,3382347590
37728,2808898101
37732,2416214888
37736,3223603994
37740,2280047703
37744,993530464
37748,208832501
37752,606451048
37756,3412465041
37760,2952607121
37764,3799634863
37768,1005639978
37772,1565387341
37776,3153795925
37780,2129060025
37784,1554185518
37788,544807254
37792,2305364780
37796,3155353509
37800,1973252831
37804,147122267
37808,2615100859
37812,4149649455
37816,472667634
37820,1943554171
37824,4088405535
37828,4131137632
37832,3053099535
37836,3536964431
37840,135698156
37844,135994924
37848,1735832655
37852,474223612
37856,3217917078
37860,3902142739
37864,1346928624
37868,3485231553
37872,3352837152
37876,2731250343
37880,4192452276
37884,76626462
37888,3054821043
37892,2091544983
37896,1790019513
37900,1361538779
37904,251353365
37908,1099342364
37912,3837477945
37916,1358743180
37920,3896729776
37924,2060921181
37928,4266189749
37932,104644782
37936,2848841701
37940,4225846010
37944,2093327142
37948,4017815145
37952,3704953071
37956,1269536243
37960,1948995100
37964,255815444
37968,3441752717
37972,2335574606
37976,1124761493
37980,3205661713
37984,139540076
37988,2294685988
37992,4170418400
37996,275297195
38000,3218875015
38004,4106824306
38008,2696556608
38012,1267607949
38016,1332751786
38020,2055180882
38024,710032475
38028,3779979440
38032,274619961
38036,2661677859
38040,2990742475
38044,2586458219
38048,2576347957
38052,304757895
38056,3103209466
38060,2649081348
38064,2245258510
38068,1908415250
38072,4176136914
38076,2129933475
38080,3209488373
38084,409171718
38088,2441730841
38092,1487202046
38096,1156723482
38100,1050438717
38104,368728974
38108,3800638201
38112,3529521168
38116,3168182846
38120,3139758328
38124,198854432
38128,1996672944
38132,2718719289
38136,3734225067
38140,2949322715
38144,3195606510
38148,1159315731
38152,2308735255
38156,1565108637
38160,2951904947
38164,3844093108
38168,4171811237
38172,2430207957
38176,97413536
38180,4197576809
38184,3431297738
38188,3320652173
38192,634387309
38196,972728392
38200,614582988
38204,3163704953
38208,1708469078
38212,2550632030
38216,2720695039
38220,4282254810
38224,946796358
38228,1416165398
38232,3904300777
38236,1887523188
38240,739587604
38244,3595657361
38248,809739094
38252,3857492591
38256,1990049330
38260,3548469254
38264,3030918983
38268,2999935308
38272,567812752
38276,3943878509
38280,16451770
38284,3451166152
38288,1655728444
38292,424083232
38296,1020545686
38300,3682122879
38304,2932436064
38308,776656020
38312,4168311028
38316,3302349011
38320,1333249276
38324,532330856
38328,3651949911
38332,3119085112
38336,1175835487
38340,2524935526
38344,3443665225
38348,2367914496
38352,367677065
38356,3134005338
38360,2185747890
38364,912196350
38368,488152423
38372,1829624036
38376,1353577645
38380,2051839412
38384,3400772685
38388,1192849990
38392,1467213273
38396,3752002830
38400,1928719407
38404,1304947379
38408,4117294936
38412,1878429946
38416,2228274969
38420,2249737594
38424,2049563751
38428,428458575
38432,2382256411
38436,3174917424
38440,197731077
38444,672440225
38448,1660771008
38452,712771111
38456,2774162131
38460,3774618752
38464,1222339490
38468,903115640
38472,3522428479
38476,4106301113
38480,2416506754
38484,2884484420
38488,2448587029
38492,3312185207
38496,2282346836
38500,2099884064
38504,647657422
38508,4093242759
38512,3630612311
38516,2493431984
38520,3422190869
38524,1924940050
38528,2753298024
38532,208823411
38536,67719847
38540,2811876697
38544,457633779
38548,1444870581
38552,3964583417
38556,524798635
38560,1554166623
38564,3576542025
38568,2826800889
38572,1263236892
38576,597346502
38580,162938510
38584,2623165651
38588,2422147848
38592,3867018105
38596,3971473936
38600,3053065103
38604,4063504724
38608,657734590
38612,2655779276
38616,2536266323
38620,348411389
38624,4190513944
38628,1138767879
38632,95803388
38636,3166690297
38640,738017342
38644,162260400
38648,3643749314
38652,4109943259
38656,3579667499
38660,1106183306
38664,2185855111
38668,1500369873
38672,2809892765
38676,2519335506
38680,1350947808
38684,2471405378
38688,2703524312
38692,3620231512
38696,2119655248
38700,3448156376
38704,963672427
38708,2052775596
38712,1361354326
38716,3004574455
38720,632774409
38724,2412452859
38728,1492747255
38732,368939842
38736,4163135434
38740,3611439783
38744,2632950504
38748,163644434
38752,4287060755
38756,204637002
38760,2419068446
38764,1259277481
38768,2943236712
38772,3677891504
38776,1303848155
38780,4003812466
38784,1757488157
38788,3981758231
38792,3111207030
38796,946042242
38800,2474514803
38804,1222079327
38808,2027655339
38812,3658844405
38816,4057761975
38820,3060579101
38824,2196740471
38828,4010997996
38832,1695632113
38836,2832426103
38840,1654835229
38844,2673937318
38848,18163743
38852,2090366688
38856,3765144670
38860,732572026
38864,2675550432
38868,1683802381
38872,1547006304
38876,426938883
38880,2609483735
38884,3961189322
38888,989194779
38892,1840686185
38896,545845957
38900,1169437147
38904,2716529511
38908,1080927970
38912,3593343372
38916,457433550
38920,1986214076
38924,3987938232
38928,489535574
38932,3711645344
38936,3143246297
38940,3150346539
38944,3215115704
38948,2696911539
38952,428683765
38956,2568745537
38960,3862070690
38964,2126929984
38968,606208856
38972,175981074
38976,814918317
38980,3375392366
38984,2000536400
38988,22900429
38992,199881332
38996,3021412962
39000,3646555308
39004,3445240385
39008,2350352796
39012,2210246726
39016,241007027
39020,1562913148
39024,619721998
39028,1644114165
39032,143699258
39036,3086784140
39040,858511091
39044,307127732
39048,4178954327
39052,493984054
39056,708128520
39060,1578007185
39064,2020190817
39068,3893441073
39072,2112597335
39076,1040848245
39080,3875339296
39084,2852713722
39088,3386925286
39092,1564250936
39096,148539505
39100,246216711
39104,1153456903
39108,1143414558
39112,1794848528
39116,1598733936
39120,759834927
39124,3124036413
39128,634856186
39132,2945782243
39136,1434564747
39140,2983489373
39144,2897268390
39148,1257272109
39152,236400223
39156,3553586026
39160,1331264353
39164,3106207794
39168,1288656410
39172,3858688100
39176,2111522849
39180,3489288145
39184,2546026509
39188,2434229595
39192,622323171
39196,1750126233
39200,1037988127
39204,3576186543
39208,1023929688
39212,2004872198
39216,2629273829
39220,2081659873
39224,2136505459
39228,1405448635
39232,2183856905
39236,32947950
39240,2663150680
39244,1767923738
39248,2651607907
39252,2506458414
39256,3216814582
39260,2934780264
39264,2236574701
39268,2914447343
39272,903661050
39276,3256282641
39280,3535433824
39284,1632887539
39288,3449751158
39292,1276473879
39296,1134940643
39300,3447572218
39304,325075911
39308,1555032045
39312,3294278229
39316,2706774848
39320,4259321598
39324,1400201936
39328,420672309
39332,3265058212
39336,3507142324
39340,4193738199
39344,1977969969
39348,2338727940
39352,1637308882
39356,330807387
39360,347151609
39364,1153072415
39368,320365421
39372,428844628
39376,1316882192
39380,3738353257
39384,3860543744
39388,3904486683
39392,3108568754
39396,3139910510
39400,4277628630
39404,1534613118
39408,928142257
39412,4042255597
39416,2488218925
39420,2585166616
39424,2090585794
39428,3710315696
39432,2194091649
39436,4155481275
39440,2154964396
39444,3085686316
39448,1204071021
39452,388058503
39456,1392728872
39460,330899234
39464,710286520
39468,3403569996
39472,3402196794
39476,3576438690
39480,1730531769
39484,2266340070
39488,2242822159
39492,3521445950
39496,4068496694
39500,509128803
39504,1333753543
39508,2301927300
39512,29913712
39516,2396048643
39520,444776283
39524,1517991673
39528,2548410177
39532,1500296910
39536,3639343759
39540,393445551
39544,1707469985
39548,1387015110
39552,102919894
39556,1743489818
39560,1292991338
39564,900282082
39568,1927504646
39572,3262972957
39576,271524537
39580,3218750277
39584,3197604319
39588,462554556
39592,706666197
39596,1983789421
39600,3699456626
39604,529242674
39608,948195402
39612,1417684145
39616,3006430196
39620,332814346
39624,540275702
39628,3449597285
39632,942993746
39636,4132827932
39640,2329921674
39644,1555103633
39648,1489556125
39652,1472214553
39656,623696085
39660,2584807061
39664,2362368965
39668,1178141668
39672,1112356607
39676,3370957072
39680,3534526816
39684,1793287512
39688,221151456
39692,344023318
39696,399052595
39700,30996219
39704,4236807923
39708,3649938507
39712,3522671226
39716,3073403534
39720,734787713
39724,3643244163
39728,1302492218
39732,2720560136
39736,2722327306
39740,3312075467
39744,566244753
39748,1432030650
39752,260095205
39756,3962401785
39760,2494899100
39764,1805402838
39768,4219611342
39772,1888256055
39776,206886188
39780,1605474966
39784,1818112379
39788,1293780839
39792,211932042
39796,308056492
39800,2152866442
39804,3794533441
39808,2857003847
39812,1472530429
39816,181424910
39820,235044767
39824,546379253
39828,2383982457
39832,2767853681
39836,4193425203
39840,4081894959
39844,62427063
39848,1800755825
39852,452362369
39856,926707790
39860,1407786062
39864,2096462763
39868,4000347461
39872,3386779865
39876,4291514061
39880,1823141868
39884,1216442198
39888,1265006151
39892,3829544897
39896,604647473
39900,419950768
39904,1394399954
39908,596377572
39912,1401087562
39916,3299825066
39920,2901167465
39924,1860582136
39928,3918555192
39932,1514276261
39936,1664049636
39940,3480012614
39944,3734216202
39948,2312873048
39952,443819723
39956,3882349204
39960,3725182751
39964,2247355458
39968,437667580
39972,2437688790
39976,3440704423
39980,3439075567
39984,2659422001
39988,3549074166
39992,476339222
39996,3764797454
40000,392908762
40004,1505992769
40008,712155527
40012,108311343
40016,2034024571
40020,3090541657
40024,3616771123
40028,2621544802
40032,529973522
40036,1117203000
40040,1145714016
40044,1136835434
40048,1208514138
40052,3258088094
40056,3485017463
40060,162072567
40064,824594708
40068,3715719382
40072,4183679683
40076,1952892224
40080,802312280
40084,1259459262
40088,3481592095
40092,3662730601
40096,1369898346
40100,430154099
40104,1261075904
40108,2896877603
40112,292716215
40116,3791503143
40120,3481932296
40124,634706563
40128,3483513428
40132,285946823
40136,3378941081
40140,1973864266
40144,1557862449
40148,943662991
40152,3791004214
40156,2599614812
40160,1598591137
40164,3249535654
40168,1310582741
40172,1899297323
40176,264913383
40180,1484401093
40184,1841717147
40188,3397122992
40192,3654390258
40196,3294926401
40200,371936386
40204,838738547
40208,3840348652
40212,2881604240
40216,3983665400
40220,572750381
40224,3916720115
40228,97948346
40232,1344882637
40236,2533927627
40240,3552320272
40244,2897819521
40248,1650950555
40252,4162280482
40256,3490354010
40260,920514967
40264,1354644439
40268,3800235676
40272,1855725782
40276,3544353276
40280,4236068315
40284,2600005217
40288,248540264
40292,3169484424
40296,146282065
40300,4079530422
40304,1582399345
40308,2100260921
40312,2211234306
40316,1236778412
40320,4100630626
40324,67241822
40328,383043558
40332,2450143457
40336,3054895654
40340,1186635557
40344,3369134265
40348,4054105499
40352,4095397655
40356,3117469805
40360,1949012210
40364,3059276777
40368,3210236765
40372,1342529390
40376,1879657697
40380,1341154677
40384,3486020515
40388,3397828807
40392,1432135783
40396,4237751854
40400,3001172369
40404,811780766
40408,3381828696
40412,3491953281
40416,2822319462
40420,1171159309
40424,1903469159
40428,966401473
40432,2458662793
40436,652195138
40440,3648936543
40444,830296634
40448,1041040520
40452,739161845
40456,3468183142
40460,2418725051
40464,1172677162
40468,1464653071
40472,1301527094
40476,3833906847
40480,1645690720
40484,51619761
40488,917708006
40492,2298664836
40496,3629006565
40500,314860982
40504,622145683
40508,2815985210
40512,3580707151
40516,3110341694
40520,1899952398
40524,1520932330
40528,2266881126
40532,320191832
40536,3079061945
40540,2115814317
40544,1476754241
40548,294708509
40552,55290986
40556,1036268487
40560,1680228839
40564,360109921
40568,2787263885
40572,420714335
40576,3724318070
40580,2488372864
40584,1364089604
40588,1981876609
40592,3120185131
40596,2557881654
40600,1019018867
40604,3815687881
40608,2169749265
40612,821200536
40616,1971832026
40620,3891668368
40624,3292045860
40628,1896670535
40632,1617526403
40636,3442207247
40640,1108167290
40644,342847175
40648,939548699
40652,3251561943
40656,3231753656
40660,2183765570
40664,3282427787
40668,1659726299
40672,3845068321
40676,622040634
40680,177136896
40684,1150470329
40688,1156210988
40692,683699828
40696,193045626
40700,813996132
40704,1635580779
40708,932380715
40712,2159086724
40716,4007832446
40720,3295418599
40724,4226842349
40728,3788171475
40732,858603610
40736,2775224628
40740,2424195135
40744,3233664128
40748,655410181
40752,528661847
40756,2398662298
40760,4234953638
40764,3031232786
40768,2197787380
40772,2582019109
40776,1994176
40780,3123723280
40784,311951007
40788,2196368458
40792,3261169379
40796,1151673588
40800,2867450066
40804,2248872638
40808,925140814
40812,3615784521
40816,3916034590
40820,655050729
40824,3122136028
40828,3558208924
40832,30188105
40836,222833280
40840,569710384
40844,670918663
40848,1429254014
40852,485520951
40856,3646339364
40860,680585279
40864,815606483
40868,423571741
40872,766606996
40876,3082686794
40880,1693568220
40884,3472425453
40888,1588422479
40892,1787581253
40896,3452260372
40900,1653000107
40904,3185278983
40908,2515379047
40912,501411641
40916,502698043
40920,418402176
40924,3281181674
40928,2197825926
40932,242821141
40936,2820067385
40940,172002306
40944,636750546
40948,2412656620
40952,1795685257
40956,4210378613
40960,1231861874
40964,231870499
40968,490279480
40972,64880258
40976,611144927
40980,1062340515
40984,1064595263
40988,285599563
40992,70881233
40996,4098291466
41000,514258421
41004,3630775920
41008,2267048920
41012,4214793585
41016,2399295644
41020,2955677023
41024,3653383623
41028,3789338667
41032,272165800
41036,1122133579
41040,3805793388
41044,1271968067
41048,3410544431
41052,3967087244
41056,2012621516
41060,2226294447
41064,928592031
41068,1440160258
41072,4004382911
41076,3790784548
41080,3038759576
41084,3810545333
41088,679333411
41092,2163602590
41096,928771949
41100,2477575857
41104,1337844739
41108,3145367372
41112,839448524
41116,855671016
41120,2698155038
41124,1753957074
41128,1611350783
41132,408696059
41136,4222192262
41140,38790724
41144,934840851
41148,2340052988
41152,857940651
41156,1740745487
41160,2320371214
41164,4155086660
41168,3518780946
41172,398697676
41176,1689604369
41180,219252163
41184,1533017974
41188,3138818658
41192,3406726467
41196,4253534489
41200,3166892193
41204,2749417846
41208,4102176149
41212,4273024818
41216,4002260022
41220,4074957017
41224,3980439496
41228,2730850027
41232,2247456363
41236,484887137
41240,365026027
41244,397962438
41248,344477173
41252,967246564
41256,3772480203
41260,2926579180
41264,3534731899
41268,315579269
41272,164585671
41276,3015746360
41280,1735993636
41284,31101263
41288,3991178355
41292,3615381048
41296,3592782400
41300,263707938
41304,2943924696
41308,2301352088
41312,2737027694
41316,2791547730
41320,2518869601
41324,2871613064
41328,3033207900
41332,3397134502
41336,2363704585
41340,942152725
41344,2636500686
41348,2601838454
41352,263375293
41356,3895840098
41360,2783768629
41364,946030056
41368,875918192
41372,550680193
41376,2163299251
41380,187745340
41384,157667785
41388,1557987203
41392,2371514528
41396,31536290
41400,1005970735
41404,2396885074
41408,3781655885
41412,2808492220
41416,3716110282
41420,1608120831
41424,539067622
41428,1653385741
41432,2613060202
41436,3686051935
41440,2384135184
41444,3126842391
41448,940171246
41452,2552979938
41456,3903778860
41460,1119770878
41464,4046603392
41468,3113945602
41472,3456338435
41476,2165125270
41480,3354077201
41484,3326282635
41488,912357974
41492,2647036981
41496,439403663
41500,3297492471
41504,1932328421
41508,3713525137
41512,2317019363
41516,70829728
41520,1073020601
41524,4094830656
41528,924201009
41532,3885317156
41536,4085085353
41540,734383628
41544,2745157634
41548,3748528964
41552,2325828918
41556,1752358989
41560,1646811415
41564,2168236981
41568,3963506738
41572,1976734283
41576,1965608236
41580,3139402970
41584,602616069
41588,3057042775
41592,1122947307
41596,924302032
41600,510600394
41604,2285933654
41608,2196379959
41612,1619967180
41616,2339381859
41620,742390953
41624,1514019491
41628,614424812
41632,500384553
41636,2110580968
41640,2511334920
41644,1714836431
41648,874355066
41652,3211739690
41656,3426814612
41660,3182874090
41664,1941744577
41668,481644566
41672,3332528716
41676,1786672877
41680,983526889
41684,2188536995
41688,2868345952
41692,2917375871
41696,494106921
41700,1341890084
41704,3531086157
41708,1554225706
41712,4260115800
41716,1057157950
41720,3938191717
41724,2440649643
41728,1707950999
41732,2449240422
41736,1724281919
41740,3921646076
41744,654425461
41748,1228448465
41752,4119683131
41756,2891901535
41760,3436196067
41764,3773868086
41768,1731908672
41772,3083406317
41776,190909627
41780,3077343840
41784,3589450323
41788,2951245504
41792,3443323659
41796,1669179069
41800,2652800748
41804,2017980207
41808,894486623
41812,2285403595
41816,342525999
41820,2505767534
41824,1775542419
41828,855025170
41832,3462519033
41836,2825484497
41840,333714648
41844,1097268635
41848,510558314
41852,4036136222
41856,468218185
41860,1243375831
41864,1830488274
41868,298193852
41872,3694247640
41876,2818949776
41880,3060784439
41884,3263061118
41888,2542770710
41892,3183915005
41896,2754050862
41900,223181761
41904,3560557351
41908,2523043638
41912,3385596565
41916,271285228
41920,1081216532
41924,3571881935
41928,3576345778
41932,17469681
41936,336705403
41940,3880093262
41944,1276355957
41948,1901845861
41952,1688184730
41956,2596919833
41960,2442763283
41964,2324772068
41968,1832228577
41972,3219890593
41976,713852053
41980,1786879662
41984,716212968
41988,219520289
41992,4015264309
41996,2645600833
42000,2676494502
42004,3766012033
42008,3990680363
42012,3254773044
42016,4286684387
42020,3141201103
42024,2646809853
42028,1268765675
42032,662532375
42036,4265499900
42040,1342024030
42044,1529436971
42048,4047761843
42052,1315255421
42056,4272796458
42060,259144764
42064,1156865458
42068,4201878709
42072,4240104863
42076,2199898369
42080,2997967387
42084,1100138295
42088,700498723
42092,439988573
42096,982935566
42100,3173141558
42104,84848943
42108,72107451
42112,4123318187
42116,2435049852
42120,4229353134
42124,2155164869
42128,1742959679
42132,633994008
42136,3634354862
42140,1249076404
42144,3668653864
42148,3162405803
42152,1727076098
42156,2192966160
42160,3323469019
42164,845511512
42168,430280776
42172,545069140
42176,2758077656
42180,1808003482
42184,910992482
42188,3890189536
42192,376418124
42196,2983944300
42200,2309139373
42204,1756559370
42208,3072829383
42212,1822181434
42216,3490162619
42220,219572776
42224,3476729148
42228,3772944399
42232,3300709080
42236,3724715525
42240,1459549061
42244,4147164149
42248,2676927067
42252,4093731220
42256,765335113
42260,3213740864
42264,3497434875
42268,2199484631
42272,2435978673
42276,2554691455
42280,4241108439
42284,1905939745
42288,1523391781
42292,2415578901
42296,3878812327
42300,3228950837
42304,1333545999
42308,2513268121
42312,3806492179
42316,938663993
42320,4276441021
42324,2062836858
42328,3065508991
42332,2375457245
42336,934458405
42340,341603297
42344,4211597417
42348,3963061050
42352,2918528347
42356,2374946889
42360,1364379553
42364,525113351
42368,1502760359
42372,3967464434
42376,896070994
42380,3694426617
42384,3338939453
42388,68273035
42392,2359784183
42396,4043437360
42400,291004940
42404,1336225107
42408,3220614533
42412,1241962243
42416,4119812832
42420,62796527
42424,1593005761
42428,453328041
42432,722082223
42436,2800880052
42440,1078278997
42444,37135603
42448,2336533326
42452,2090194181
42456,1941667257
42460,385976608
42464,3233913028
42468,699758267
42472,274990168
42476,1759938103
42480,746888911
42484,463758246
42488,185769557
42492,1302012141
42496,2021789412
42500,2929244812
42504,2642385353
42508,1110421510
42512,2624880193
42516,2130834170
42520,2464724944
42524,4227304413
42528,143536069
42532,2874061263
42536,2792577242
42540,2042333422
42544,1245766865
42548,3572851092
42552,610763989
42556,1384081577
42560,1899101182
42564,4121521504
42568,1507500254
42572,745135817
42576,2119973472
42580,2898259892
42584,870018925
42588,763063560
42592,909568120
42596,279155187
42600,238187061
42604,2266391546
42608,3679689181
42612,806715915
42616,680875759
42620,1978843146
42624,1453513095
42628,3341957959
42632,2564015187
42636,3725802407
42640,1951884291
42644,919489466
42648,2616251285
42652,1590820406
42656,667621634
42660,3118392763
42664,467588235
42668,3918008776
42672,3407478615
42676,1549722893
42680,2462493260
42684,3315496745
42688,520289574
42692,152575487
42696,2368646627
42700,3399696609
42704,2978239512
42708,1497426299
42712,1120108087
42716,3507651185
42720,304683339
42724,4073509685
42728,2993060992
42732,303067663
42736,336410997
42740,3788286213
42744,3559628575
42748,641908409
42752,3058346487
42756,1851910353
42760,1618672406
42764,3041115409
42768,2402953593
42772,1962873279
42776,151698355
42780,2308758965
42784,658298393
42788,143810584
42792,2584682426
42796,2117835821
42800,2952423972
42804,3194970913
42808,982760660
42812,2187855326
42816,1688166183
42820,2667864784
42824,2774710157
42828,2404347878
42832,1671460483
42836,4180818035
42840,3024340262
42844,1756390096
42848,3995195225
42852,2439259398
42856,1386591660
42860,1489493099
42864,1918497895
42868,1617254316
42872,2921153397
42876,2786782520
42880,3174184842
42884,142591675
42888,2838648437
42892,428462189
42896,189843336
42900,4189239946
42904,2250463290
42908,1021842402
42912,842468268
42916,1181287494
42920,2648748987
42924,1172389545
42928,2822692470
42932,303063958
42936,1773653491
42940,2706095691
42944,2201749006
42948,3700235195
42952,578622665
42956,3442962919
42960,1424474671
42964,4021209395
42968,2370948767
42972,2242503812
42976,2317385436
42980,2157822905
42984,467434648
42988,3494627432
42992,397844642
42996,942959964
43000,541816985
43004,3357754423
43008,2869558634
43012,4207756748
43016,4094511110
43020,2912137968
43024,2127462921
43028,688722082
43032,3242020927
43036,2684938518
43040,405046612
43044,3992221060
43048,457348769
43052,165092149
43056,4171617764
43060,2916104161
43064,3734650139
43068,3995652360
43072,2432250810
43076,4237225231
43080,2246437342
43084,2233334363
43088,1380271042
43092,3680517094
43096,1378265919
43100,3853546114
43104,599496954
43108,2997990281
43112,2734084272
43116,1538020245
43120,3303414176
43124,3842771723
43128,902021018
43132,658687758
43136,2438144060
43140,393461853
43144,2670690050
43148,3892514930
43152,21141856
43156,2049213881
43160,15469730
43164,486816686
43168,3519097786
43172,3462687036
43176,1534595903
43180,948429476
43184,2879508101
43188,2406293313
43192,949490839
43196,3087295287
43200,1778107359
43204,1851421583
43208,1992403548
43212,479459987
43216,2988348903
43220,1414805469
43224,2159774648
43228,4018678988
43232,44194680
43236,2483345026
43240,4122267011
43244,2908410857
43248,4077166318
43252,1035207285
43256,139743093
43260,1919282642
43264,1137524105
43268,3655911059
43272,1543081172
43276,1593888435
43280,3180866230
43284,4255723842
43288,648521205
43292,2454384005
43296,1511998763
43300,2428758313
43304,2169185070
43308,1749938823
43312,633490323
43316,1655985575
43320,980548616
43324,3544007563
43328,1594479174
43332,526049352
43336,3087546574
43340,1031512859
43344,1694662732
43348,2595546386
43352,515983961
43356,1522301196
43360,786108219
43364,3736271616
43368,4121228414
43372,868910459
43376,370640885
43380,2153114919
43384,684225393
43388,1968939499
43392,2017189406
43396,1259772598
43400,607761450
43404,432529206
43408,645410308
43412,1306342478
43416,1364449931
43420,714160894
43424,2367807320
43428,412609208
43432,405027854
43436,1149693442
43440,2929537211
43444,1290845692
43448,4044446130
43452,959709614
43456,1514009262
43460,3269321732
43464,722858063
43468,213525713
43472,268780454
43476,2391940288
43480,4188684716
43484,1825789219
43488,264465216
43492,2679829376
43496,2448760557
43500,2010061640
43504,1523317180
43508,3050707234
43512,608227177
43516,263435640
43520,4062758917
43524,399938146
43528,2057335108
43532,839935986
43536,3930384868
43540,1697283059
43544,3070857652
43548,4241831915
43552,2998739830
43556,2959591038
43560,3033205963
43564,2337147492
43568,907403601
43572,1848048492
43576,3161630595
43580,3987799378
43584,300277074
43588,3653873905
43592,461328818
43596,1343649452
43600,102082118
43604,3000142506
43608,3451205677
43612,1034212977
43616,3974609830
43620,2375100252
43624,1731423436
43628,1251851311
43632,4254251500
43636,144525929
43640,3026667196
43644,349115025
43648,934703070
43652,3767600907
43656,1600702334
43660,1816202383
43664,3707536634
43668,3495981943
43672,2159421961
43676,34300880
43680,3955419903
43684,817829969
43688,3049467136
43692,2037993347
43696,1218938978
43700,3782502969
43704,1400811227
43708,2023417197
43712,2908953056
43716,3211853861
43720,2012249578
43724,729507384
43728,3743324579
43732,1345325978
43736,3959023308
43740,3004693858
43744,3623923017
43748,3385343784
43752,2525414466
43756,625206347
43760,846927375
43764,3071997247
43768,1211681064
43772,153923879
43776,1519758414
43780,391056071
43784,2376098551
43788,2076316604
43792,767816218
43796,1630633852
43800,2757982528
43804,3900049079
43808,2600088429
43812,2723958800
43816,279486632
43820,553391208
43824,1180871746
43828,4291105413
43832,343370429
43836,4200580507
43840,4059039115
43844,1332022388
43848,3268078992
43852,1869475337
43856,788734900
43860,446046285
43864,1924103147
43868,3889459197
43872,3680687172
43876,1893806636
43880,970888448
43884,800190915
43888,1452325354
43892,1838515379
43896,4019418207
43900,2104635312
43904,1155839511
43908,1377645835
43912,3439006265
43916,1888538846
43920,2250415374
43924,2630019974
43928,1036490535
43932,1065332316
43936,2156608929
43940,993885556
43944,49441074
43948,3157101543
43952,2501468305
43956,1967508113
43960,958356015
43964,3850252526
43968,4019091703
43972,1443912198
43976,836011166
43980,1313037036
43984,3069164936
43988,704436866
43992,4277369118
43996,2770294088
44000,3297656955
44004,3978528776
44008,4269160363
44012,925198301
44016,2304985002
44020,1733256496
44024,691324883
44028,1347753090
44032,2925160706
44036,1314120237
44040,1283763394
44044,733523275
44048,2180940905
44052,2420146242
44056,3869263803
44060,3220682540
44064,4087717866
44068,2106754345
44072,1391978222
44076,3671360446
44080,2262138439
44084,2512411405
44088,128064480
44092,695382795
44096,2610388310
44100,1930440037
44104,3653257688
44108,2584540982
44112,2954240531
44116,458173817
44120,3667540638
44124,1179598234
44128,109400050
44132,1444013857
44136,234984955
44140,1514953000
44144,2672935605
44148,1438163876
44152,4244074079
44156,3807255147
44160,1213504500
44164,2308944168
44168,918631122
44172,695123362
44176,3005724792
44180,3594841005
44184,4123492133
44188,1394097911
44192,1004932368
44196,2484303289
44200,2599300980
44204,3257069992
44208,846345120
44212,931977885
44216,1807873421
44220,2466459444
44224,2539151024
44228,1062080351
44232,3895445397
44236,4116098114
44240,2952770375
44244,3642347513
44248,4171622337
44252,3658051254
44256,4085649033
44260,3926130614
44264,1422407100
44268,858793736
44272,3444822688
44276,4143294885
44280,2174399760
44284,1925955129
44288,3591204140
44292,571889337
44296,1993937253
44300,3268329706
44304,2937455107
44308,2399109113
44312,3792694129
44316,3772815900
44320,704216777
44324,35898497
44328,2478004798
44332,3287759274
44336,872332225
44340,418152819
44344,1089557552
44348,1599106739
44352,363744791
44356,2256634725
44360,3358144802
44364,2739892218
44368,376306305
44372,2713925774
44376,428648300
44380,540815045
44384,3863333962
44388,3752716234
44392,3959719914
44396,1605605093
44400,3197062830
44404,3026455164
44408,3281081426
44412,1321649064
44416,2972950368
44420,101818523
44424,1305899764
44428,2538195804
44432,898212103
44436,3830937296
44440,1595173779
44444,3951129373
44448,3036132097
44452,3566764972
44456,1797185573
44460,4082413702
44464,1684831302
44468,774354731
44472,301505525
44476,1977388411
44480,4294372884
44484,350281789
44488,3922985611
44492,2476281426
44496,818377834
44500,65313382
44504,3949314859
44508,814373744
44512,309654670
44516,2835036158
44520,1675829659
44524,3175683977
44528,1363079505
44532,3029828842
44536,1796502075
44540,2657666543
44544,812820698
44548,1383676762
44552,3420099896
44556,4036429724
44560,1121791816
44564,3801224835
44568,956609348
44572,3903456591
44576,816902047
44580,714450092
44584,1735145752
44588,1148355329
44592,601919963
44596,832894962
44600,1208879653
44604,664293469
44608,3301333355
44612,4149588776
44616,1357005545
44620,3162321337
44624,2160872061
44628,1010233642
44632,230735543
44636,656910826
44640,3189609904
44644,47287409
44648,1209141271
44652,3796416230
44656,1167953464
44660,1248032130
44664,991702513
44668,99430613
44672,1095352419
44676,918596787
44680,2827497255
44684,3126569643
44688,3922046125
44692,1191577284
44696,4084887294
44700,4146905101
44704,3177195856
44708,773855909
44712,1801860520
44716,2333914548
44720,2437105352
44724,2580524353
44728,961674091
44732,1276543307
44736,4278784234
44740,3544735719
44744,2823689061
44748,526380589
44752,4226178235
44756,1293609882
44760,2999102330
44764,555061452
44768,1145776892
44772,1289305595
44776,3404823752
44780,1197004954
44784,2751797072
44788,2845337704
44792,3417000074
44796,2730587953
44800,2747005603
44804,2446687681
44808,2154794907
44812,1098595091
44816,1260529828
44820,2875890089
44824,1153211340
44828,709520612
44832,4125711025
44836,2474140709
44840,2730621980
44844,2059523349
44848,2952100279
44852,3522066247
44856,813169100
44860,518872633
44864,2813005593
44868,3457110490
44872,1619209178
44876,1842381259
44880,2408457749
44884,1966841748
44888,1878313242
44892,748276435
44896,1402277664
44900,3107716046
44904,1279006680
44908,2605833642
44912,3517582169
44916,3674073626
44920,3693784038
44924,110365146
44928,1486775293
44932,1601320220
44936,1874157580
44940,3875399817
44944,3041590626
44948,2570436368
44952,4051221136
44956,1076359650
44960,1360784498
44964,3649760856
44968,4251078262
44972,1846393933
44976,2562541030
44980,186235962
44984,42167261
44988,330989183
44992,2605603268
44996,2699998634
45000,2055575716
45004,1932767521
45008,1046334053
45012,1639713280
45016,690736248
45020,672282131
45024,1313756690
45028,1680190790
45032,2736519695
45036,2515770169
45040,786841041
45044,3902400062
45048,381804761
45052,4209307632
45056,2712179920
45060,3719524382
45064,1199344430
45068,2283025439
45072,3323793451
45076,149964313
45080,3199983250
45084,3577708732
45088,1047666038
45092,2801989314
45096,3610200173
45100,3558199936
45104,394772834
45108,1587297739
45112,1055323518
45116,54040327
45120,3449571258
45124,3963749392
45128,1433733736
45132,3992198144
45136,3472439096
45140,3358870671
45144,3310314568
45148,2812277725
45152,142587368
45156,1090600998
45160,1889423194
45164,3981564649
45168,523056763
45172,135516783
45176,3602978737
45180,985785919
45184,4148581033
45188,2130577542
45192,2243307320
45196,2702959767
45200,2704175134
45204,4187000060
45208,2539489395
45212,6192158
45216,127945634
45220,3022462841
45224,1553273532
45228,1850235128
45232,3738647241
45236,1161171221
45240,653483470
45244,792249003
45248,2816389782
45252,1112090923
45256,3788150945
45260,2213615699
45264,3525271953
45268,33916171
45272,3126831940
45276,3717646790
45280,1584712448
45284,2018404877
45288,1927185927
45292,161790521
45296,2465099323
45300,3435864065
45304,3071509302
45308,2819098258
45312,2973580514
45316,4290671545
45320,1243381763
45324,1959591818
45328,1544504542
45332,412929688
45336,3955082645
45340,4232927645
45344,2344488436
45348,1828273827
45352,3350538731
45356,1275052024
45360,1042815910
45364,91353233
45368,4121417106
45372,3601626076
45376,1391072327
45380,741930231
45384,3831104086
45388,1446292184
45392,798673990
45396,1631378599
45400,201407561
45404,2713239852
45408,1009985363
45412,2166747187
45416,695360584
45420,1403489337
45424,2967548665
45428,4194052471
45432,2849799252
45436,654132132
45440,3799232371
45444,1069490154
45448,3469487986
45452,3790216024
45456,1674775417
45460,3132481380
45464,1084132148
45468,2445702919
45472,843688124
45476,3699939239
45480,1832053846
45484,967472243
45488,910929513
45492,3002395880
45496,3439543394
45500,888460666
45504,460891579
45508,110226426
45512,2104625481
45516,2010680700
45520,49923052
45524,257461802
45528,1278433871
45532,2186471228
45536,1455885216
45540,1529078961
45544,1385467482
45548,22459591
45552,3257873891
45556,1063717989
45560,3015297716
45564,3974157383
45568,1894210452
45572,940388555
45576,2224656635
45580,3999763682
45584,3586252508
45588,1352128075
45592,1737899756
45596,4094844938
45600,1648802761
45604,4125968367
45608,1243706568
45612,2909201757
45616,766651049
45620,2465429977
45624,2865430872
45628,2760546330
45632,2139292249
45636,3202580790
45640,4142575525
45644,3937397601
45648,1945338667
45652,596384482
45656,1333185502
45660,4076111702
45664,2998007191
45668,2358886440
45672,16148417
45676,3517190713
45680,4087099276
45684,950551849
45688,4232858404
45692,2875451274
45696,817531080
45700,2516342394
45704,2534836528
45708,1848547592
45712,376946975
45716,3105590615
45720,307342933
45724,621698983
45728,1297628179
45732,3489061066
45736,2023040682
45740,1550661945
45744,1810120152
45748,222808201
45752,1831007776
45756,835846045
45760,1497937489
45764,1826966675
45768,3163400824
45772,4129303771
45776,1362893736
45780,3973381178
45784,1470539378
45788,1222433371
45792,2214530572
45796,1139785668
45800,738234541
45804,3570099510
45808,893043049
45812,1487156711
45816,3800749263
45820,3090381401
45824,1850061776
45828,3283003140
45832,4215839266
45836,4198148642
45840,4015670752
45844,138857870
45848,727787817
45852,3182904637
45856,2085427154
45860,3963351205
45864,905395261
45868,2449064526
45872,3069268912
45876,2764405014
45880,1832359033
45884,713003885
45888,1480134938
45892,1305184976
45896,190862383
45900,904015793
45904,2144167720
45908,4210749335
45912,2558501634
45916,1233291341
45920,1549056121
45924,3505682345
45928,1225570047
45932,1669073072
45936,1868551528
45940,3470943379
45944,3009502725
45948,4100239584
45952,3398394739
45956,3214283501
45960,1570848981
45964,777238849
45968,2658647758
45972,3861447901
45976,4138608457
45980,3841879343
45984,4168702423
45988,2334949419
45992,3486840932
45996,647807841
46000,263278210
46004,1415410550
46008,2205089368
46012,3051402076
46016,3581610612
46020,2471288364
46024,3019083774
46028,3222306065
46032,307753375
46036,1029433570
46040,555435693
46044,1767026610
46048,442168009
46052,2150634411
46056,3871078712
46060,1381981974
46064,3785849956
46068,1193149099
46072,490009128
46076,2900060717
46080,2027954945
46084,353725499
46088,2500010267
46092,1976966579
46096,2096908999
46100,2614524976
46104,990816077
46108,441542776
46112,437164950
46116,627551161
46120,3368748127
46124,2493903731
46128,769728208
46132,1159023003
46136,2935797814
46140,1820539128
46144,2339079467
46148,2689625362
46152,3764116317
46156,589267095
46160,3706808070
46164,3514659827
46168,1026611247
46172,21421349
46176,3225889140
46180,763852002
46184,1446470798
46188,3350087773
46192,2508534907
46196,2347780463
46200,1676754081
46204,1735315936
46208,2067219288
46212,1445749139
46216,3004685912
46220,2810649729
46224,2755732726
46228,4242982109
46232,274069964
46236,4075372573
46240,1473545412
46244,1431258173
46248,4285776732
46252,17431697
46256,2949262232
46260,3471484572
46264,2108489509
46268,2634345966
46272,827134879
46276,2700058036
46280,162103268
46284,3540177806
46288,639221729
46292,3928058898
46296,28519486
46300,3415876643
46304,774014242
46308,2781708272
46312,876571516
46316,3275617892
46320,2107338490
46324,1404101140
46328,1044331437
46332,3627115377
46336,238116732
46340,3575691308
46344,1795012395
46348,667106067
46352,4284511876
46356,2118748202
46360,2329613607
46364,626210491
46368,304196019
46372,134460921
46376,3987488320
46380,2467590509
46384,2518563661
46388,1333407606
46392,3460513901
46396,3682155324
46400,397696547
46404,356333645
46408,3084735980
46412,1259215079
46416,2899877669
46420,3134583254
46424,2612470844
46428,1146567804
46432,1342500794
46436,3754468652
46440,3642734687
46444,3797672207
46448,325312492
46452,542523192
46456,798667628
46460,1451961981
46464,1386816360
46468,1744032873
46472,1474507542
46476,659487199
46480,2013419165
46484,3681121044
46488,2877996322
46492,1144043098
46496,373479599
46500,2700360858
46504,220842420
46508,2445677394
46512,197051135
46516,1234684360
46520,1215897382
46524,1244043945
46528,1434002535
46532,405131608
46536,955996737
46540,44411245
46544,2880707819
46548,2298476680
46552,2596828537
46556,124133872
46560,928546693
46564,1694084826
46568,3025196126
46572,1279955741
46576,2487054882
46580,2851780123
46584,1077120431
46588,3217691514
46592,2583774900
46596,3828650701
46600,3456680736
46604,2077095070
46608,4142638143
46612,2628933367
46616,3702446285
46620,1903664653
46624,3968068595
46628,4156206968
46632,2599076596
46636,3400007695
46640,1032215782
46644,3275447895
46648,62723962
46652,3569903176
46656,2098323310
46660,2688429467
46664,180865007
46668,1325132991
46672,3489009966
46676,573822065
46680,4093568189
46684,151958944
46688,2895603214
46692,3298978178
46696,2612103466
46700,2757674284
46704,2591702508
46708,647750299
46712,2551276571
46716,2836444533
46720,3145523133
46724,4281614737
46728,1074697237
46732,2225021472
46736,2815151476
46740,3007802874
46744,1258842277
46748,2350187445
46752,1355819140
46756,4117095037
46760,294305249
46764,1469819358
46768,2917758308
46772,354839813
46776,2045771338
46780,3595430363
46784,2044909279
46788,2946520051
46792,2490803752
46796,2509004933
46800,3129993063
46804,463801847
46808,429810762
46812,3830076971
46816,1852788197
46820,2169150011
46824,4285246863
46828,149540780
46832,580679563
46836,697005115
46840,2153134865
46844,3640915516
46848,1621683718
46852,1799401612
46856,2262433971
46860,49166642
46864,4233669932
46868,3154593481
46872,2557179056
46876,1884909843
46880,1754063349
46884,2847186892
46888,2934921430
46892,1263586329
46896,3410402737
46900,195247401
46904,3294404703
46908,995646519
46912,410553687
46916,798581663
46920,2044740835
46924,3224363153
46928,1999513252
46932,1221076268
46936,2550239794
46940,1449803552
46944,904073259
46948,2974294822
46952,1320161112
46956,3936275843
46960,4008360460
46964,2445553175
46968,2736824754
46972,479527400
46976,601673453
46980,144464256
46984,2091562397
46988,536663818
46992,2383839885
46996,1395770035
47000,717601309
47004,1145750465
47008,457392450
47012,448137761
47016,1985363681
47020,3494279845
47024,3888349052
47028,4206679286
47032,28594580
47036,1458777102
47040,1054332429
47044,3893359467
47048,974768037
47052,964390069
47056,645830437
47060,2854494967
47064,4234908424
47068,1710636904
47072,2529658955
47076,2338150435
47080,3649540012
47084,1162103888
47088,2322733798
47092,526931665
47096,2430100853
47100,2964961074
47104,979781538
47108,852693012
47112,802701439
47116,2682951707
47120,1224909043
47124,2864336200
47128,3355708869
47132,1670926159
47136,2759097301
47140,864681542
47144,1196002158
47148,56124405
47152,789840528
47156,3514129068
47160,609912398
47164,1361690874
47168,2970571322
47172,2072951421
47176,3546243063
47180,1849332122
47184,1266161011
47188,2629573919
47192,2176809506
47196,1298557545
47200,3803387510
47204,76571285
47208,3689338592
47212,448205038
47216,2786378344
47220,622428302
47224,2818247946
47228,2868926859
47232,438041915
47236,245869989
47240,3050926954
47244,3807557071
47248,3108992403
47252,1710687830
47256,3502378022
47260,1388712532
47264,2149692564
47268,693663347
47272,16177493
47276,1019216217
47280,2020302823
47284,1399687861
47288,3305908135
47292,1141054402
47296,1660329204
47300,1565765771
47304,4214740148
47308,315945642
47312,3840218525
47316,1723824803
47320,3022472187
47324,3422920496
47328,4000235494
47332,3289746132
47336,2516673989
47340,3101832834
47344,3119250696
47348,3681659999
47352,107675535
47356,3229084452
47360,852536512
47364,3453505523
47368,2549167643
47372,339926920
47376,3024208190
47380,1119939995
47384,3977746415
47388,3629172531
47392,2007870034
47396,3636746875
47400,2434952423
47404,366616318
47408,1022330372
47412,3827239870
47416,2939482660
47420,1701880615
47424,1411595400
47428,1563418239
47432,2393890706
47436,2555443430
47440,1267304161
47444,2556125318
47448,3564373563
47452,4187590607
47456,2320754304
47460,2568631391
47464,1676516893
47468,13427191
47472,4216983469
47476,804618290
47480,3625772465
47484,2151354069
47488,644620569
47492,1532922024
47496,1107519500
47500,4006350466
47504,1877708679
47508,1439766641
47512,2907572478
47516,1360984435
47520,1042750308
47524,1949623132
47528,1908450410
47532,234929202
47536,3896032929
47540,2922639319
47544,2933583730
47548,2123466883
47552,4143304194
47556,1946763402
47560,4178338367
47564,704067988
47568,3350522014
47572,1932727854
47576,2440195111
47580,3839875040
47584,2049604691
47588,3112644647
47592,3645637359
47596,3614365108
47600,891237249
47604,2715115155
47608,947530163
47612,3386850108
47616,430326266
47620,2790413952
47624,2729285860
47628,1980876382
47632,361075259
47636,3033579274
47640,546483540
47644,299143769
47648,2989081
47652,405303238
47656,3341325138
47660,3897815863
47664,1797838144
47668,3652892914
47672,2120000734
47676,3780481988
47680,1380981177
47684,2246870092
47688,4074715730
47692,801052074
47696,3857419883
47700,2012753652
47704,1911562150
47708,1056227472
47712,2689961990
47716,1264967521
47720,868775837
47724,2982704587
47728,2790213328
47732,2716723167
47736,2908533402
47740,1837308457
47744,1855089896
47748,245667887
47752,1421384837
47756,735564475
47760,3220474797
47764,46186277
47768,536976136
47772,933311125
47776,1567591129
47780,225460533
47784,3809462584
47788,4003937817
47792,3778837628
47796,180180003
47800,2659603726
47804,2892347587
47808,3114409412
47812,3247302717
47816,3865371558
47820,1993531024
47824,2372487658
47828,3525183078
47832,1340788784
47836,3747542870
47840,206467145
47844,3894260601
47848,1861035083
47852,2509619189
47856,1640845186
47860,2496658587
47864,1560535945
47868,219888535
47872,4681918
47876,846883718
47880,3812758770
47884,4158001366
47888,1254529438
47892,875045848
47896,3488336150
47900,2412519565
47904,3054724360
47908,2232656232
47912,4101829790
47916,2445416997
47920,4097113223
47924,2951404351
47928,2701685558
47932,3313449400
47936,1532654457
47940,3623607264
47944,1467687159
47948,714213516
47952,1369460737
47956,3271388866
47960,1060226294
47964,259165830
47968,1553408362
47972,999495562
47976,3257767101
47980,3938497105
47984,1191586053
47988,3923090525
47992,1973746063
47996,4219723620
48000,2208080249
48004,1732093859
48008,1050223820
48012,3387452101
48016,1337542298
48020,1377556894
48024,1708031744
48028,3051043629
48032,2191334800
48036,3043617127
48040,2260055215
48044,1345487382
48048,605942907
48052,1553003227
48056,269113783
48060,4273341869
48064,1553472134
48068,2306068884
48072,1233685405
48076,4217203337
48080,1627619161
48084,4158626824
48088,1302463289
48092,76125089
48096,442411069
48100,273347290
48104,2040939564
48108,3608948663
48112,3368263373
48116,2026322573
48120,1058022947
48124,1692715416
48128,2322269538
48132,3928816562
48136,251080497
48140,2365472138
48144,2689063680
48148,2611272199
48152,2914174221
48156,2425275317
48160,2159979133
48164,2448850019
48168,3516024793
48172,627941571
48176,216587847
48180,18217236
48184,3773482902
48188,729373024
48192,2928871853
48196,4118565863
48200,145552936
48204,3204305608
48208,4179059840
48212,3794112076
48216,2016406423
48220,3214929954
48224,3654837298
48228,2087875073
48232,2093846094
48236,3038455102
48240,2257375730
48244,2286035748
48248,1071563741
48252,860186099
48256,2624572547
48260,207032152
48264,793306357
48268,328518535
48272,2563937867
48276,3541543388
48280,1245429143
48284,3287277499
48288,1821628772
48292,2985423196
48296,4024846365
48300,3780274651
48304,2320019581
48308,2217206329
48312,2616344499
48316,3610239425
48320,1166141860
48324,2973468218
48328,2624496284
48332,1066164391
48336,213472286
48340,237792592
48344,969461253
48348,2937570213
48352,697975260
48356,2419724928
48360,2628264510
48364,1460231305
48368,195250678
48372,435376626
48376,681476043
48380,3329878374
48384,3849375651
48388,2697496958
48392,396839592
48396,2133412863
48400,2039290450
48404,1117397716
48408,1758608249
48412,1480284891
48416,2988391714
48420,2704547447
48424,1548384147
48428,1242782876
48432,1877091000
48436,2340050652
48440,990218634
48444,932213064
48448,791418254
48452,3760141620
48456,2378871587
48460,2214472710
48464,2008340391
48468,2574253817
48472,3717766740
48476,1752306942
48480,3864285114
48484,2064661208
48488,1769952444
48492,992638049
48496,3745334492
48500,3978415082
48504,3240982794
48508,636928362
48512,740016223
48516,793501783
48520,100580699
48524,2841040036
48528,873128578
48532,1397196584
48536,3074773640
48540,4138428739
48544,4222450920
48548,4112609889
48552,4072025337
48556,3016501808
48560,4169633132
48564,2155963656
48568,2598877398
48572,2317431350
48576,2134784576
48580,4119972975
48584,3625866700
48588,4008432965
48592,3126000009
48596,473370521
48600,1361594905
48604,3479993882
48608,707578132
48612,3076117266
48616,3631614039
48620,53901517
48624,1811897334
48628,306490253
48632,1799293164
48636,1377860632
48640,1000120200
48644,3682141969
48648,1344568853
48652,2809174609
48656,700370308
48660,651014534
48664,4021697520
48668,3268845962
48672,2254624749
48676,545722806
48680,3637689218
48684,2673575260
48688,3709315695
48692,236188614
48696,2766231388
48700,978260501
48704,2299878475
48708,3393429666
48712,2796138879
48716,1426817983
48720,917978917
48724,2903863916
48728,3405685766
48732,4051687870
48736,340237140
48740,1878778535
48744,382509148
48748,250726110
48752,2271469555
48756,2614446554
48760,4024569551
48764,1576519027
48768,2304706560
48772,1901185666
48776,1797684877
48780,1377052665
48784,886449929
48788,400224003
48792,303982472
48796,3027852997
48800,4187230300
48804,1110871173
48808,3379360901
48812,2655923772
48816,1768633380
48820,4235691637
48824,3134051806
48828,3867454359
48832,870255563
48836,1629301113
48840,2572618892
48844,260786240
48848,182909979
48852,4285097785
48856,3436952575
48860,719936063
48864,1639758767
48868,2656009386
48872,601125754
48876,2627944710
48880,3297548839
48884,2097035608
48888,1777773288
48892,3593511927
48896,1745753687
48900,806445440
48904,3403500833
48908,4091177716
48912,3522361812
48916,3138725258
48920,1590209826
48924,1328419350
48928,3735250246
48932,604519947
48936,1626091449
48940,575859422
48944,2216334280
48948,1429628327
48952,2903022006
48956,416114735
48960,1136050189
48964,1747234268
48968,2119529982
48972,890325498
48976,1812930543
48980,996594518
48984,222757952
48988,1543303991
48992,102521604
48996,4024347335
49000,272422283
49004,4267102329
49008,3960084645
49012,1178172204
49016,2150857179
49020,1073485738
49024,2819641853
49028,1744853418
49032,995932063
49036,900226189
49040,1476549902
49044,1393970674
49048,242432502
49052,3113837690
49056,2610748381
49060,1645632513
49064,408700861
49068,3351426079
49072,3733477424
49076,3162268082
49080,15709474
49084,4094981434
49088,2498014967
49092,1699054668
49096,1762310088
49100,3701587745
49104,1168820901
49108,4018600448
49112,1398761385
49116,4173489204
49120,4017249434
49124,3773877746
49128,758091133
49132,761525731
49136,331275788
49140,3144497775
49144,375175627
49148,1939087084
49152,2591472702
49156,4040189810
49160,3472358244
49164,3295979564
49168,3776320304
49172,2673697003
49176,4267101323
49180,3438888096
49184,618742617
49188,773558074
49192,4093816316
49196,3356002376
49200,2026464535
49204,2702702174
49208,3266722140
49212,460966032
49216,1272997499
49220,2043980982
49224,2014960461
49228,463139745
49232,3846691971
49236,1529814452
49240,1066505956
49244,1080354301
49248,3684644459
49252,1532173938
49256,4290605492
49260,1110770981
49264,3551432209
49268,1010543972
49272,724506046
49276,2211857229
49280,370135626
49284,606909667
49288,3832039406
49292,1636232797
49296,3715980535
49300,1791136147
49304,1574543023
49308,138872372
49312,2250457092
49316,2479718093
49320,2688563678
49324,192480313
49328,3417554228
49332,2116088152
49336,1884195897
49340,1327776484
49344,1697855158
49348,1682656768
49352,3826875492
49356,3500696733
49360,4190465401
49364,2746804927
49368,1347677141
49372,1534512498
49376,3041698682
49380,1090684527
49384,2014166212
49388,1539354912
49392,3368886795
49396,118657471
49400,2521209782
49404,1306697159
49408,3084333395
49412,3595548705
49416,3848565809
49420,533924773
49424,4262813197
49428,1026222318
49432,680185629
49436,771749467
49440,2006558498
49444,4191769708
49448,1849806943
49452,2257871629
49456,3958404536
49460,4122359315
49464,508784589
49468,4131994833
49472,1864339026
49476,4214095741
49480,2276058955
49484,1669076647
49488,1213210070
49492,3631214094
49496,389556651
49500,2742238757
49504,4261702074
49508,3273803533
49512,2900966693
49516,3162482078
49520,2536603078
49524,3471639378
49528,822940268
49532,686020966
49536,1045239211
49540,1104565660
49544,2741253513
49548,3578004386
49552,3115474927
49556,867832496
49560,2979544958
49564,428384746
49568,2408450804
49572,3132517957
49576,334664426
49580,1075343407
49584,2936322969
49588,2417196767
49592,448740567
49596,1666888790
49600,419649190
49604,2928274776
49608,1428011677
49612,1886824216
49616,705290822
49620,1786056924
49624,1703897988
49628,88615374
49632,2574731705
49636,3986307520
49640,1543951217
49644,1154942461
49648,1281602860
49652,2549275849
49656,3023842438
49660,4151901952
49664,3513133263
49668,591211908
49672,3045076042
49676,4198337986
49680,1740262580
49684,1833387107
49688,2391299548
49692,1984832583
49696,2271122791
49700,3856766668
49704,292897068
49708,3159293900
49712,2165706876
49716,2110471694
49720,939701670
49724,900641135
49728,650815460
49732,1693405439
49736,2920494678
49740,2419040017
49744,2806682973
49748,4136797519
49752,1249187820
49756,2099718421
49760,3647976557
49764,640206839
49768,2853255753
49772,3690056022
49776,342922233
49780,1615141963
49784,964766026
49788,4170923744
49792,4264611979
49796,3466616856
49800,2573294240
49804,3383691838
49808,575260269
49812,268997238
49816,898011992
49820,1832131229
49824,4280848243
49828,351956395
49832,2467997225
49836,1710861915
49840,2886390307
49844,4291044740
49848,1617672184
49852,2799204876
49856,85592154
49860,2075937564
49864,1384654703
49868,38234471
49872,999712324
49876,2075363490
49880,1090566930
49884,623517458
49888,2328793815
49892,3430090624
49896,2074069397
49900,2488711276
49904,821300842
49908,1090455566
49912,576670914
49916,1052269382
49920,2436236425
49924,509070218
49928,1593032094
49932,707390366
49936,1594297719
49940,4164507887
49944,4244735476
49948,276731441
49952,178319315
49956,565236790
49960,576244114
49964,3209910844
49968,3499976945
49972,3069316094
49976,3393578569
49980,1907445384
49984,3972356850
49988,3853466327
49992,162687443
49996,2943260292
50000,3576735243
50004,3206152871
50008,381404886
50012,3048021474
50016,203606680
50020,1065590534
50024,2605527193
50028,1130286912
50032,3558628581
50036,281985014
50040,1570568504
50044,2786949401
50048,4233456999
50052,2936473265
50056,2363384972
50060,4060242245
50064,998384566
50068,1447052291
50072,216362514
50076,3285201949
50080,598627488
50084,50568146
50088,1828751051
50092,3939733688
50096,717379385
50100,2890659189
50104,756906281
50108,1895084465
50112,2683245710
50116,382624555
50120,2098922657
50124,1917476855
50128,3491331155
50132,3588102600
50136,680408200
50140,1473241209
50144,3313868394
50148,3811167561
50152,3597666971
50156,249833615
50160,2023797967
50164,4226485022
50168,2431880291
50172,3234311674
50176,1637783192
50180,940302075
50184,4085029790
50188,1991134229
50192,3612387932
50196,3177211510
50200,762374297
50204,231749095
50208,945221946
50212,3040665740
50216,2154404544
50220,989740124
50224,249768020
50228,418944364
50232,4110677486
50236,691034221
50240,3337100579
50244,3000294022
50248,3957155725
50252,2317442931
50256,1151631444
50260,1780631321
50264,693740173
50268,982378654
50272,3837301362
50276,4137968870
50280,2920039152
50284,3641936847
50288,4175717381
50292,1547329925
50296,4106760648
50300,841855585
50304,2637020906
50308,492438052
50312,1154171340
50316,1091487585
50320,2253618851
50324,303366312
50328,1184154456
50332,360459392
50336,3473297450
50340,3414334739
50344,2215905521
50348,2002274435
50352,298892813
50356,754178800
50360,3376394382
50364,3403556518
50368,2645547364
50372,1933774504
50376,857509863
50380,186312942
50384,2736125556
50388,2799449906
50392,1221011574
50396,2578182895
50400,3072602961
50404,3412450937
50408,1577076115
50412,1363764773
50416,4015923282
50420,1944402414
50424,2943965545
50428,2868746731
50432,3588884753
50436,2654415181
50440,1698243381
50444,4020847128
50448,3714491844
50452,1016435384
50456,3118968556
50460,1548220106
50464,2910668076
50468,3560531213
50472,2986213716
50476,2996496639
50480,3962003422
50484,1364586763
50488,911900016
50492,54093732
50496,2640270217
50500,579400981
50504,485800372
50508,2007915197
50512,1669526293
50516,236274225
50520,2212450547
50524,1046099314
50528,3404126226
50532,473017
50536,2346252536
50540,1889607084
50544,366416114
50548,432265855
50552,4104767037
50556,1083873152
50560,3894389104
50564,792693449
50568,503587759
50572,2197393937
50576,1221500486
50580,85811590
50584,672628632
50588,2596850969
50592,1271216347
50596,3331845075
50600,4101468867
50604,4217311203
50608,2075620672
50612,2126121066
50616,3731733233
50620,2634893916
50624,3263178946
50628,3155529140
50632,325259436
50636,2956656785
50640,3232525025
50644,758938459
50648,2977155785
50652,3513636152
50656,2621769792
50660,766958865
50664,628986467
50668,4214755794
50672,286480456
50676,3534860043
50680,3222523235
50684,4135220586
50688,3486145552
50692,954497254
50696,3500882099
50700,1779598832
50704,1314245439
50708,1731315240
50712,3842622191
50716,2810598160
50720,3291526457
50724,4274628559
50728,1791626576
50732,1507695971
50736,2598938099
50740,1091949237
50744,920989873
50748,1671323774
50752,55883202
50756,2275070798
50760,563891222
50764,2366090669
50768,3356910412
50772,3973435635
50776,3881831378
50780,1500351630
50784,1798712605
50788,3286580703
50792,3293527411
50796,1181479504
50800,3689445140
50804,2350129779
50808,2689229845
50812,30595087
50816,1197950060
50820,4062384875
50824,3962416571
50828,2654569910
50832,2657784603
50836,878796958
50840,1187093428
50844,518520677
50848,3390585657
50852,1073193077
50856,731873826
50860,3287198534
50864,1775107887
50868,2968169206
50872,2398964626
50876,1654212291
50880,1527702920
50884,190010236
50888,186016015
50892,3369177468
50896,729108429
50900,3698504125
50904,3758550692
50908,2114224764
50912,1550300816
50916,986152203
50920,4244289875
50924,128352584
50928,26241132
50932,873783531
50936,214315443
50940,1921318330
50944,223408358
50948,1580431526
50952,1353646434
50956,2836333472
50960,3571982668
50964,2893901330
50968,4173468041
50972,2106423963
50976,2110729371
50980,398366604
50984,2026580149
50988,42231256
50992,1640063084
50996,3563012259
51000,4257117381
51004,2494340020
51008,2131321073
51012,826041528
51016,1147616354
51020,1632550625
51024,4203961240
51028,2707555243
51032,2995549362
51036,2632231369
51040,3899939478
51044,4127887528
51048,580721741
51052,3066551116
51056,1551165832
51060,2195029611
51064,694073220
51068,715980513
51072,530860183
51076,2419310472
51080,2718055502
51084,1737407516
51088,3743400945
51092,1926912948
51096,372173656
51100,527105473
51104,3411400142
51108,4268906600
51112,1468821129
51116,2983064055
51120,440115206
51124,2084611476
51128,701257957
51132,353294011
51136,431070291
51140,2319332269
51144,2871317740
51148,1329961357
51152,3217320167
51156,2641602642
51160,3066607268
51164,849520774
51168,2642001670
51172,990001226
51176,3978472073
51180,619388961
51184,2689884487
51188,204324301
51192,1711679857
51196,3176112552
51200,4078757710
51204,1257566571
51208,868677621
51212,188621328
51216,184552287
51220,3402845695
51224,2325553035
51228,3068012130
51232,1033657838
51236,3027581982
51240,3288204776
51244,464017728
51248,933409987
51252,4190951156
51256,1358815396
51260,2743650901
51264,882280022
51268,2232968216
51272,2909958003
51276,2166501405
51280,536290958
51284,2282504777
51288,2786566253
51292,1648594662
51296,439399778
51300,627338096
51304,4203252712
51308,1136962305
51312,1317104879
51316,1632814745
51320,268338473
51324,2062738645
51328,394686964
51332,2487896333
51336,2681190380
51340,3334179172
51344,1492701591
51348,2322211558
51352,416077882
51356,1834014560
51360,2955616253
51364,959574140
51368,898690370
51372,1432179871
51376,4206075743
51380,4050066963
51384,3439863423
51388,1939729286
51392,2509203743
51396,3651964000
51400,1271331330
51404,344902716
51408,998861715
51412,3432947892
51416,191646033
51420,103802333
51424,3140498749
51428,1930697701
51432,3267712797
51436,2744130152
51440,2145095166
51444,3097098757
51448,3886778095
51452,1302923777
51456,1810305623
51460,190639453
51464,1053267031
51468,1621968818
51472,1091999959
51476,2236571741
51480,1691669681
51484,1034927302
51488,656888786
51492,3636340037
51496,4045247496
51500,2963898111
51504,4272957603
51508,693569863
51512,2123861043
51516,47352627
51520,3319085825
51524,1951398418
51528,1416795854
51532,50855665
51536,2990865888
51540,3401947883
51544,1704267244
51548,3419204170
51552,1253173304
51556,3259009423
51560,2629127420
51564,976780007
51568,1860547980
51572,368116815
51576,2456242334
51580,2278745925
51584,762455521
51588,2606907297
51592,2030830218
51596,1813319648
51600,571459950
51604,3452697280
51608,2293790514
51612,4228118101
51616,1670460952
51620,578133763
51624,3522483259
51628,1966592346
51632,4294412223
51636,3284349942
51640,392699367
51644,3678708471
51648,884860657
51652,2106072002
51656,3017144421
51660,444665992
51664,2446805881
51668,4079086435
51672,4162968039
51676,1940462034
51680,2601333219
51684,1452900400
51688,2067903570
51692,1533562724
51696,1129490879
51700,1187402069
51704,1235291332
51708,2896933756
51712,3091079538
51716,105466512
51720,1342266886
51724,4067035731
51728,3624495997
51732,14203638
51736,1771049132
51740,4007559325
51744,362202941
51748,1475312159
51752,409529663
51756,3991679479
51760,2161848933
51764,3285262856
51768,4060769753
51772,3891971411
51776,47356490
51780,3952948391
51784,1771664435
51788,3594590125
51792,2495670754
51796,1774694628
51800,3943699117
51804,1224277863
51808,1479309909
51812,2726191469
51816,1959515889
51820,3317803320
51824,4079105284
51828,1998971669
51832,354116861
51836,2418396171
51840,131341998
51844,3349470693
51848,256731093
51852,872799896
51856,1710695435
51860,118701950
51864,1295319903
51868,4178832910
51872,192403749
51876,1065751881
51880,1726124394
51884,3848246897
51888,1812792527
51892,730218778
51896,2940575194
51900,2344854445
51904,327010576
51908,4103020821
51912,2604933493
51916,437100502
51920,3549665670
51924,3822423558
51928,3587878855
51932,178265578
51936,2238608591
51940,3025966514
51944,496503975
51948,3187093798
51952,2898314932
51956,758281811
51960,706952785
51964,759550480
51968,1061931901
51972,1326917246
51976,3437567147
51980,1789070110
51984,3612445778
51988,3014526300
51992,3770886598
51996,1495103691
52000,738621363
52004,663841044
52008,1464139119
52012,3623362020
52016,1944585613
52020,2161737265
52024,2989362484
52028,1845149812
52032,3519612145
52036,486047539
52040,3497564520
52044,2327333252
52048,1461809027
52052,2903471381
52056,1198641949
52060,2974069150
52064,2587073778
52068,557117502
52072,3526871468
52076,4113722700
52080,2130314583
52084,3477050682
52088,3294473638
52092,3851185603
52096,1827099376
52100,335741419
52104,3689200082
52108,2529543864
52112,2658552265
52116,3956272169
52120,3701945995
52124,1707005171
52128,1599498440
52132,3207886473
52136,793478801
52140,2419669789
52144,3059025119
52148,2184833239
52152,3593257148
52156,2332052520
52160,1785914425
52164,3459868860
52168,3113979875
52172,1803962283
52176,849244947
52180,2446423460
52184,718504669
52188,1096859173
52192,2413737348
52196,3082322257
52200,2976184953
52204,3444563074
52208,3933058950
52212,1070219697
52216,3315325741
52220,4019075907
52224,2775156714
52228,1175643819
52232,1220997429
52236,3179374486
52240,2689177048
52244,838433135
52248,2958903244
52252,3225024788
52256,2515331191
52260,1375236611
52264,878322090
52268,4271500235
52272,3121047524
52276,2491401615
52280,570929187
52284,2603564457
52288,2887684741
52292,910236128
52296,3346938925
52300,1789119670
52304,2060952531
52308,4244535087
52312,377752694
52316,1845458624
52320,3578946140
52324,853704626
52328,2086418130
52332,1447206487
52336,470427154
52340,312763630
52344,1370481178
52348,2591490475
52352,3850020367
52356,1784732061
52360,79883216
52364,2252791723
52368,2860339621
52372,3188309468
52376,25999137
52380,677068549
52384,3407940869
52388,1904878380
52392,2673727560
52396,264478405
52400,3918549436
52404,276360986
52408,1179149531
52412,1385694288
52416,4246227816
52420,348331789
52424,4076227136
52428,1800921078
52432,4174124223
52436,1947579853
52440,2737171705
52444,1343350113
52448,1763204664
52452,3379685008
52456,3129787334
52460,563088608
52464,4095516321
52468,980453831
52472,2563922771
52476,3866591770
52480,3240951078
52484,2725062508
52488,856972984
52492,1852739858
52496,3509582776
52500,4087028503
52504,3859753354
52508,1919485393
52512,2353336477
52516,36567774
52520,3813282933
52524,1870010401
52528,4206555197
52532,1874518575
52536,697268950
52540,3554930015
52544,1167176250
52548,207214143
52552,3334450370
52556,3909334012
52560,2169098966
52564,823028482
52568,590578529
52572,2080844490
52576,279004904
52580,140036861
52584,1530166624
52588,4161508076
52592,2134151535
52596,1181041541
52600,3693673642
52604,91559978
52608,3009302413
52612,2428097006
52616,3554189483
52620,1696121132
52624,439883629
52628,776917638
52632,841032789
52636,554099967
52640,2096285903
52644,2815519027
52648,2850535711
52652,212063189
52656,3757183424
52660,839742777
52664,2761827699
52668,1730681789
52672,2438352876
52676,3323205080
52680,4062569090
52684,3242384951
52688,1789482697
52692,686533461
52696,1677848578
52700,1163617423
52704,2535156059
52708,387800398
52712,1903502346
52716,2305258722
52720,3494874062
52724,884059641
52728,3684496252
52732,1492501172
52736,4061306584
52740,1983673116
52744,1189857901
52748,2911227899
52752,4167098894
52756,3044349424
52760,736793218
52764,1784274781
52768,2382666541
52772,4162473059
52776,3184987984
52780,3232657873
52784,4226956125
52788,622035431
52792,3139609120
52796,333406538
52800,3901569695
52804,1423620529
52808,37092070
52812,2580484448
52816,358209875
52820,1063420952
52824,1809422144
52828,3068932517
52832,4256451783
52836,2214416472
52840,3491218190
52844,147254795
52848,2057783303
52852,2918480970
52856,2315059392
52860,3392509071
52864,116853352
52868,2516099193
52872,2361687001
52876,755357403
52880,2226977708
52884,2078832767
52888,4066816969
52892,813743161
52896,2148365371
52900,903422129
52904,326142727
52908,3238101616
52912,3321496420
52916,3260262119
52920,1064485138
52924,3800290273
52928,3772792080
52932,2787049175
52936,610496983
52940,877738305
52944,556214580
52948,2893160468
52952,1626337749
52956,2928847093
52960,38347228
52964,1141800408
52968,3599750279
52972,3200773479
52976,3314285037
52980,1750609483
52984,163561836
52988,2625832574
52992,1848826037
52996,2232843252
53000,588490467
53004,1358876009
53008,3263948796
53012,2571401121
53016,1659466130
53020,885569823
53024,2153583019
53028,3229985764
53032,1415684749
53036,522804077
53040,167355511
53044,2937515924
53048,3753839772
53052,1018279241
53056,3857336203
53060,3829033011
53064,89821355
53068,4887047
53072,1550940866
53076,828354909
53080,4076904414
53084,4277261459
53088,3491359303
53092,26384743
53096,1538955807
53100,3323638811
53104,141994674
53108,1109556365
53112,2652383279
53116,4201368909
53120,2522968211
53124,1744323998
53128,1359956291
53132,2839057444
53136,1236559805
53140,3923526883
53144,3699008350
53148,1090780857
53152,780110711
53156,1769920130
53160,3430862901
53164,3784171732
53168,2871068721
53172,2102732660
53176,3295704803
53180,300928431
53184,417667049
53188,2140225702
53192,1755087904
53196,1105021153
53200,2941655244
53204,1712235257
53208,133630280
53212,1382429204
53216,4242251883
53220,1072942167
53224,1477710773
53228,3353430014
53232,1446685318
53236,1820087385
53240,4174651743
53244,867066592
53248,2028866084
53252,40088716
53256,135565038
53260,2973125556
53264,1403006327
53268,3545197936
53272,1900926966
53276,4274711761
53280,1532340398
53284,2712927551
53288,2603275224
53292,2306641072
53296,2506391337
53300,2104891420
53304,3951646304
53308,1487686373
53312,3585833671
53316,2665262824
53320,1020073143
53324,3469169567
53328,2818080366
53332,819393072
53336,3756546050
53340,1234030614
53344,189707786
53348,2841811864
53352,2518807249
53356,1430140616
53360,4029457161
53364,1110072687
53368,913207205
53372,3907962163
53376,1655223209
53380,1254459657
53384,2457718239
53388,3442339704
53392,1083588913
53396,4204915338
53400,3760101810
53404,3073191987
53408,3038250962
53412,3066048441
53416,2961176808
53420,868870022
53424,4111881233
53428,365910967
53432,3546618816
53436,743929100
53440,2478053780
53444,1346349278
53448,995270101
53452,2607599923
53456,509093980
53460,4168479035
53464,2288702793
53468,1129838371
53472,927453135
53476,3076854042
53480,3901696231
53484,4222661419
53488,3422037266
53492,1047100745
53496,131718284
53500,312164657
53504,246845735
53508,4175635882
53512,3245450808
53516,938556466
53520,2722841576
53524,3913704173
53528,1079166634
53532,421145534
53536,2405237158
53540,1131306088
53544,2493899761
53548,2952576588
53552,1142901013
53556,2333969290
53560,2751250339
53564,1823081306
53568,2387810551
53572,2145580218
53576,2082486347
53580,841284903
53584,1962416387
53588,2474681231
53592,2687636468
53596,1720163702
53600,977554259
53604,1021397184
53608,558260347
53612,4207853549
53616,1482876429
53620,2804316566
53624,3473519694
53628,2921844105
53632,667888299
53636,1380864870
53640,1516325321
53644,3301036905
53648,290926036
53652,2966478055
53656,1869141195
53660,1555260223
53664,677228100
53668,3076916754
53672,430675820
53676,445892235
53680,64317631
53684,3659518627
53688,4087155562
53692,2223638714
53696,385136448
53700,698463244
53704,3233067844
53708,3677797789
53712,3669976737
53716,758295869
53720,1856280958
53724,759490338
53728,787064020
53732,3724539014
53736,2674913565
53740,3551124274
53744,717771486
53748,4067457278
53752,3046762742
53756,3734361978
53760,135614299
53764,44527174
53768,1104520080
53772,3978197554
53776,2668991882
53780,262864550
53784,822459931
53788,2049143456
53792,1216085779
53796,153953412
53800,153510856
53804,4139311812
53808,3790074144
53812,1663806878
53816,494798297
53820,1611828794
53824,2878901905
53828,1762988847
53832,269566235
53836,8569752
53840,3345696730
53844,614929836
53848,2833653535
53852,1896424197
53856,598930626
53860,3245774342
53864,2192329509
53868,1418129361
53872,347041361
53876,3195103347
53880,2537034906
53884,769416342
53888,3318942002
53892,2394587339
53896,2942687135
53900,311537223
53904,588420808
53908,2686379038
53912,4066985749
53916,2589789823
53920,1418205569
53924,831702254
53928,1636222440
53932,2556810225
53936,1210057892
53940,2194499835
53944,2355002472
53948,956677236
53952,2046607084
53956,4141392118
53960,1561442737
53964,3967535483
53968,485613808
53972,3684902222
53976,1303531128
53980,1933805042
53984,1879591354
53988,4102518728
53992,1633584706
53996,417354810
54000,34840039
54004,3203769230
54008,4136302741
54012,3079022600
54016,1644838583
54020,1656535927
54024,3199784065
54028,1184041881
54032,2668264527
54036,523618238
54040,759022170
54044,640396099
54048,380149681
54052,380635936
54056,75638185
54060,2582380544
54064,4290057802
54068,2645820737
54072,4178708405
54076,2108264731
54080,3314946574
54084,4022950989
54088,4113995790
54092,1879927291
54096,4186873730
54100,3783439527
54104,1736172099
54108,3816749575
54112,2049020978
54116,193527020
54120,3237179625
54124,1146636968
54128,383769455
54132,3977512383
54136,962037702
54140,1452299021
54144,3826875985
54148,3093440211
54152,330976027
54156,2324575932
54160,505790358
54164,2200593514
54168,1142303203
54172,3700691873
54176,2649977910
54180,771655296
54184,43817937
54188,3618690162
54192,1312334706
54196,3759951353
54200,2802733097
54204,2299200017
54208,4099904906
54212,1271896021
54216,3172360165
54220,3134730321
54224,3684533506
54228,931195949
54232,1376033004
54236,2910330138
54240,1785924643
54244,3347269967
54248,3155907526
54252,3669648642
54256,3388993229
54260,2796862051
54264,27978984
54268,3926281344
54272,51577215
54276,3044395892
54280,335482420
54284,2647259546
54288,2028866188
54292,1202484497
54296,4005975699
54300,2066306006
54304,345272854
54308,1298915034
54312,424341465
54316,3850835345
54320,1536697356
54324,3717109453
54328,1413714820
54332,1547795812
54336,3473595319
54340,723018506
54344,3342346011
54348,2442154462
54352,336633651
54356,421063332
54360,3262505652
54364,1952509386
54368,2012105671
54372,3827174867
54376,516279821
54380,762469575
54384,1656580626
54388,3392563376
54392,581328371
54396,1062143840
54400,3477093131
54404,2813286969
54408,1514548939
54412,1551484572
54416,1872733415
54420,800779464
54424,21205963
54428,506936352
54432,4068926933
54436,57707208
54440,1781202377
54444,2287828543
54448,2538310701
54452,2158230794
54456,975407852
54460,3236419563
54464,3433233542
54468,4278054882
54472,3865271101
54476,2416281801
54480,2055542718
54484,211538881
54488,1573595454
54492,1426043187
54496,1512051537
54500,2969111614
54504,3423621101
54508,2098074009
54512,2125857518
54516,1665969686
54520,2341684009
54524,1375399112
54528,1168398236
54532,132880545
54536,4089976695
54540,1956084767
54544,568985044
54548,842844301
54552,424311479
54556,1482546034
54560,2972124466
54564,3622320088
54568,4235278004
54572,1419779990
54576,1031731801
54580,2111720205
54584,395689630
54588,445094269
54592,3524326743
54596,2775622049
54600,116855676
54604,2880696445
54608,1218576365
54612,1937538731
54616,702459054
54620,2854607564
54624,2665766892
54628,1191816948
54632,1098049301
54636,3310354719
54640,2493773244
54644,2193011961
54648,588287609
54652,1321859821
54656,1183509144
54660,2072465804
54664,3185033204
54668,2113963070
54672,770449339
54676,1662839604
54680,1765974457
54684,2321013953
54688,2161326529
54692,4037450254
54696,2865836105
54700,1322454909
54704,1981231553
54708,3747779349
54712,549438569
54716,1660602793
54720,2586302070
54724,4128640906
54728,1241932005
54732,874250391
54736,946125900
54740,1702621117
54744,4233433929
54748,4075862653
54752,1263805285
54756,1352209616
54760,56991131
54764,2592736007
54768,3101358890
54772,4082355130
54776,2488203434
54780,2987578673
54784,2246392386
54788,993015067
54792,1073329312
54796,3501774812
54800,1764354011
54804,157532989
54808,2010566841
54812,3777358981
54816,3841581593
54820,769242593
54824,1901366251
54828,404233232
54832,949254823
54836,1498255188
54840,1750122144
54844,1770265239
54848,3426838925
54852,614339191
54856,3329777644
54860,3903640659
54864,3795824971
54868,1125643995
54872,2989472925
54876,2703189049
54880,2205492255
54884,1123798683
54888,4118757936
54892,3632348649
54896,177300093
54900,1918606278
54904,3125046362
54908,734419727
54912,1862644629
54916,4135780507
54920,3787862778
54924,1566328677
54928,3951529118
54932,1848423591
54936,3833232239
54940,3725792553
54944,1319852918
54948,2506951539
54952,1160670033
54956,3635931171
54960,4179751980
54964,388398369
54968,2377084140
54972,3301674603
54976,3099999689
54980,2290518216
54984,2882795137
54988,856621710
54992,3158929594
54996,4243545444
55000,1494075633
55004,3601151526
55008,694887802
55012,755846469
55016,3800759641
55020,1090442924
55024,3290522689
55028,4185329391
55032,726962738
55036,1733455874
55040,3495148918
55044,2171585409
55048,2335802827
55052,1763073150
55056,1083210115
55060,784780144
55064,3433371107
55068,2926812088
55072,3892107760
55076,766463366
55080,1283132790
55084,4159494907
55088,2476394447
55092,3240033750
55096,327825983
55100,2281060262
55104,2066349069
55108,4268772692
55112,135692087
55116,1709857321
55120,1372761865
55124,1296950854
55128,4006529272
55132,2400050196
55136,1138171589
55140,1798150796
55144,2601290029
55148,3152636386
55152,3208827640
55156,2973694367
55160,1897480081
55164,3283198605
55168,4225836539
55172,2109905314
55176,3063928550
55180,2584780920
55184,1814157012
55188,3130471218
55192,1668579494
55196,2497420886
55200,44442657
55204,568376942
55208,2594366639
55212,2851962193
55216,2192959183
55220,40725651
55224,690150385
55228,1614188100
55232,870819981
55236,1814814250
55240,3282785923
55244,2947228585
55248,2525652095
55252,2000531380
55256,619105112
55260,2524931087
55264,3109678359
55268,1378093622
55272,818357747
55276,2562828446
55280,3268216742
55284,4085289800
55288,1545350736
55292,2815385530
55296,2482296331
55300,764680848
55304,2245449834
55308,3573715938
55312,889046750
55316,26163808
55320,1582319760
55324,4271955194
55328,1309986266
55332,3172405490
55336,992796364
55340,1180255685
55344,3176769944
55348,4100216146
55352,182576799
55356,3196799070
55360,1260811782
55364,3866822683
55368,3018343874
55372,1228134829
55376,2324490318
55380,304639843
55384,1869717989
55388,2783827985
55392,1388591014
55396,2386963184
55400,3963327390
55404,333570813
55408,3475556778
55412,619819901
55416,2094657172
55420,3714101096
55424,2901943478
55428,2405404193
55432,1133747910
55436,2441787560
55440,2146340816
55444,1626766617
55448,1080391118
55452,1280003352
55456,3296038894
55460,3142385559
55464,3155931475
55468,3019237157
55472,2089969256
55476,2441100459
55480,1620586490
55484,1887784218
55488,226387449
55492,74363101
55496,2228716298
55500,2839137399
55504,981683843
55508,2819115657
55512,3877015249
55516,1078960683
55520,453327483
55524,3627192765
55528,2426322079
55532,2059174469
55536,3985905174
55540,3849957639
55544,1391813603
55548,1953285131
55552,562912571
55556,22256924
55560,1975036482
55564,3838842800
55568,3055758155
55572,2876431917
55576,735140054
55580,3826460483
55584,1941796313
55588,119784482
55592,2515487042
55596,2500090111
55600,439569190
55604,837950157
55608,3869618470
55612,2215096999
55616,1848222919
55620,399943078
55624,2555588707
55628,4217157123
55632,4201956243
55636,1697730942
55640,1838990145
55644,302800048
55648,4293956739
55652,811656293
55656,540355406
55660,2786466891
55664,2442495498
55668,3971115962
55672,3260445622
55676,1166563177
55680,38584544
55684,336244107
55688,3019691851
55692,567291956
55696,4054708410
55700,4130704823
55704,3303723081
55708,1936698438
55712,1407599763
55716,29396130
55720,4036473869
55724,239728890
55728,73194972
55732,3361399998
55736,1422241821
55740,4048582529
55744,3177682055
55748,380070916
55752,1522006334
55756,3522412911
55760,1483348798
55764,2297026279
55768,1938250493
55772,2563787150
55776,1797538472
55780,2474855620
55784,3616307940
55788,4257406212
55792,196253009
55796,33038434
55800,3748296637
55804,244956068
55808,1309220708
55812,35888597
55816,3979171319
55820,4156884916
55824,3683442091
55828,3343072632
55832,1148485850
55836,3420525870
55840,3388170326
55844,3311419126
55848,51281369
55852,691437938
55856,3302249480
55860,3052974808
55864,588364261
55868,1152622274
55872,2722141628
55876,4127902243
55880,547508581
55884,1760616361
55888,4264046514
55892,3314429151
55896,3034530506
55900,3149605393
55904,2769751723
55908,2554919978
55912,229683702
55916,2073436047
55920,92810442
55924,953360495
55928,1217226623
55932,1051357932
55936,2029194354
55940,1487854839
55944,4024430930
55948,1459215795
55952,2727775784
55956,1715719729
55960,1211016649
55964,474394793
55968,4199757820
55972,952257606
55976,2736184523
55980,3269499349
55984,3532180906
55988,2100150632
55992,2272365583
55996,935136008
56000,1803336641
56004,1126324865
56008,2472893833
56012,558140281
56016,124161705
56020,2517156847
56024,1458612980
56028,156041677
56032,2415517513
56036,2653220452
56040,2606044489
56044,1117378306
56048,3591972181
56052,1097633800
56056,1067118364
56060,3310020024
56064,3687621827
56068,2358389453
56072,1131976403
56076,3455011752
56080,213387272
56084,3880248318
56088,788501386
56092,908990008
56096,2179344437
56100,4273708767
56104,2061962272
56108,4277786176
56112,3449516316
56116,8720878
56120,1087439982
56124,1373804579
56128,2980390721
56132,4120332224
56136,3450066023
56140,492192371
56144,1442671132
56148,1243589880
56152,2557630441
56156,427444433
56160,139828552
56164,154741322
56168,1777856451
56172,1962580442
56176,585546541
56180,4002002342
56184,3992729783
56188,1480488780
56192,127984351
56196,4266698116
56200,2607307689
56204,2057646852
56208,760100391
56212,2499175094
56216,3651693590
56220,2288036238
56224,2050925517
56228,2770270707
56232,2291325766
56236,3413160516
56240,3679561081
56244,2097085644
56248,3939572771
56252,864862765
56256,1673206042
56260,1238722455
56264,1432940776
56268,3313411875
56272,2908766158
56276,2124588198
56280,2307625175
56284,2691824070
56288,3105584853
56292,2022547825
56296,3012152501
56300,3139616416
56304,336311910
56308,1068140290
56312,1016700664
56316,857061763
56320,3576847039
56324,830021203
56328,2654331798
56332,753413762
56336,631501831
56340,438600016
56344,485149390
56348,3251662284
56352,901247506
56356,4032336583
56360,396285073
56364,2485071964
56368,4173531679
56372,3388968480
56376,2867109291
56380,1759400166
56384,733691936
56388,3070925455
56392,3312706729
56396,800009066
56400,3298073308
56404,125662978
56408,216862333
56412,385630507
56416,42589814
56420,1904605004
56424,3984894859
56428,1912643793
56432,552159593
56436,1381357052
56440,2560769319
56444,4122425928
56448,449870525
56452,3267750770
56456,511378840
56460,2561700122
56464,2565840723
56468,3693505231
56472,2554877185
56476,1162772593
56480,4091749521
56484,877002613
56488,2630548353
56492,4049583983
56496,697832163
56500,1289287666
56504,482130939
56508,1167370760
56512,3401959938
56516,860766530
56520,866380806
56524,2729816041
56528,3396181596
56532,136924422
56536,3467487213
56540,463325915
56544,2423013530
56548,3863042621
56552,1093886368
56556,874558805
56560,2202881412
56564,3509812736
56568,2533103181
56572,251276672
56576,2260354499
56580,3174317388
56584,760515788
56588,493837091
56592,1347115078
56596,4279927464
56600,3752044517
56604,3383887010
56608,227524542
56612,539932185
56616,1600480414
56620,2138663932
56624,3738159988
56628,3972099040
56632,3021527546
56636,2474035157
56640,4124868818
56644,1115191139
56648,2907512305
56652,3403969890
56656,3103686114
56660,977356302
56664,1935914307
56668,4044899084
56672,3827430795
56676,3054877014
56680,143007050
56684,3311534047
56688,3980954100
56692,1545958058
56696,3773725366
56700,324195141
56704,729823146
56708,2613217370
56712,3077161372
56716,2479204932
56720,3250944269
56724,1200764287
56728,2950221777
56732,725796701
56736,3755174814
56740,18950255
56744,4119458576
56748,1600281451
56752,3414035806
56756,3774484741
56760,1142655865
56764,4262178684
56768,4034483139
56772,2588562311
56776,3121179134
56780,289411123
56784,1752383314
56788,2339007148
56792,1154353742
56796,3064751910
56800,103071197
56804,797007932
56808,2580348385
56812,1575119952
56816,63850805
56820,3852194385
56824,582561290
56828,4003362896
56832,49325361
56836,2671971916
56840,3603119989
56844,2577157252
56848,466530842
56852,3856721894
56856,4103872774
56860,1494860102
56864,1008131368
56868,112727970
56872,2589725888
56876,3285129992
56880,2040172489
56884,3180953536
56888,959642903
56892,109553665
56896,631974006
56900,771830914
56904,676120397
56908,4065598984
56912,3064758737
56916,2003835035
56920,427816551
56924,1223922742
56928,1880147322
56932,2564956765
56936,2275416679
56940,2978430502
56944,3838871625
56948,371613913
56952,2103409967
56956,350614101
56960,1119278662
56964,1116817087
56968,3211898704
56972,1259008929
56976,858344308
56980,3999448071
56984,653846487
56988,653195454
56992,3705270570
56996,54003914
57000,3584339255
57004,1205042069
57008,2642211743
57012,3272041911
57016,511507885
57020,1982411436
57024,1471528708
57028,2921801787
57032,546217110
57036,3701313226
57040,4109061906
57044,2373559939
57048,3287761917
57052,4223268366
57056,3174840614
57060,416514474
57064,4086756013
57068,576794935
57072,2369716135
57076,3735387508
57080,1527610652
57084,340594550
57088,1775923514
57092,2713431673
57096,3804235641
57100,3359067957
57104,3428392165
57108,2280054084
57112,1510453660
57116,2540924753
57120,982145090
57124,772725565
57128,2112594941
57132,4084733269
57136,2397436379
57140,1943609447
57144,2387119895
57148,1402579568
57152,346999919
57156,1523786050
57160,395083530
57164,1272147890
57168,906496919
57172,3954486479
57176,1223435824
57180,852409352
57184,3899037320
57188,1079421283
57192,3783545420
57196,2969124553
57200,496108504
57204,2946334908
57208,1932708666
57212,1133315998
57216,994086900
57220,1001549964
57224,341337189
57228,3425091320
57232,3686426520
57236,1227621604
57240,1052555087
57244,1365390143
57248,3312032568
57252,2639598584
57256,2000734575
57260,3655736285
57264,711086550
57268,2256072092
57272,3043349943
57276,1669734682
57280,999616274
57284,136413336
57288,4246493399
57292,3276013207
57296,3591058381
57300,1551820031
57304,143521316
57308,537678581
57312,3101731187
57316,1764632776
57320,1747664812
57324,3979148060
57328,2008131039
57332,371027609
57336,3234097455
57340,2808832473
57344,570004493
57348,1185648730
57352,3594791314
57356,1569520951
57360,3657791342
57364,12604407
57368,4241356854
57372,2764072068
57376,3684321045
57380,4005021212
57384,1310541296
57388,780475669
57392,4116662570
57396,854437652
57400,3789820730
57404,2943611016
57408,1885075321
57412,2131969275
57416,1357043220
57420,943029994
57424,3591537554
57428,40346674
57432,1460733348
57436,861100616
57440,471694542
57444,171477756
57448,3721274606
57452,2116642067
57456,3066409064
57460,3141360921
57464,1211882576
57468,2959246550
57472,447218315
57476,1211790079
57480,877913025
57484,3478370149
57488,75204057
57492,2851730116
57496,53380081
57500,2855354407
57504,2116260218
57508,2284985684
57512,3730432095
57516,3332926302
57520,1435880005
57524,1116418722
57528,1360881947
57532,1131732111
57536,2336516017
57540,3799383832
57544,2448639842
57548,1739689573
57552,2601540447
57556,1619752273
57560,226050063
57564,3285674729
57568,1814381588
57572,3290823283
57576,2605979672
57580,1703064568
57584,3262625550
57588,3547123446
57592,2821695539
57596,4069003537
57600,1537414574
57604,4106317052
57608,96988596
57612,3738971041
57616,1640591215
57620,520887849
57624,904916275
57628,2701473494
57632,2404200740
57636,3187858520
57640,3526570252
57644,2060260307
57648,654967867
57652,4291343999
57656,3528480021
57660,2798269997
57664,3046384427
57668,200980196
57672,3018207516
57676,3405483059
57680,416429131
57684,423673865
57688,3006025147
57692,2191446188
57696,252027625
57700,3377115944
57704,2694947504
57708,1290412126
57712,1632368945
57716,2209378705
57720,286000797
57724,264821566
57728,4277557420
57732,1376718670
57736,3054388124
57740,1245693342
57744,1472095601
57748,4027338954
57752,1665934429
57756,125142507
57760,2157844033
57764,3484559222
57768,1634731874
57772,2396495618
57776,2426183628
57780,3897645202
57784,1251957404
57788,1750898039
57792,3709827113
57796,1944638998
57800,2091136936
57804,4076882658
57808,615974628
57812,243246637
57816,1590045427
57820,3912136006
57824,2668684212
57828,939545008
57832,2612871596
57836,3745098278
57840,2771949349
57844,460106429
57848,187172627
57852,1558304665
57856,3580983017
57860,1835439913
57864,832511587
57868,2421028470
57872,1688700651
57876,2693362063
57880,795642357
57884,1228128954
57888,4049380110
57892,3886580194
57896,2631100252
57900,4091607529
57904,3084509082
57908,3274138031
57912,1595454424
57916,2987661367
57920,4265469862
57924,1620761742
57928,1136928576
57932,3342518868
57936,1074995874
57940,761211757
57944,3218305462
57948,1271280797
57952,4040007619
57956,1997739081
57960,953771036
57964,3065445985
57968,3172621564
57972,3494361499
57976,3978020891
57980,2498379923
57984,510444573
57988,794546842
57992,1292296424
57996,2326871673
58000,1180187072
58004,1909758207
58008,2835971454
58012,85367237
58016,805120367
58020,3698641819
58024,3985911843
58028,2244261504
58032,4162695676
58036,2044196678
58040,1664807813
58044,2078668910
58048,3542780376
58052,3781007108
58056,3833398416
58060,2347269174
58064,1719384077
58068,1872136217
58072,2083843849
58076,2080639235
58080,1461412402
58084,1425709464
58088,2539740147
58092,4284267268
58096,1258913882
58100,2710652522
58104,1089283764
58108,1165860685
58112,3030072652
58116,3496355200
58120,3656329026
58124,4068533359
58128,2640426441
58132,3453005208
58136,2218204745
58140,2530311788
58144,3391613184
58148,2554582203
58152,1741395365
58156,3694843617
58160,2817855138
58164,2746867904
58168,3380240660
58172,319363438
58176,3892633703
58180,3958100335
58184,1725457333
58188,1131773664
58192,2241417311
58196,1987962840
58200,3718544381
58204,3840991954
58208,1940646150
58212,3053318071
58216,4222454632
58220,1650126191
58224,1177742705
58228,1687202719
58232,1181096089
58236,3359747682
58240,2079586649
58244,549065596
58248,3530760450
58252,4092772122
58256,3968719063
58260,2884958039
58264,556461879
58268,701474020
58272,1218997746
58276,1642356555
58280,655841251
58284,1917968663
58288,1729020939
58292,1916266598
58296,3339109452
58300,1375921054
58304,1808957710
58308,180993374
58312,4050179155
58316,1095452023
58320,1266049579
58324,38698832
58328,922245306
58332,95885106
58336,1321347168
58340,513652435
58344,3126253366
58348,499630158
58352,2807258210
58356,3205969008
58360,2879980470
58364,2802819038
58368,1794124358
58372,4174778851
58376,3120035021
58380,2794226191
58384,3729218502
58388,3465852363
58392,453133395
58396,1487824262
58400,2752612105
58404,3128273099
58408,110339537
58412,3351767190
58416,4098731771
58420,1727759909
58424,2502678709
58428,3038100016
58432,1256626992
58436,2666768460
58440,501183410
58444,2875179067
58448,357533762
58452,2003644008
58456,4151673485
58460,3264068664
58464,4154124024
58468,3023955552
58472,1630115983
58476,2265133992
58480,523335738
58484,2680604759
58488,3047248852
58492,2755719120
58496,117779112
58500,1720635285
58504,3707612453
58508,1439500235
58512,2913385957
58516,1750930500
58520,1957179043
58524,2072777180
58528,2252241612
58532,2459986945
58536,2010685983
58540,1270953341
58544,443803011
58548,3640783909
58552,4236780150
58556,237958996
58560,1854667382
58564,1144837823
58568,499501058
58572,541891889
58576,2145294578
58580,1419386168
58584,3166949180
58588,227208542
58592,2041557381
58596,460847697
58600,2179724399
58604,2713880804
58608,3459484885
58612,152474800
58616,2688294356
58620,858686952
58624,594014971
58628,2676409804
58632,42761845
58636,637723232
58640,92276413
58644,485673115
58648,1492389780
58652,1899421477
58656,53105145
58660,3980651162
58664,1494465176
58668,1634937454
58672,4172719036
58676,1617663173
58680,3614559120
58684,1225247703
58688,202524553
58692,1260806927
58696,1374998752
58700,30569877
58704,4052370842
58708,3119529577
58712,862658028
58716,1105338140
58720,732129325
58724,1244376321
58728,2292275667
58732,1653229097
58736,2971004623
58740,325353883
58744,3960297976
58748,1667604137
58752,478733128
58756,821512733
58760,211623641
58764,1505221841
58768,125780919
58772,3739801607
58776,3907985720
58780,1351807540
58784,2528891457
58788,3591398417
58792,3079523448
58796,2998782397
58800,1820172619
58804,813383099
58808,2870672581
58812,1299389249
58816,3894793779
58820,2518436153
58824,3248583085
58828,804005247
58832,3587713165
58836,376566363
58840,1696685863
58844,1449858021
58848,3476504646
58852,660639009
58856,2227058840
58860,1906420198
58864,1031548118
58868,431689606
58872,995968903
58876,119011067
58880,732397382
58884,2096367611
58888,4272894348
58892,2364052393
58896,3866010545
58900,4192725573
58904,430899714
58908,167964797
58912,3675974349
58916,1968090954
58920,2498421581
58924,3509217808
58928,974414900
58932,2875892864
58936,2959766259
58940,474177909
58944,3350175563
58948,3152414758
58952,3454978031
58956,883792334
58960,1634247233
58964,1090396456
58968,3016781556
58972,485997172
58976,2966689624
58980,1372253866
58984,621804499
58988,3249457811
58992,2058294792
58996,1515174518
59000,1588060911
59004,2776110508
59008,904044228
59012,1380663685
59016,1343304723
59020,936892332
59024,3445151546
59028,1522229035
59032,3380904125
59036,3866663676
59040,1491322490
59044,745017841
59048,2886512726
59052,2907966231
59056,130974230
59060,376642324
59064,581979409
59068,3255689239
59072,3122140165
59076,2537679770
59080,2773717285
59084,3739310973
59088,3820969091
59092,3257926071
59096,2328426536
59100,2576047462
59104,3724143410
59108,1182109242
59112,1548697926
59116,634220255
59120,960835786
59124,1540164904
59128,272229714
59132,4217789560
59136,4147210603
59140,525858313
59144,2404354663
59148,4192986343
59152,3455833403
59156,3832410678
59160,937199365
59164,2854834038
59168,2867247202
59172,1598040739
59176,2409404617
59180,169262294
59184,3861733902
59188,2964474294
59192,1649410563
59196,3454232621
59200,700459528
59204,985387138
59208,1461216654
59212,2829305764
59216,2344311840
59220,76759695
59224,102502818
59228,931196667
59232,663907087
59236,2247291492
59240,3736219614
59244,2627681777
59248,2567816544
59252,2594459360
59256,3259210189
59260,4056756363
59264,3624341912
59268,2972820394
59272,316839818
59276,1571891486
59280,4206740104
59284,3172765338
59288,3542749896
59292,44502045
59296,3096794436
59300,1623056491
59304,3358464182
59308,2618144581
59312,2733706050
59316,1464736545
59320,2019700191
59324,714082811
59328,936160597
59332,2953280374
59336,3260874269
59340,3919150380
59344,3048732414
59348,850592664
59352,65169325
59356,3176407770
59360,1076466943
59364,3245684065
59368,1313104346
59372,1140259417
59376,29658639
59380,4133024156
59384,3752628457
59388,4287025829
59392,2266511710
59396,2313763722
59400,3433838306
59404,3059782610
59408,60543764
59412,2175465586
59416,2314170632
59420,3688958527
59424,2510849006
59428,3518293189
59432,864170735
59436,11284707
59440,2139128974
59444,2910543996
59448,3100264252
59452,2086490107
59456,3011178022
59460,3475958152
59464,1279923741
59468,51358684
59472,4124387946
59476,1687322371
59480,841746488
59484,1563780819
59488,2857774895
59492,1398674524
59496,4261257251
59500,2122112602
59504,3422133003
59508,1607644168
59512,2134234732
59516,1199787514
59520,39157097
59524,1933903269
59528,3810368858
59532,1789158330
59536,1443226665
59540,2370557710
59544,4239812256
59548,2006962884
59552,799727076
59556,1158791746
59560,1246152180
59564,1599836170
59568,3592763718
59572,1435435572
59576,1869904585
59580,131565887
59584,2737397046
59588,1817851771
59592,585968537
59596,66906103
59600,1655629235
59604,206424309
59608,338618206
59612,1207643748
59616,2450512462
59620,3276293825
59624,311908321
59628,599663005
59632,2551026440
59636,1956669720
59640,1607340743
59644,1269526389
59648,3416651141
59652,1370142726
59656,79373826
59660,1703487211
59664,3117114455
59668,1453290124
59672,1258103858
59676,4167663096
59680,1112358670
59684,1722947245
59688,3337749952
59692,313107243
59696,2968724233
59700,1109106145
59704,1238026132
59708,4225820142
59712,149739478
59716,2800159817
59720,275824809
59724,678720187
59728,522716767
59732,3981511084
59736,2709549929
59740,3470495650
59744,2587282250
59748,2330222003
59752,1236240385
59756,1071113124
59760,2036567699
59764,4083458940
59768,4242327552
59772,1722708034
59776,279390877
59780,284702318
59784,2342262169
59788,2351227970
59792,4036170776
59796,3314202533
59800,1635903573
59804,2244411092
59808,2310146869
59812,948636266
59816,3375728992
59820,3461652877
59824,2698929313
59828,1771153358
59832,2688418173
59836,2325125335
59840,4015328467
59844,3674899393
59848,4002008025
59852,2131624255
59856,1040959773
59860,2240221210
59864,270106040
59868,3938017167
59872,906802160
59876,1145808842
59880,4116339055
59884,2350804202
59888,2412999538
59892,2308175565
59896,1257302965
59900,3832877441
59904,2638656437
59908,3454989218
59912,3071847556
59916,1470333980
59920,1561546502
59924,3857779350
59928,525704658
59932,3506202031
59936,3606719516
59940,3574784784
59944,2241649383
59948,1996680659
59952,1831982781
59956,2490530866
59960,4121386027
59964,2434706631
59968,3019573632
59972,1743468101
59976,455135302
59980,2699709400
59984,971312777
59988,69469691
59992,2405289447
59996,1957515283
60000,4239003795
60004,7574054
60008,3803419015
60012,1817372553
60016,3115073448
60020,1078791744
60024,1317863636
60028,3096622180
60032,2861085955
60036,2056775951
60040,2941020218
60044,293732701
60048,1261260908
60052,2066540905
60056,3634656621
60060,1966626604
60064,1199703152
60068,1611283483
60072,1116837162
60076,4102272554
60080,1700334198
60084,2964182907
60088,1204628198
60092,1485652201
60096,492026933
60100,4189469222
60104,2051487951
60108,2961511781
60112,1338397927
60116,2528406975
60120,1773295306
60124,2782845336
60128,1815332225
60132,1957786783
60136,2466415294
60140,2837232694
60144,1980343316
60148,2192298906
60152,3735364671
60156,3836786871
60160,597537110
60164,1737778292
60168,2910502233
60172,4049757152
60176,3018762981
60180,2290987602
60184,551831676
60188,2986476642
60192,350997536
60196,57791048
60200,162996993
60204,3816561783
60208,376544720
60212,4192145154
60216,817058265
60220,1964362371
60224,886435839
60228,1969917639
60232,1407164007
60236,1342281579
60240,930156764
60244,1640536818
60248,2227595281
60252,2426901081
60256,3646305486
60260,2217045608
60264,2059762447
60268,2858384678
60272,1576593764
60276,2681718506
60280,2109871294
60284,2734461677
60288,1350908591
60292,188151987
60296,4190638088
60300,682671054
60304,3005121432
60308,159785842
60312,2135737603
60316,2623975817
60320,4261824503
60324,3463273099
60328,355032519
60332,1189436072
60336,4052361309
60340,4208728878
60344,2067409490
60348,3360518140
60352,2269160190
60356,3871566109
60360,1533798242
60364,3897719533
60368,4010658854
60372,246879700
60376,1974840185
60380,684943049
60384,396263225
60388,1605488418
60392,2195228074
60396,100798471
60400,1074295780
60404,1388218116
60408,1197559510
60412,3669683666
60416,3140905334
60420,3986482453
60424,2027354563
60428,2884757485
60432,818982542
60436,1802143517
60440,2435024922
60444,3470729113
60448,492896271
60452,1828705966
60456,3676360669
60460,362998832
60464,2188736444
60468,2374797150
60472,2898697222
60476,862389557
60480,1347266450
60484,1303935541
60488,3070865181
60492,1385478552
60496,3689185303
60500,2241463592
60504,3010515331
60508,890816291
60512,3816643774
60516,1571891206
60520,1417452597
60524,2333390192
60528,1495826409
60532,2251290808
60536,1998356051
60540,3160653104
60544,3477298792
60548,2014186256
60552,3979419753
60556,585159165
60560,1492149747
60564,3939383112
60568,1686701513
60572,1131174518
60576,2114844952
60580,754325063
60584,1629052693
60588,2670648638
60592,1826314877
60596,1695637690
60600,1571660845
60604,4232233256
60608,1427133965
60612,1917748884
60616,2267247912
60620,2724412886
60624,128894625
60628,1067450660
60632,4038491160
60636,1954058426
60640,1184605390
60644,261170614
60648,3374863549
60652,2669108879
60656,2205292131
60660,1303843738
60664,1617378599
60668,3628312407
60672,970481907
60676,2489585069
60680,2151068509
60684,2397275096
60688,1205772323
60692,1439386241
60696,2922691307
60700,1004487537
60704,2560637172
60708,2957413167
60712,468571764
60716,3609875299
60720,3030308919
60724,1982963526
60728,1772667309
60732,1165544899
60736,1571541597
60740,29639942
60744,419959515
60748,457738347
60752,3482752961
60756,3481679976
60760,250120456
60764,1685712282
60768,2082511753
60772,3078150720
60776,345409458
60780,1247507466
60784,2992095175
60788,1968865592
60792,3498451537
60796,3567874827
60800,2752613054
60804,1229684720
60808,3269226895
60812,604802226
60816,1819661481
60820,3557529400
60824,2920169141
60828,1531441285
60832,2584209666
60836,2583122413
60840,2479656361
60844,8735329
60848,4115874072
60852,2771956578
60856,670436353
60860,2626671898
60864,2261925428
60868,488567359
60872,1076051026
60876,845424909
60880,3131815852
60884,3531214844
60888,4177725705
60892,2273759217
60896,2590667739
60900,3537113045
60904,21257125
60908,3596418004
60912,3549018546
60916,4026790857
60920,3715803294
60924,224679440
60928,3696333929
60932,623520186
60936,3046487870
60940,3937277003
60944,4260090292
60948,409658087
60952,2764442857
60956,3343710404
60960,3115151794
60964,2155291840
60968,686224487
60972,3659814901
60976,2613395169
60980,3208927521
60984,2181703064
60988,716360229
60992,3815962256
60996,1967653486
61000,1835482059
61004,847151283
61008,1327068641
61012,1164533011
61016,3924691331
61020,2432562286
61024,1392029215
61028,1430533284
61032,774328337
61036,3535175827
61040,2631969828
61044,1125538049
61048,2750968577
61052,2301066352
61056,2313782333
61060,3703624084
61064,683338271
61068,1799103634
61072,1311205259
61076,2413485290
61080,105426243
61084,3425843037
61088,2512517619
61092,525403904
61096,2942208432
61100,3740455465
61104,269364621
61108,2009194282
61112,3390964252
61116,2130583375
61120,618744994
61124,996840201
61128,1807907609
61132,4156158701
61136,2967763965
61140,1339360330
61144,440403699
61148,1188694424
61152,2307015055
61156,448300361
61160,2771074673
61164,901359156
61168,1452867041
61172,2409942283
61176,1216963715
61180,1811570986
61184,1039696112
61188,3830630591
61192,1648627058
61196,906188656
61200,2988434242
61204,1027672783
61208,1483471563
61212,3037090419
61216,2739589032
61220,446786344
61224,2043996110
61228,239916050
61232,2363210439
61236,997201932
61240,835298224
61244,4127863609
61248,435158099
61252,1558676320
61256,2746492749
61260,199406414
61264,832725330
61268,2089484994
61272,3148560512
61276,3653333326
61280,2286195661
61284,1077562272
61288,3813785711
61292,472335411
61296,3512949154
61300,4027020648
61304,3145989331
61308,4029772970
61312,3061589503
61316,724155050
61320,1797543721
61324,613977481
61328,4102433706
61332,2116081173
61336,2484871575
61340,3035396174
61344,575277400
61348,3985480719
61352,1202834539
61356,3746320798
61360,2495618084
61364,602300136
61368,924438242
61372,584352790
61376,704406026
61380,4152268861
61384,701597172
61388,2818408970
61392,664237543
61396,1681624500
61400,2029532981
61404,241905103
61408,1166121048
61412,1528431660
61416,3584471329
61420,1079160079
61424,1957975085
61428,843909644
61432,824736851
61436,685063181
61440,3315709980
61444,1246868142
61448,3589260615
61452,2685382238
61456,243028712
61460,2249810058
61464,3206439875
61468,481452398
61472,3815782540
61476,3035617510
61480,3897974078
61484,3145475094
61488,2627203802
61492,2778553881
61496,1189561051
61500,626935110
61504,3057143199
61508,1281683216
61512,3322618124
61516,3027156461
61520,2959964851
61524,2415039642
61528,3504329355
61532,1245245218
61536,446442928
61540,2539363948
61544,3163497488
61548,1455987864
61552,3805524951
61556,2341499963
61560,2958495455
61564,3415590629
61568,3544739402
61572,1289777201
61576,4039883150
61580,367701638
61584,1116695249
61588,3028003369
61592,323647518
61596,3336708596
61600,4068037005
61604,3576927547
61608,2105503344
61612,1140842518
61616,1252440232
61620,715196012
61624,1408778036
61628,711808917
61632,1454494186
61636,2730043755
61640,3330213485
61644,3785482778
61648,108433915
61652,2069564758
61656,2060801057
61660,1683517403
61664,245504628
61668,1484402717
61672,2668496218
61676,1680159135
61680,3234805406
61684,1451621981
61688,935476185
61692,2524008516
61696,3988367238
61700,557867287
61704,3825698120
61708,3323565025
61712,507760958
61716,3230822990
61720,1607026828
61724,1286661582
61728,2810698299
61732,3272014717
61736,3174708039
61740,1119759595
61744,3469886872
61748,1225534797
61752,1942603667
61756,154845086
61760,3955160268
61764,107090489
61768,467208600
61772,10748325
61776,273030596
61780,1770857871
61784,2470856390
61788,2105530115
61792,2817403502
61796,2003949893
61800,4108063450
61804,1556794959
61808,444490180
61812,810410991
61816,2710984781
61820,3829095546
61824,3358846751
61828,2865439637
61832,667758767
61836,3416250936
61840,3110367673
61844,3536499419
61848,1752505072
61852,182212407
61856,2212247174
61860,3334401755
61864,1240007620
61868,1381717585
61872,2597184388
61876,4011482814
61880,833690177
61884,1381212341
61888,4243967165
61892,2094982849
61896,531140029
61900,646359939
61904,224676289
61908,1248853522
61912,2155132568
61916,1868414670
61920,3879830959
61924,288228513
61928,351502438
61932,3551707796
61936,596876315
61940,3703888455
61944,3502299298
61948,3396140858
61952,2944246847
61956,606196166
61960,743289512
61964,156933987
61968,2469718363
61972,1257433726
61976,4245474781
61980,3163203034
61984,4083463679
61988,3079611606
61992,3116380223
61996,3379701957
62000,3730866104
62004,464584631
62008,3851644301
62012,3373726693
62016,683088074
62020,3168742325
62024,3286209278
62028,1309486686
62032,746904193
62036,4029886883
62040,1186867283
62044,3022787550
62048,3189810047
62052,2662096771
62056,1704320222
62060,466802939
62064,2540297165
62068,3430039051
62072,138724362
62076,2530464122
62080,1975970864
62084,3166901257
62088,1287803028
62092,877640619
62096,237145331
62100,882292783
62104,1263021348
62108,187212633
62112,1403373102
62116,4122552350
62120,2654860982
62124,2967087897
62128,1106802847
62132,2974751355
62136,3104496243
62140,1278199727
62144,3109479634
62148,2703182946
62152,2050580459
62156,945552038
62160,1637749132
62164,1840230694
62168,117026738
62172,3359365384
62176,2751477144
62180,4132949262
62184,4050132702
62188,516030368
62192,3455034621
62196,3070024486
62200,2177506470
62204,4052569764
62208,1916402494
62212,1133330093
62216,1365745639
62220,275900853
62224,3797704642
62228,630977964
62232,3324597537
62236,2936868991
62240,47402626
62244,735316008
62248,1732763211
62252,2885317744
62256,3347643059
62260,3261367433
62264,3665140044
62268,3846853223
62272,3985292786
62276,1401641593
62280,3675965833
62284,2896085021
62288,2911611094
62292,556347591
62296,3743360342
62300,1003290394
62304,1616880258
62308,827378784
62312,416878961
62316,2062246931
62320,2961664590
62324,1030789775
62328,1001576463
62332,2990792802
62336,215502331
62340,2680853792
62344,1042704407
62348,3060201660
62352,204604406
62356,3722365675
62360,1415943558
62364,3494706482
62368,1037380059
62372,1126850743
62376,3099438628
62380,2678988149
62384,2566173867
62388,1982711536
62392,3503931673
62396,2781884151
62400,2597990868
62404,2185320255
62408,165060153
62412,2280725080
62416,2212753183
62420,1556204511
62424,3127654290
62428,3756789890
62432,776633290
62436,728921934
62440,2557923202
62444,1990472981
62448,2899898836
62452,2042135885
62456,3224262579
62460,176553331
62464,3427358472
62468,1791222382
62472,524998448
62476,1005376161
62480,2185141064
62484,3399902028
62488,114721272
62492,3746821422
62496,1818379269
62500,233902108
62504,2518772394
62508,977745007
62512,2458329829
62516,3989276049
62520,2716195530
62524,257250759
62528,1211335917
62532,3559914593
62536,2788546718
62540,1649105039
62544,597324642
62548,169106052
62552,1044935429
62556,3098959807
62560,2250305710
62564,1484097689
62568,2371500761
62572,2261706913
62576,1013240002
62580,2378269983
62584,4113320742
62588,1408575169
62592,2091033494
62596,2500554317
62600,388554406
62604,833895308
62608,2908836181
62612,3119169312
62616,3816071474
62620,903695188
62624,1400203596
62628,3217870891
62632,1683400610
62636,520384534
62640,3183480024
62644,3682829502
62648,2557233072
62652,1753674834
62656,3968367441
62660,2390541609
62664,2110224674
62668,1440598750
62672,360332192
62676,2528534879
62680,395671882
62684,1613925713
62688,585724327
62692,1351543678
62696,553660611
62700,3637791942
62704,3059095919
62708,1680842164
62712,2690937551
62716,609550706
62720,768850596
62724,66260088
62728,1430468143
62732,3370940748
62736,3864115847
62740,3411885266
62744,1417573423
62748,2488818211
62752,2869190204
62756,1775555907
62760,2222207055
62764,822481542
62768,2308293547
62772,1218164930
62776,845400453
62780,2747528527
62784,1047013206
62788,332434204
62792,642770732
62796,509634349
62800,3656210393
62804,4121290696
62808,1822234681
62812,1936165901
62816,4017635627
62820,1093500711
62824,351802018
62828,3852186405
62832,3717879440
62836,1744293876
62840,238263448
62844,858851180
62848,3327816319
62852,2056469717
62856,3647808418
62860,3238342790
62864,2571094107
62868,3352703688
62872,2150814180
62876,2661563801
62880,1384728148
62884,4039904749
62888,3489166646
62892,4249321146
62896,901939882
62900,3671837490
62904,2313458596
62908,2807492140
62912,2786190002
62916,132562413
62920,3605113213
62924,965847193
62928,852393325
62932,1785200652
62936,3513706797
62940,1078249868
62944,1993069144
62948,3299602379
62952,2920230862
62956,2208662575
62960,3208051376
62964,1683263623
62968,1052646778
62972,2240975253
62976,1636580364
62980,1142658973
62984,3989380771
62988,2129660743
62992,481081515
62996,2955379126
63000,4071169925
63004,2392881745
63008,1771977328
63012,793972737
63016,3046939496
63020,65550923
63024,3044968507
63028,2013107724
63032,1089781045
63036,2229148800
63040,2278275391
63044,1610713599
63048,3676359915
63052,1043482191
63056,583749799
63060,2433009177
63064,3935813787
63068,3842586419
63072,1594423030
63076,3063600101
63080,1496613171
63084,3473780212
63088,3784614446
63092,1303465956
63096,3407550432
63100,1205787497
63104,2075384997
63108,3077985509
63112,875900136
63116,2839612489
63120,2105289113
63124,137203866
63128,2399698334
63132,1971941416
63136,4063789446
63140,534342842
63144,2735510179
63148,2857462795
63152,2787310466
63156,2641801354
63160,2310920614
63164,1395965848
63168,1393040242
63172,1857258848
63176,4147036876
63180,1165933342
63184,3707853991
63188,657291756
63192,465344531
63196,1851516956
63200,3294965403
63204,742312151
63208,3066634089
63212,2516164620
63216,4173741984
63220,4223790077
63224,1131783430
63228,3588345767
63232,2106626817
63236,2218701334
63240,3292840234
63244,3467821104
63248,1175196580
63252,4139089349
63256,3036050839
63260,1590196554
63264,411262778
63268,3103931240
63272,3428768081
63276,2570923236
63280,3905039002
63284,744370113
63288,350905930
63292,2563667486
63296,612750538
63300,1846260729
63304,1104084426
63308,3987438028
63312,3159330286
63316,1147749619
63320,604170495
63324,2768844209
63328,1568145371
63332,671278073
63336,2615271795
63340,3816502227
63344,3567867501
63348,774430135
63352,2144211597
63356,269967890
63360,1470846681
63364,2288674163
63368,2675102722
63372,3807438642
63376,1975649378
63380,4080980239
63384,1262166552
63388,572502121
63392,3915289979
63396,3321598990
63400,4008468557
63404,2707367042
63408,2705087047
63412,1974949220
63416,3110698192
63420,4057686042
63424,1338752012
63428,2670132077
63432,1247566061
63436,2985540613
63440,504584509
63444,1803914102
63448,1804538329
63452,3256587318
63456,3127094370
63460,523758344
63464,2008642999
63468,2427403094
63472,3991122432
63476,1639159117
63480,2688877969
63484,3992625287
63488,589264866
63492,2521732605
63496,2814846780
63500,930264939
63504,3105314730
63508,1706961158
63512,4083954294
63516,1104781611
63520,2167127755
63524,3931902230
63528,2172571491
63532,3425311436
63536,3123058433
63540,2040810952
63544,3967506444
63548,1865113759
63552,306453935
63556,524596807
63560,3216321927
63564,3765364695
63568,1103167234
63572,3636284363
63576,3265889590
63580,3094484278
63584,4209542658
63588,4066741063
63592,3667874490
63596,3871925596
63600,1716035109
63604,3967089286
63608,69340973
63612,2936243904
63616,2129030750
63620,971554285
63624,4127360205
63628,1921452965
63632,113642949
63636,114670481
63640,982902297
63644,4123152668
63648,1014482796
63652,3319030791
63656,854295736
63660,572133911
63664,553425630
63668,2967256743
63672,1934696564
63676,1177633757
63680,3537495618
63684,3510329908
63688,304848493
63692,1299492365
63696,1396749639
63700,1351879688
63704,3615097413
63708,3116551481
63712,1798371798
63716,1862092745
63720,311535460
63724,2780788916
63728,3097740014
63732,2579057272
63736,3346706299
63740,945081188
63744,1223913620
63748,934025237
63752,4026205471
63756,609004469
63760,260130413
63764,3561695151
63768,198187300
63772,390119540
63776,260462438
63780,2108685587
63784,1179754078
63788,1455146613
63792,1306987293
63796,3449431200
63800,2523063182
63804,298739425
63808,17986651
63812,4107601752
63816,1218945891
63820,2176666995
63824,253912910
63828,3618695412
63832,4283243545
63836,2211794917
63840,2702377462
63844,3342615233
63848,2290213582
63852,2882572438
63856,2032704942
63860,605110367
63864,4184908864
63868,756382378
63872,2726099931
63876,3696048563
63880,3841439791
63884,2650112328
63888,3443659758
63892,1652232444
63896,560945173
63900,3311250575
63904,1404339617
63908,3098394003
63912,1340018398
63916,871651283
63920,480232111
63924,2410801976
63928,4013641154
63932,45277897
63936,4217999134
63940,3852063600
63944,2182391421
63948,3878334
63952,1740907076
63956,1140389381
63960,3279855708
63964,1123930343
63968,221553549
63972,3600237537
63976,2148797363
63980,154136333
63984,1079760792
63988,1176997149
63992,3673420244
63996,2717228412
64000,1764480299
64004,4047134178
64008,1356713025
64012,464176521
64016,3913534051
64020,4024107835
64024,926259849
64028,2557256663
64032,1838762486
64036,1680569314
64040,3040504948
64044,3458881012
64048,106448056
64052,1039767695
64056,1676242429
64060,1286073311
64064,2548346755
64068,642880012
64072,3548575467
64076,3167847032
64080,1751747844
64084,1214211525
64088,1668125322
64092,2667238210
64096,1614655163
64100,805189775
64104,1398252624
64108,2783179737
64112,3531881014
64116,111423287
64120,939694799
64124,1664583400
64128,1251562571
64132,2950515204
64136,2093291748
64140,4247151184
64144,95275739
64148,2739143712
64152,3115502536
64156,152396291
64160,913517002
64164,2785799904
64168,3297276076
64172,2501752920
64176,1774795890
64180,3847448214
64184,2007327594
64188,1146570835
64192,1615454902
64196,108668637
64200,4096912325
64204,1255859828
64208,3664877209
64212,2190587880
64216,1438453687
64220,1202676515
64224,1832159724
64228,2243155315
64232,3680413876
64236,1771768224
64240,714351776
64244,2418570104
64248,4271833771
64252,3570930171
64256,2229712966
64260,4293863778
64264,2688580633
64268,2925844418
64272,3875900420
64276,3089352911
64280,2982236771
64284,641058249
64288,592188222
64292,594447385
64296,354143702
64300,2955747051
64304,367797012
64308,1562245816
64312,4133474222
64316,3841757470
64320,648396665
64324,2618920857
64328,2041990786
64332,3739284958
64336,2362878530
64340,2892341362
64344,3103862471
64348,2538410622
64352,2738038359
64356,2558945297
64360,3216970999
64364,2231284415
64368,55147053
64372,1052800093
64376,1905940247
64380,3741135657
64384,3838407754
64388,2513123733
64392,2431524974
64396,3514573483
64400,1867396325
64404,3740840384
64408,4055923784
64412,3640765355
64416,701095238
64420,2198204430
64424,2569120849
64428,2579917410
64432,2563426274
64436,3527076886
64440,2153779724
64444,507980944
64448,3363107891
64452,365226258
64456,427243212
64460,3269821490
64464,886046018
64468,2973696724
64472,841715091
64476,9857741
64480,1485848130
64484,3841346606
64488,3992477170
64492,593586572
64496,2071496346
64500,2248735977
64504,3094711539
64508,1149772719
64512,4263773216
64516,732097950
64520,3632748858
64524,2507945791
64528,131869911
64532,2722634941
64536,2586314818
64540,3421202853
64544,37427404
64548,2358352809
64552,29114082
64556,1213743884
64560,3037745244
64564,1634632347
64568,2946706455
64572,4087892563
64576,624935414
64580,3380004720
64584,2959855846
64588,1747925660
64592,1383531641
64596,25040201
64600,742668618
64604,3776476897
64608,3773586747
64612,3606667499
64616,1926749900
64620,2767005199
64624,3168637567
64628,749058923
64632,3277583458
64636,1498755550
64640,478013519
64644,637273290
64648,2634192737
64652,2647583249
64656,4213380080
64660,470457378
64664,1125044413
64668,2745078456
64672,21922207
64676,2155155549
64680,2638807288
64684,3553940595
64688,3333342759
64692,1682359625
64696,1854623560
64700,4063321414
64704,3631547206
64708,3055466334
64712,2934238929
64716,3529334303
64720,1372274928
64724,2613057022
64728,1510730955
64732,3048171361
64736,1436626925
64740,2355759131
64744,3831143395
64748,1684319764
64752,1451445579
64756,274767210
64760,3570899413
64764,2625416441
64768,886037799
64772,4127307057
64776,3805824259
64780,847646027
64784,1383075300
64788,3824514593
64792,2688853048
64796,3731235457
64800,656705888
64804,3465625246
64808,1758689836
64812,4178027460
64816,3371067267
64820,1275976198
64824,3538284442
64828,3036928981
64832,672284973
64836,328674516
64840,3337158892
64844,3056842415
64848,4214132310
64852,2546944922
64856,2939452975
64860,4187520436
64864,2413747412
64868,3764331199
64872,4154251413
64876,4105206640
64880,233263306
64884,3995684566
64888,965162507
64892,4131494273
64896,2113261655
64900,3598295868
64904,358840314
64908,3996515174
64912,254627651
64916,2786681683
64920,503859107
64924,707632211
64928,3777798364
64932,3502135867
64936,1945795292
64940,3898884552
64944,3277324717
64948,3415702262
64952,1531496175
64956,2265865575
64960,3555559699
64964,1463301929
64968,1507629427
64972,155272609
64976,525829636
64980,1101673785
64984,1145748548
64988,2008772344
64992,220835309
64996,1902973624
65000,443539824
65004,1779602709
65008,483684417
65012,1879652424
65016,1038708846
65020,3234260929
65024,2552544885
65028,1751521574
65032,3615714435
65036,1568014508
65040,1759772791
65044,2667706562
65048,4257885722
65052,3164863271
65056,638910843
65060,3805690267
65064,1989149889
65068,577284008
65072,1987487926
65076,526647069
65080,2453345650
65084,2386527707
65088,1501653082
65092,11379857
65096,2987804590
65100,2930146271
65104,2272714173
65108,7958525
65112,282971123
65116,484905268
65120,2205651139
65124,2105990855
65128,2985100173
65132,1129803485
65136,382691319
65140,2127484434
65144,207184040
65148,2181636848
65152,2816812526
65156,3548135595
65160,2998469762
65164,1346061580
65168,3286209960
65172,3181416210
65176,1348739024
65180,4204093183
65184,3075900008
65188,220717788
65192,3577032839
65196,3188107940
65200,2567988510
65204,4215409305
65208,2917840404
65212,1522333226
65216,2000704553
65220,1450679779
65224,3324536652
65228,2768445806
65232,272085551
65236,294901000
65240,3612819997
65244,3545028725
65248,309533480
65252,447144191
65256,892948898
65260,3298557610
65264,3459278924
65268,2101605877
65272,2041522634
65276,3678393051
65280,3686283257
65284,2702882822
65288,2951364632
65292,3226358459
65296,342944326
65300,2769570647
65304,3672034197
65308,2940620565
65312,155366782
65316,3190088838
65320,3153107323
65324,3345794338
65328,798125212
65332,3461583714
65336,1204885180
65340,2787169850
65344,748278557
65348,2258451029
65352,3729289747
65356,2015406659
65360,1496443875
65364,2096912609
65368,686324189
65372,1053629444
65376,3612701063
65380,3415301048
65384,2323534028
65388,5955267
65392,4062903286
65396,3565394067
65400,2106984707
65404,2499325140
65408,117736594
65412,3880900681
65416,2843804877
65420,1512873166
65424,4283722588
65428,3501746167
65432,1870173382
65436,1720848936
65440,3191672659
65444,1300264349
65448,3728705122
65452,2299692388
65456,1585088219
65460,882208109
65464,819967490
65468,3517583867
65472,9451799
65476,328753342
65480,125248930
65484,156976447
65488,11105788
65492,2050794476
65496,1345401402
65500,3726872293
65504,671503987
65508,2026479867
65512,240584529
65516,4047726675
65520,4017594710
65524,3610238498
65528,3639189912
65532,1395719032
65536,902259303
65540,3777102766
65544,3382696313
65548,2572710536
65552,3858142305
65556,40968689
65560,2846122299
65564,1829867457
65568,3232312750
65572,2627692303
65576,2106484927
65580,3130174591
65584,3627966207
65588,1253540077
65592,2656745203
65596,146906319
65600,3830608476
65604,3448367081
65608,157076634
65612,2600790495
65616,454251621
65620,2194594105
65624,2302512277
65628,116654992
65632,1668928898
65636,299738327
65640,4207139821
65644,557072828
65648,3357352965
65652,1907349826
65656,4269591750
65660,2500712044
65664,1100874092
65668,4022937793
65672,2447194565
65676,1495340288
65680,3478079472
65684,1267578130
65688,2209841476
65692,2201580694
65696,4076338435
65700,252190245
65704,1963082938
65708,1485833463
65712,2420017027
65716,4109493149
65720,2128652256
65724,3994345416
65728,2775705041
65732,3360281112
65736,3439420096
65740,2576892610
65744,930139844
65748,3036545007
65752,1779647974
65756,2920502022
65760,3865346201
65764,4248396451
65768,3948634330
65772,322080917
65776,2685144151
65780,3561749166
65784,3937388193
65788,62622873
65792,2100780559
65796,720465827
65800,3417687771
65804,3850052237
65808,1201453809
65812,372297342
65816,1956353870
65820,276551671
65824,2601688179
65828,675660132
65832,750191767
65836,81678166
65840,4040404688
65844,3263270897
65848,3284279155
65852,1533185046
65856,3399583571
65860,4009485436
65864,3765698102
65868,3740889932
65872,1993093985
65876,21189402
65880,3031836144
65884,97028708
65888,595593768
65892,2310889717
65896,3408293860
65900,4010669549
65904,729773213
65908,1500408253
65912,1604388173
65916,1162382480
65920,2557125167
65924,2986316831
65928,2449938968
65932,3927599129
65936,3403581835
65940,1576786729
65944,2835966025
65948,2900346245
65952,1750225125
65956,3588323604
65960,824783570
65964,105924688
65968,841774400
65972,4045039640
65976,2765950702
65980,720812316
65984,2885636438
65988,881882837
65992,1078022867
65996,2975313620
66000,710786069
66004,3134121656
66008,3787493306
66012,1001884918
66016,4270645427
66020,1863175069
66024,415406786
66028,2198848763
66032,1061877996
66036,4063771349
66040,1165662735
66044,593489335
66048,894971229
66052,2938801694
66056,1964723516
66060,3847501254
66064,1399049924
66068,2581705044
66072,546843109
66076,355650450
66080,1129829990
66084,1357208157
66088,2973918135
66092,201612474
66096,1138518629
66100,2045795159
66104,3254620327
66108,1361907739
66112,3379244614
66116,3151900994
66120,196531781
66124,215333612
66128,2794489024
66132,106056888
66136,1453177950
66140,2975818426
66144,639584363
66148,247768265
66152,2637576720
66156,3497840662
66160,833847987
66164,4040974274
66168,997660370
66172,2910960889
66176,3271859972
66180,1442522896
66184,3191766902
66188,3341090510
66192,3744430128
66196,1601812278
66200,1105684462
66204,1069677869
66208,1227040017
66212,1002907037
66216,126538095
66220,1565806482
66224,3635130934
66228,1105476283
66232,737349051
66236,442858829
66240,641476009
66244,327621905
66248,799105350
66252,3070675259
66256,956079252
66260,2734921173
66264,716817633
66268,364837349
66272,3284622260
66276,2324427529
66280,243433804
66284,335402610
66288,2776568535
66292,1519240475
66296,446737203
66300,514747565
66304,345698346
66308,1329246394
66312,3658297843
66316,2732715388
66320,1647897315
66324,3233264599
66328,1912921733
66332,1849444875
66336,1925623251
66340,2773687076
66344,3641801264
66348,590156918
66352,585504083
66356,2190196090
66360,3508684608
66364,797134413
66368,890190383
66372,2993372609
66376,1107536467
66380,756025868
66384,323417035
66388,1081387282
66392,2977949452
66396,1147091374
66400,443200332
66404,3193309738
66408,1680353987
66412,1779568515
66416,2046619138
66420,2595955556
66424,890673582
66428,4057709905
66432,855364598
66436,922951992
66440,3179220066
66444,2816981899
66448,2865410010
66452,2696986129
66456,2613347238
66460,2503764034
66464,3631991675
66468,2789330041
66472,1098880213
66476,1025343116
66480,1193188143
66484,3043551128
66488,3350090016
66492,756186991
66496,1394781296
66500,2866225617
66504,3649268358
66508,2579588143
66512,3915801263
66516,4136984280
66520,1569182067
66524,3450438040
66528,1274697721
66532,3799486396
66536,2060765283
66540,3014507822
66544,4289179819
66548,2762790435
66552,2635826893
66556,179023811
66560,2489064650
66564,1795632834
66568,3096905085
66572,1239622353
66576,1295421985
66580,2736598604
66584,204842833
66588,3387812761
66592,2812585795
66596,3783960672
66600,4211477820
66604,3442251088
66608,3563617765
66612,2030405043
66616,3144706546
66620,784714617
66624,1495490639
66628,4012248086
66632,2199919172
66636,3225238324
66640,183640897
66644,272667490
66648,826998633
66652,4205617509
66656,3866403070
66660,1372284519
66664,1390824488
66668,1099734033
66672,1319857160
66676,2241303517
66680,910076972
66684,1927452175
66688,26218013
66692,2683927126
66696,2181733340
66700,1296510189
66704,1595759664
66708,2556834838
66712,127862128
66716,4237785367
66720,2863696838
66724,2054242765
66728,4122462707
66732,3088468314
66736,2437120469
66740,2257217290
66744,3474294914
66748,2131706800
66752,3037945583
66756,1951373251
66760,137277511
66764,3532208777
66768,1576508816
66772,3979260476
66776,1670564904
66780,1135105794
66784,746788360
66788,2607431435
66792,4143308599
66796,2934173136
66800,2061646110
66804,4055913895
66808,3626732061
66812,2266697673
66816,4204347875
66820,4038094536
66824,3223206349
66828,1958418676
66832,2166708523
66836,10520110
66840,3763030425
66844,4157891038
66848,2209994390
66852,973277480
66856,2227280506
66860,31014020
66864,3318288007
66868,177713743
66872,2460196917
66876,2287946901
66880,1003693936
66884,194851266
66888,241464227
66892,2716878605
66896,3560914752
66900,491994860
66904,2756454939
66908,652051422
66912,1212016717
66916,32269874
66920,613676291
66924,2710962620
66928,1218602941
66932,538716169
66936,3758298818
66940,4264568650
66944,1358178744
66948,2285616416
66952,3715798656
66956,2381162161
66960,2315348275
66964,2669166421
66968,2571740028
66972,1868683096
66976,3270694492
66980,1909565524
66984,1867046297
66988,3700150046
66992,602295842
66996,4227535770
67000,1460345409
67004,1109160480
67008,3997672805
67012,88339727
67016,1816912537
67020,4289234754
67024,1384416281
67028,2825146003
67032,4074916618
67036,1026179742
67040,453880431
67044,3607360688
67048,1740606664
67052,1691901238
67056,3099617997
67060,4053884760
67064,968630341
67068,908979627
67072,2139412945
67076,3325989089
67080,1731815214
67084,1119345195
67088,3498064845
67092,2151153858
67096,3209601014
67100,176916582
67104,2378927892
67108,571756271
67112,2036648093
67116,2251841863
67120,439850229
67124,529574839
67128,4175915664
67132,1235212291
67136,3950857537
67140,2516806583
67144,74491912
67148,1908022843
67152,2395520311
67156,1970351025
67160,2453492694
67164,4279750667
67168,1782928223
67172,3525026430
67176,2203027785
67180,2075827451
67184,3304258409
67188,1882696173
67192,317489164
67196,841347891
67200,2264167389
67204,3041391596
67208,3933089756
67212,2335125511
67216,4036103892
67220,3628794723
67224,173870430
67228,2950903326
67232,133375923
67236,3170346972
67240,2533451880
67244,2827025204
67248,4183372997
67252,2123430010
67256,1010535923
67260,1007676892
67264,3547863940
67268,2619413518
67272,3385805240
67276,2767490136
67280,1871382669
67284,388292967
67288,4220818897
67292,2867919506
67296,2850202696
67300,887845588
67304,1269431394
67308,193347171
67312,2823112448
67316,588224375
67320,3992662710
67324,2995632275
67328,3990085247
67332,3351664862
67336,1731885995
67340,601870115
67344,2354148774
67348,1717154590
67352,2937187912
67356,3558144852
67360,1444855447
67364,2470980492
67368,3226027238
67372,1460200147
67376,1481959463
67380,3385586427
67384,3072714028
67388,3819446200
67392,131480645
67396,4203234775
67400,1620803207
67404,1915772330
67408,3947701134
67412,3694290662
67416,2371931519
67420,1458117776
67424,819091864
67428,3908854286
67432,1257278410
67436,3898588870
67440,4292186758
67444,2521262072
67448,839701100
67452,1240570404
67456,765787279
67460,3457342642
67464,1640740703
67468,2918146442
67472,557424087
67476,2287584857
67480,602556524
67484,2831058753
67488,3484533181
67492,1419070066
67496,2745751850
67500,3135934020
67504,723128094
67508,4207143752
67512,3396212029
67516,1837874806
67520,4191868397
67524,414056406
67528,3053037705
67532,1893375768
67536,2314931563
67540,4276927554
67544,885088726
67548,1513619755
67552,2814716069
67556,3888919997
67560,4230624153
67564,868428994
67568,1323870181
67572,3605715267
67576,1582751445
67580,782709056
67584,2657938255
67588,3470946033
67592,3833242396
67596,1346437494
67600,3039637116
67604,1136567718
67608,814982259
67612,810078127
67616,3103194807
67620,304695293
67624,3772250827
67628,613644068
67632,2992495614
67636,2215853079
67640,636979495
67644,3278764795
67648,934211624
67652,3919562071
67656,2786454470
67660,1117687318
67664,951825460
67668,4221865241
67672,1896124058
67676,1660562605
67680,3959851447
67684,1690668955
67688,3400522806
67692,3666897886
67696,851911964
67700,3385947224
67704,1390166436
67708,3711422215
67712,2328826786
67716,1992823678
67720,549645748
67724,3263623627
67728,2526162008
67732,110902689
67736,3676479839
67740,1996364927
67744,1835915110
67748,1660466036
67752,410942615
67756,3215165114
67760,693870383
67764,1629742931
67768,2211294906
67772,2123612655
67776,416887309
67780,3037897519
67784,135684193
67788,1775777351
67792,238046894
67796,3969442927
67800,3699466598
67804,1514341355
67808,1490863596
67812,242528806
67816,3118014772
67820,4223921763
67824,2143275299
67828,1631427431
67832,3201329104
67836,191926118
67840,2938603891
67844,1965865444
67848,783686499
67852,2985393863
67856,1036056243
67860,610951507
67864,1112634066
67868,1134345600
67872,370680844
67876,3471403365
67880,3391041508
67884,4091118280
67888,861758557
67892,3379679332
67896,460327404
67900,4128007081
67904,949797793
67908,2105197853
67912,249398941
67916,3822497231
67920,2088760107
67924,3327990265
67928,4204532417
67932,4081366408
67936,210407855
67940,1404884146
67944,1885304399
67948,3920912958
67952,2380400434
67956,3582698187
67960,860041893
67964,2637036982
67968,129056484
67972,3352722237
67976,140032701
67980,2791231794
67984,1455771107
67988,412879761
67992,385951437
67996,992939794
68000,888226560
68004,3512083422
68008,3686454675
68012,1604864502
68016,143557936
68020,3391297723
68024,4208639687
68028,2907563025
68032,3106249313
68036,3705051890
68040,3988945210
68044,4037023981
68048,908997487
68052,2137867925
68056,2631568145
68060,319162887
68064,2748514206
68068,525499873
68072,3095403918
68076,2263020833
68080,2115788185
68084,1319010289
68088,2029063782
68092,3652263323
68096,548336172
68100,2798446835
68104,2044986908
68108,3071240396
68112,3056999860
68116,1246345332
68120,2112237067
68124,1904815149
68128,668563354
68132,3007386373
68136,1861892204
68140,3407381519
68144,4260515915
68148,4123903453
68152,3109008256
68156,2308794255
68160,1064408683
68164,2671596246
68168,302944498
68172,1658219550
68176,429228380
68180,2493536318
68184,1661424140
68188,298975896
68192,2588154945
68196,583875618
68200,2620615477
68204,3337790507
68208,2853999825
68212,3059242875
68216,2365978088
68220,3468156210
68224,1377004815
68228,1521456238
68232,2918479505
68236,3299803878
68240,1647851896
68244,1561172768
68248,2772498430
68252,353407838
68256,3164191216
68260,526984600
68264,3542549078
68268,2577564618
68272,4046500666
68276,3299753572
68280,3509935089
68284,2668210283
68288,3490379858
68292,3167657088
68296,3633798043
68300,1273117851
68304,3468889706
68308,294055885
68312,1015941740
68316,55370684
68320,2381637927
68324,3751349636
68328,349023164
68332,2265320794
68336,1701960865
68340,2857155650
68344,844088177
68348,2329582343
68352,635027541
68356,1157704351
68360,1805940251
68364,69280888
68368,3135576592
68372,3882825088
68376,1894981219
68380,1545805591
68384,3384450792
68388,1277700524
68392,2908576614
68396,1234532764
68400,3670290980
68404,2792407720
68408,2675131209
68412,2848735563
68416,1733162087
68420,835821517
68424,3076424843
68428,1351067020
68432,1369014945
68436,171215994
68440,409830431
68444,4032196001
68448,2479979509
68452,2043660240
68456,2869488806
68460,4187986303
68464,3883732818
68468,1214763394
68472,1482173489
68476,4219167396
68480,2522754173
68484,2735023193
68488,2786026240
68492,3370621383
68496,1781043816
68500,2223665527
68504,1374863737
68508,256553296
68512,4200986145
68516,4027084364
68520,3436849133
68524,2617968557
68528,3461507935
68532,1182432702
68536,350594812
68540,1705231346
68544,3035133425
68548,2620038033
68552,1612387038
68556,3079768234
68560,388641167
68564,667348108
68568,1191296382
68572,489060025
68576,2130485721
68580,2349506919
68584,257717104
68588,4097352744
68592,3556152098
68596,2779435377
68600,3786734254
68604,1345371538
68608,3459356241
68612,1864086211
68616,1100831679
68620,3272209562
68624,153761412
68628,950615437
68632,2625802398
68636,1271162834
68640,1253493017
68644,3416235768
68648,4223309680
68652,3719626182
68656,1146200561
68660,3743999108
68664,2634397445
68668,784018650
68672,2943621973
68676,3158187548
68680,2102509467
68684,1682706414
68688,4082842469
68692,3829582472
68696,317427966
68700,142551927
68704,914256273
68708,2751543591
68712,2565372477
68716,3671545836
68720,613933975
68724,3607855011
68728,734088438
68732,2899395478
68736,1148456309
68740,2924697619
68744,1288418033
68748,2364669201
68752,2920931911
68756,3693002852
68760,2779425716
68764,2809279104
68768,3708792039
68772,3631969897
68776,616999887
68780,882196914
68784,3931886307
68788,1871838299
68792,933145445
68796,305402839
68800,3080886377
68804,3931162049
68808,1671909684
68812,575361760
68816,3938852334
68820,2813738787
68824,1972936849
68828,2239849456
68832,4166370813
68836,320309190
68840,3868896660
68844,363949419
68848,1012065812
68852,3276439446
68856,1759731586
68860,1671045951
68864,1570690274
68868,2485089846
68872,3266615326
68876,611363537
68880,2697482558
68884,4237463887
68888,2572959334
68892,2101768457
68896,2883538398
68900,138155024
68904,2241130065
68908,933794601
68912,1865915416
68916,3041284086
68920,1529231401
68924,1191978636
68928,746750860
68932,2731172928
68936,1714496162
68940,2810164610
68944,1139237490
68948,3015061763
68952,749259239
68956,1386924448
68960,613889029
68964,2920398409
68968,143880385
68972,802757646
68976,3492358809
68980,272485063
68984,2666573908
68988,851698690
68992,1631428150
68996,3987542656
69000,3038779827
69004,1629776281
69008,3832689436
69012,2193523774
69016,694723313
69020,3121242125
69024,1620011289
69028,2314889620
69032,2595108133
69036,4247370549
69040,891997578
69044,3354476159
69048,1162391638
69052,2923944870
69056,2049515477
69060,3490572586
69064,1196373206
69068,822585283
69072,4033988686
69076,1948910096
69080,2679973789
69084,3906904766
69088,3702286891
69092,4009982578
69096,1078803731
69100,3584823952
69104,2930927164
69108,1299519050
69112,2498062341
69116,3776477478
69120,3083446509
69124,1728218292
69128,1278198353
69132,2451012204
69136,2521332254
69140,1496705037
69144,2680742588
69148,89316597
69152,1352278652
69156,921559354
69160,917251937
69164,1531350166
69168,536622859
69172,84266434
69176,1746240366
69180,2195832515
69184,3333721967
69188,1238473829
69192,468978701
69196,2136737148
69200,1142972009
69204,2823582843
69208,2131988048
69212,3299037782
69216,1874112751
69220,1003129230
69224,1233727207
69228,2303612796
69232,1569519300
69236,3620738230
69240,453862909
69244,1401134575
69248,1694118483
69252,2066335501
69256,467890830
69260,2998899701
69264,725923446
69268,844826423
69272,4092120329
69276,3637297051
69280,3766794468
69284,750063175
69288,2049842266
69292,1271524899
69296,459013505
69300,403662888
69304,2033356064
69308,307281902
69312,3025553494
69316,3506456415
69320,3471801555
69324,1219677380
69328,1687365986
69332,268078901
69336,3562666837
69340,2345413848
69344,3001794327
69348,3325430993
69352,313938616
69356,3283169785
69360,1563055255
69364,343716703
69368,3394235184
69372,21988537
69376,2541956551
69380,2014176825
69384,2727390483
69388,698587
69392,3723640038
69396,1482377836
69400,586673015
69404,2329594985
69408,447335503
69412,3911529611
69416,1124234675
69420,2656820564
69424,1437791772
69428,1591740233
69432,3045070590
69436,2574439078
69440,4285731305
69444,789246894
69448,2729548287
69452,4247437198
69456,2880137478
69460,4284682639
69464,2658126425
69468,3672290077
69472,1976798235
69476,1955971322
69480,1612128584
69484,778649138
69488,2287072991
69492,794880559
69496,4090329233
69500,864079528
69504,234185224
69508,2729468738
69512,3536603858
69516,3771807556
69520,319418243
69524,2420203648
69528,1293042992
69532,1894850442
69536,2235355371
69540,2005716561
69544,2180435000
69548,317850144
69552,2097635577
69556,1401932003
69560,849845962
69564,490398672
69568,2118130631
69572,713234352
69576,142249757
69580,3451789757
69584,174393864
69588,538359490
69592,3443958261
69596,688966144
69600,268150418
69604,1630810461
69608,2130868757
69612,3390996985
69616,1997391102
69620,3115111737
69624,797745186
69628,1029168129
69632,3326045677
69636,1943890787
69640,1272212988
69644,104317059
69648,153052942
69652,145183401
69656,1990454867
69660,3670166900
69664,3492100325
69668,830234985
69672,2000525390
69676,1899430086
69680,2611273943
69684,2582135547
69688,3637208159
69692,1911311308
69696,2248059729
69700,2438242295
69704,1841321000
69708,1342553535
69712,2442007595
69716,899021445
69720,609865910
69724,3750560661
69728,517400050
69732,1214772009
69736,4274977914
69740,636273844
69744,960044260
69748,1120445805
69752,3687026164
69756,3260025264
69760,3190609583
69764,3213769839
69768,2312586644
69772,3064720696
69776,794508461
69780,3868192682
69784,317939225
69788,858690713
69792,3891752261
69796,967695630
69800,865447692
69804,3114365886
69808,1640535318
69812,673660406
69816,3742677325
69820,2731315722
69824,1414483600
69828,3443532747
69832,2248888672
69836,19299050
69840,1784798620
69844,1483726542
69848,2407026976
69852,691221902
69856,792445356
69860,2943722305
69864,310612135
69868,2191240160
69872,1902344480
69876,3937820109
69880,3827148367
69884,3082552288
69888,2440217037
69892,3781952317
69896,1628741649
69900,283182924
69904,1179042046
69908,4117691847
69912,3527604392
69916,2598165270
69920,4193905513
69924,3030853310
69928,2256857046
69932,2776847688
69936,1456598940
69940,2056418980
69944,3322992762
69948,3949938832
69952,1545388287
69956,1333062534
69960,4229551985
69964,2540132201
69968,583137112
69972,3464938021
69976,442450066
69980,3366158978
69984,1842716892
69988,3497269997
69992,1588726018
69996,2297006242
70000,3548111829
70004,3266806689
70008,613535435
70012,475281278
70016,1318001150
70020,2556631665
70024,2320838172
70028,3200676242
70032,4022529477
70036,4109265458
70040,188127929
70044,4294222238
70048,2096718209
70052,3847497126
70056,1606425685
70060,407891833
70064,1862068712
70068,1936580007
70072,2779180760
70076,714377604
70080,129040188
70084,1826707335
70088,4017999674
70092,2758167406
70096,2660277292
70100,1357822347
70104,1749288316
70108,535667580
70112,427708107
70116,2348471617
70120,2416491943
70124,878885300
70128,2550371275
70132,282984479
70136,3263554188
70140,652303966
70144,2520039981
70148,3545419855
70152,3061682231
70156,953627339
70160,3704532152
70164,2963674911
70168,1519527090
70172,4000853371
70176,4270694039
70180,1023770213
70184,339737391
70188,3963958555
70192,3656084603
70196,1701505714
70200,4071052201
70204,1816551614
70208,4119440129
70212,4206781454
70216,3964720005
70220,2327386567
70224,204675337
70228,3512258983
70232,2771698215
70236,3397379168
70240,1847685926
70244,406871577
70248,3036752248
70252,2633123673
70256,3520610271
70260,1919073352
70264,1616181057
70268,1028889469
70272,1549980845
70276,3909974933
70280,407727791
70284,3966597343
70288,3234525030
70292,3115487039
70296,4157594077
70300,2657543469
70304,3756994206
70308,1893092367
70312,1290529083
70316,3303808169
70320,3130725835
70324,3117980025
70328,530092897
70332,45071170
70336,805489733
70340,3552059344
70344,2475892268
70348,3498123933
70352,548377329
70356,3984346245
70360,12778350
70364,2804998181
70368,2073558100
70372,1315151601
70376,728775605
70380,1596975090
70384,3708703884
70388,52549607
70392,1584475025
70396,1843912490
70400,3432722478
70404,2699222024
70408,1824859377
70412,2031457833
70416,2883363670
70420,3262732220
70424,2771735104
70428,3827463671
70432,1763264339
70436,1350945646
70440,2735831604
70444,2143672024
70448,979353128
70452,691456320
70456,2988754556
70460,539530654
70464,1314513211
70468,3319247247
70472,2425304112
70476,110793990
70480,3401076313
70484,1201202234
70488,2229146104
70492,2749144011
70496,1347667459
70500,1368826606
70504,2934225766
70508,3744198558
70512,4074697927
70516,3651653731
70520,2076049308
70524,2448538716
70528,1959293480
70532,3716559400
70536,771882065
70540,2541923470
70544,2996304985
70548,3868294892
70552,3124785747
70556,2049716785
70560,3535916266
70564,280119193
70568,3469973085
70572,1511466714
70576,4117357639
70580,3673577300
70584,2959923892
70588,1132249904
70592,3302505846
70596,3464747732
70600,746675340
70604,3463149189
70608,1170660200
70612,1462491592
70616,3400917348
70620,1783152022
70624,3383204965
70628,831016416
70632,1075004326
70636,3286682751
70640,3927778298
70644,58277653
70648,1505952230
70652,1823747104
70656,2273026242
70660,1704322218
70664,2453340416
70668,2190133614
70672,2942589510
70676,4185146286
70680,42475989
70684,1300164373
70688,530101999
70692,926034491
70696,1172293797
70700,1410769792
70704,3896723374
70708,3495983621
70712,1072863328
70716,2377492730
70720,2608057920
70724,1666967422
70728,2906331668
70732,3036555891
70736,526195669
70740,3736956916
70744,3018706529
70748,3697366404
70752,2421923568
70756,4121288605
70760,1616442165
70764,107542669
70768,4103604424
70772,1912715367
70776,815726339
70780,1655029948
70784,3146581182
70788,2741869394
70792,1398871809
70796,2265093946
70800,280400093
70804,881508570
70808,3076202437
70812,4170387306
70816,1198448107
70820,359872298
70824,3640004927
70828,1638193623
70832,1683728032
70836,493539587
70840,435497386
70844,1583841810
70848,424626836
70852,3774180079
70856,2163273206
70860,1276280266
70864,1291315578
70868,1179423478
70872,3502596260
70876,3194198975
70880,47386218
70884,3069094431
70888,1024054447
70892,460845360
70896,3472468282
70900,180997830
70904,3981862661
70908,2680217373
70912,1738696085
70916,766480462
70920,1243942554
70924,3813523387
70928,3868892173
70932,1298738183
70936,1592508749
70940,2193719027
70944,149699487
70948,3157271219
70952,968703053
70956,537258023
70960,2696760584
70964,1772415150
70968,879386161
70972,1422250020
70976,1275702209
70980,2266405302
70984,3082520711
70988,3942246978
70992,676235764
70996,969052991
71000,1183953750
71004,1179051498
71008,4176933324
71012,937987388
71016,1596903879
71020,3116555971
71024,1149822419
71028,2924002313
71032,2396327079
71036,3796773603
71040,588795357
71044,2783960290
71048,2694396883
71052,339227284
71056,552107023
71060,815415908
71064,3480232778
71068,3947300823
71072,1717656487
71076,4183208179
71080,1785491081
71084,680317413
71088,2363048555
71092,1312108439
71096,777914190
71100,249877693
71104,2287261207
71108,4024371219
71112,304189205
71116,2775891303
71120,838611918
71124,3013468769
71128,722036861
71132,1274038954
71136,3436725948
71140,1710402572
71144,1238862862
71148,1585038453
71152,2975924627
71156,1532680650
71160,1143342293
71164,4103749746
71168,2080830196
71172,3883064510
71176,3808528735
71180,2473616095
71184,1384657758
71188,1601962269
71192,4205571651
71196,36289664
71200,282684903
71204,364509887
71208,1220101277
71212,2500277056
71216,4076068987
71220,3720378157
71224,3335663584
71228,2355111200
71232,2822011591
71236,3070667954
71240,1284776751
71244,2858981256
71248,3055434188
71252,2515960480
71256,2457740787
71260,599339566
71264,3114922014
71268,1415404636
71272,1010622611
71276,4171003307
71280,1547033469
71284,1922882444
71288,782088823
71292,3828003430
71296,3087278844
71300,1230097358
71304,2949872800
71308,815645853
71312,3940599143
71316,2521943545
71320,1209341734
71324,1791786525
71328,727756748
71332,2472806769
71336,3706419144
71340,295045661
71344,3095568241
71348,3399518088
71352,893616808
71356,1336661576
71360,3488626477
71364,4137754653
71368,1471026255
71372,1596018777
71376,1752608785
71380,2512667794
71384,751831027
71388,2862534744
71392,4009326899
71396,3399197876
71400,3888468724
71404,1114826805
71408,347559824
71412,3132599049
71416,2347074398
71420,4134549266
71424,1141865749
71428,231874565
71432,476605863
71436,1556588353
71440,758263267
71444,2612993925
71448,1656970571
71452,3948227203
71456,3302708857
71460,2327092823
71464,45473675
71468,4047235927
71472,241075382
71476,4152074552
71480,1892378294
71484,1545817949
71488,3466825439
71492,569353862
71496,3978016431
71500,3101076107
71504,1135635926
71508,2244100442
71512,861154210
71516,94826316
71520,3601257253
71524,428389188
71528,3844373304
71532,1495532354
71536,4123191536
71540,3531591995
71544,1482712723
71548,2219838624
71552,3925177126
71556,1990453503
71560,4284684256
71564,2512345992
71568,1441473864
71572,2402044267
71576,2173245093
71580,4133295652
71584,290638202
71588,1596165091
71592,3518026922
71596,3778992396
71600,666902949
71604,2086091221
71608,2997892385
71612,3715753098
71616,1598035302
71620,2202619931
71624,4147606484
71628,4109742520
71632,1431504657
71636,1727697592
71640,1804858597
71644,4054783594
71648,729982899
71652,2039025244
71656,2182596099
71660,3978620533
71664,2327260722
71668,1285830939
71672,3707069410
71676,1626428353
71680,2857505423
71684,2850035861
71688,599754098
71692,2065376967
71696,1857825873
71700,4050344262
71704,703319166
71708,3093353042
71712,3081207796
71716,2787422280
71720,1035244220
71724,441332156
71728,1008179820
71732,2770391743
71736,2958007837
71740,416282747
71744,3692619949
71748,4005172224
71752,1019012646
71756,163298956
71760,1782297266
71764,457645154
71768,3782560405
71772,3597610724
71776,3548105767
71780,272848444
71784,2850071017
71788,1853482896
71792,2678290875
71796,146247169
71800,4124903360
71804,1721402630
71808,2400038847
71812,2645604764
71816,1813104367
71820,1378705405
71824,3139865866
71828,721330758
71832,849212725
71836,2457628057
71840,3424018711
71844,3280701396
71848,2423652166
71852,1710605222
71856,2435933486
71860,4043321911
71864,2293253730
71868,1381068100
71872,3651964687
71876,3039287157
71880,4249264425
71884,1222420265
71888,1446883314
71892,647503200
71896,3830436569
71900,2301019930
71904,4110985985
71908,2849846911
71912,2112684527
71916,1822248850
71920,867431304
71924,3492594376
71928,3041043800
71932,3086669987
71936,3911732546
71940,3479323453
71944,1977492187
71948,2113948260
71952,582732427
71956,2450974588
71960,2057474096
71964,2680376555
71968,2315507420
71972,4144889521
71976,2944033499
71980,2740139791
71984,3572661680
71988,1596456664
71992,12029515
71996,3219056295
72000,4081489962
72004,2670536510
72008,860021022
72012,4039524057
72016,111696387
72020,2304458586
72024,2422250897
72028,3078921185
72032,2523083926
72036,420724503
72040,2464351599
72044,1382857704
72048,2823364791
72052,1419286875
72056,3168512274
72060,275644420
72064,4058306336
72068,4091546778
72072,2861491733
72076,3936417435
72080,1576526966
72084,2041436955
72088,3696544707
72092,552950172
72096,1127448062
72100,1380077921
72104,290774141
72108,3197225712
72112,1082732223
72116,3178181724
72120,1437919979
72124,3620773101
72128,1997348824
72132,1541257858
72136,3126986341
72140,781052729
72144,3284562900
72148,2118208470
72152,3781021224
72156,3619579349
72160,3944969891
72164,4075286321
72168,149506730
72172,2295363036
72176,2246596912
72180,456663032
72184,4086597997
72188,2482421900
72192,1181435469
72196,3603907735
72200,2881717575
72204,734349754
72208,894367202
72212,2816202167
72216,3121896126
72220,1667271827
72224,3465603249
72228,4259725371
72232,4182322560
72236,3474243659
72240,1387942352
72244,3807545561
72248,1539976483
72252,2290024344
72256,831814045
72260,866963698
72264,1126261949
72268,1179759632
72272,1545159427
72276,4153771508
72280,1321311657
72284,2652148462
72288,2072699707
72292,3689417639
72296,1333123779
72300,3556836386
72304,2457340326
72308,388068468
72312,2880246689
72316,4044596070
72320,3042899332
72324,812388682
72328,952367224
72332,1246780645
72336,2450895314
72340,2099406710
72344,2091763731
72348,899348874
72352,701076384
72356,2941475473
72360,2646634357
72364,2461622740
72368,1434396346
72372,3546164578
72376,2155509952
72380,3286674268
72384,2394268441
72388,4114891230
72392,1648401643
72396,2986157708
72400,4070297214
72404,4162253096
72408,4194627718
72412,3350734343
72416,4263472657
72420,3130592418
72424,2036886152
72428,1939129206
72432,47268965
72436,4016567902
72440,82906398
72444,3938240969
72448,4060294227
72452,125622788
72456,2366901402
72460,3443697160
72464,3686075778
72468,1633211571
72472,4178933619
72476,657969679
72480,2322486857
72484,1151031629
72488,3244999291
72492,2493385781
72496,2219378071
72500,3479462377
72504,409290006
72508,3283402169
72512,3179761219
72516,2771881593
72520,2091530927
72524,1283032017
72528,1136216490
72532,647373955
72536,2512969835
72540,3288498536
72544,2500203345
72548,1424241284
72552,143054939
72556,3324700518
72560,1866544409
72564,3629517099
72568,1474850892
72572,3744647889
72576,1201829916
72580,2938744895
72584,622438489
72588,843790274
72592,2475911089
72596,3059126254
72600,3127736241
72604,3768072342
72608,3278050673
72612,4287413279
72616,1330787139
72620,783698559
72624,4172336948
72628,1372083367
72632,1992928552
72636,1982209405
72640,4055250058
72644,1581692190
72648,2404030354
72652,4270206326
72656,3698070856
72660,2593307529
72664,3274550706
72668,3793592801
72672,3165758302
72676,527378042
72680,2101346333
72684,1082229895
72688,2706386674
72692,1859088296
72696,772747432
72700,2228914898
72704,3987239102
72708,2009778814
72712,2856097150
72716,2702770158
72720,751947428
72724,4157372935
72728,535222929
72732,3842908794
72736,972633412
72740,2471607787
72744,552126283
72748,2380899748
72752,3665123941
72756,1832761447
72760,339102096
72764,1387200192
72768,3246129137
72772,1672298529
72776,2866785954
72780,73380623
72784,1351121397
72788,2503657389
72792,3521863682
72796,4280575677
72800,2500862957
72804,2938409428
72808,49607712
72812,4257039382
72816,2103069754
72820,3898887689
72824,4268508424
72828,844063877
72832,519564062
72836,3743300238
72840,3016532202
72844,2927687282
72848,4104325852
72852,1683954637
72856,3954921707
72860,3667564473
72864,790165617
72868,3598156679
72872,3513085133
72876,3065325990
72880,3209650922
72884,984904789
72888,2607817155
72892,3672410831
72896,2955447750
72900,4280050401
72904,571850820
72908,3407250379
72912,3286946182
72916,1821524207
72920,2742728995
72924,2177319746
72928,3699836128
72932,2056998568
72936,3773118136
72940,3196185730
72944,2724832882
72948,2972880027
72952,558485750
72956,3877273444
72960,3751038676
72964,4158781800
72968,1152001560
72972,138709417
72976,978681516
72980,2877818169
72984,3320779125
72988,1931422621
72992,1944323221
72996,1001053536
73000,4002121739
73004,1316311216
73008,1670869171
73012,1150579019
73016,4128367774
73020,866530290
73024,2258193124
73028,891877095
73032,1699227252
73036,2376499159
73040,3568777139
73044,3844004826
73048,3088153726
73052,1606373936
73056,2474521118
73060,3431110468
73064,333183089
73068,2871415180
73072,1528446573
73076,3804370584
73080,1755176236
73084,3406090859
73088,4037889409
73092,4141252238
73096,1413173443
73100,2436686529
73104,3671617826
73108,1823197289
73112,845459358
73116,294682061
73120,1641132354
73124,1407966639
73128,764854418
73132,1418661416
73136,2300776945
73140,1331913707
73144,2324868092
73148,2966400599
73152,2757495242
73156,3377399245
73160,3630383521
73164,2651089732
73168,2745895796
73172,128634866
73176,4043448184
73180,2199210693
73184,4109592928
73188,2098506800
73192,655911762
73196,2008007962
73200,2352461695
73204,3846316009
73208,1567229531
73212,519329902
73216,906346332
73220,4238696870
73224,3807287695
73228,3860122037
73232,2864224758
73236,3719587790
73240,1861872751
73244,2392492231
73248,1910183248
73252,2205758668
73256,3842946686
73260,3997197261
73264,1067155898
73268,2059140644
73272,877865291
73276,3995682522
73280,606422652
73284,520842252
73288,3281758788
73292,1087617404
73296,1213086570
73300,289380212
73304,3580781672
73308,129413029
73312,3253473079
73316,1938676491
73320,4019321240
73324,1430137860
73328,3539171408
73332,2169843757
73336,3594117745
73340,4035289420
73344,1591221710
73348,2817172219
73352,3752726467
73356,1054981839
73360,2368679240
73364,3795730268
73368,4234253798
73372,1696165941
73376,1796538993
73380,803509656
73384,235996608
73388,2198145902
73392,1337147885
73396,3820331321
73400,1515987873
73404,655873896
73408,4199750158
73412,925903840
73416,1962403393
73420,1792811973
73424,2889508024
73428,3962533222
73432,408998328
73436,2479296892
73440,2487201745
73444,4258304796
73448,2096487110
73452,4268296014
73456,1179335217
73460,773868088
73464,2131305662
73468,4097933640
73472,3850763024
73476,4069038385
73480,768312100
73484,2412992626
73488,2883593007
73492,3333847091
73496,1886334458
73500,3279230365
73504,1053665558
73508,2735667575
73512,4068583998
73516,1438385240
73520,2631220381
73524,981363957
73528,1324660985
73532,1183791707
73536,685989824
73540,2078437254
73544,1541178276
73548,1711325161
73552,1293692394
73556,1283702398
73560,1720274641
73564,3211490898
73568,3808856985
73572,3449500415
73576,2042967047
73580,3717414846
73584,4200919648
73588,3152531362
73592,3791973338
73596,1598908719
73600,410534502
73604,575718494
73608,3755281359
73612,4122995763
73616,1976693054
73620,166722907
73624,468579909
73628,2165308449
73632,3424941006
73636,2308791558
73640,1812796025
73644,3780959704
73648,97258505
73652,242463863
73656,3313255696
73660,1558751742
73664,3032450116
73668,2946695486
73672,2750902296
73676,2169564145
73680,4099960262
73684,1101959058
73688,3050950155
73692,3960497707
73696,2607909625
73700,3780130304
73704,1883498791
73708,3028927722
73712,3257558758
73716,1409740427
73720,3937021370
73724,2680366808
73728,1490745963
73732,294696785
73736,4085209955
73740,2284333058
73744,3579405498
73748,2180953263
73752,2421371614
73756,2746562312
73760,1674027612
73764,1571019639
73768,755956589
73772,3210676374
73776,3677703735
73780,248093478
73784,3261166297
73788,1924432147
73792,1594307406
73796,4279721184
73800,2611770268
73804,1791436493
73808,3355943765
73812,871912664
73816,2502748391
73820,2133431879
73824,1813730839
73828,2337199281
73832,2111028953
73836,965175992
73840,1809552780
73844,1732184869
73848,3533206868
73852,3927778523
73856,4035885719
73860,312050474
73864,1212532478
73868,1597858970
73872,3905923918
73876,621831469
73880,2417608542
73884,2006728879
73888,3937526240
73892,2347279193
73896,3026398002
73900,4009290038
73904,2926446993
73908,4013708865
73912,890626197
73916,1172266291
73920,1804469041
73924,42913368
73928,3656991889
73932,3728228940
73936,395913038
73940,1792603642
73944,3898424755
73948,2660360306
73952,1144265530
73956,1805171744
73960,2818964430
73964,2355829635
73968,2326344784
73972,1739874432
73976,2406037575
73980,2549805339
73984,2593987998
73988,1248684698
73992,1660574371
73996,2191682278
74000,1099163406
74004,2941306037
74008,1401619874
74012,3086372344
74016,2926473564
74020,3038997347
74024,1461320416
74028,47487634
74032,3751140544
74036,996714751
74040,1092201401
74044,2965444159
74048,3688262127
74052,789356760
74056,2396512691
74060,3581290126
74064,3040223244
74068,3326676977
74072,1762912920
74076,3792494229
74080,3342543920
74084,1688647602
74088,3656510930
74092,930382622
74096,3320207707
74100,1699089264
74104,2852647533
74108,3818943968
74112,1224939310
74116,1256174351
74120,1951757695
74124,3473027232
74128,711842537
74132,1626328991
74136,374928967
74140,771066965
74144,2732939163
74148,2309158504
74152,631137034
74156,2075547040
74160,2484344963
74164,2778625036
74168,526770176
74172,877556000
74176,2414321416
74180,3032581293
74184,803330073
74188,392297089
74192,2782273843
74196,4270024573
74200,4190000030
74204,489010043
74208,3657272646
74212,4093622681
74216,996866022
74220,2878171689
74224,1136105110
74228,1799519096
74232,3188876519
74236,264084475
74240,17068137
74244,3323403645
74248,2450362967
74252,4168554058
74256,3075048866
74260,321669594
74264,3740468714
74268,1015745049
74272,3096209764
74276,398951074
74280,3105069400
74284,240545280
74288,384441433
74292,64433567
74296,3799954978
74300,3252219098
74304,3324455391
74308,946206514
74312,1283231025
74316,1195839795
74320,2548840037
74324,3857365246
74328,1173076166
74332,3144534286
74336,2215947244
74340,534752860
74344,2939099427
74348,16969180
74352,2921211599
74356,1549789214
74360,1524440677
74364,2916723702
74368,1447585075
74372,2386280849
74376,1835525120
74380,3321496639
74384,622351655
74388,3812254394
74392,3065467201
74396,2076494829
74400,3017894130
74404,3358077350
74408,4164755393
74412,471649457
74416,3227742491
74420,2453515704
74424,1347552390
74428,3714075765
74432,2507574312
74436,66940458
74440,708457589
74444,2293796885
74448,1766263228
74452,1136514414
74456,401037772
74460,2266776808
74464,606489625
74468,1286193098
74472,1029050484
74476,3068085621
74480,3296431685
74484,2330247494
74488,2461251727
74492,3481991272
74496,1544060616
74500,2014461217
74504,2337906818
74508,376875590
74512,990996097
74516,1217608697
74520,1549566171
74524,1403289302
74528,1460716666
74532,2028517044
74536,2079315188
74540,708404901
74544,3719377373
74548,641785339
74552,3176709106
74556,2650436191
74560,3732996203
74564,452390302
74568,4256960
74572,2256191032
74576,3344545323
74580,3785120972
74584,1019061230
74588,2747056396
74592,1862179319
74596,1811999382
74600,1563747128
74604,3104370608
74608,37994292
74612,2340023429
74616,270370713
74620,1454959848
74624,1898826948
74628,1851214025
74632,3983629754
74636,4039559433
74640,1442856122
74644,863802894
74648,3743960190
74652,782442036
74656,2014565153
74660,3914147049
74664,1523662560
74668,2574298309
74672,3602647108
74676,3674173107
74680,3699663696
74684,2993922707
74688,196870673
74692,2502898327
74696,76552387
74700,4238045090
74704,1070031009
74708,3954556601
74712,639162217
74716,1503792366
74720,1168054183
74724,1876026685
74728,3578665307
74732,1991964872
74736,1407109866
74740,960499007
74744,3135785279
74748,1152663904
74752,3639657759
74756,1738345412
74760,3902107835
74764,731615256
74768,2789156480
74772,300032712
74776,2634810679
74780,1516862417
74784,4102999827
74788,2950189089
74792,3023563888
74796,1119633062
74800,1360752535
74804,1509471848
74808,42767898
74812,123102390
74816,4249674898
74820,1321267967
74824,4267598790
74828,2337308426
74832,1138266951
74836,3199592661
74840,943641485
74844,4235762844
74848,3269440155
74852,1538460464
74856,419882654
74860,3883001573
74864,629888016
74868,2869553306
74872,2059264435
74876,3189610212
74880,2348731070
74884,1284772970
74888,2893036809
74892,2503000225
74896,1573039925
74900,822582777
74904,360857395
74908,3712436712
74912,382996541
74916,2427435807
74920,1053416405
74924,3184834094
74928,157597711
74932,4253358016
74936,4033646119
74940,4110032946
74944,4245564049
74948,679619266
74952,1672506843
74956,4063246061
74960,726217832
74964,2651357392
74968,1848683721
74972,2378043553
74976,3695015631
74980,2624209291
74984,498522600
74988,1314770428
74992,693957590
74996,772297963
75000,3993126797
75004,1657964205
75008,358985581
75012,85074985
75016,684148406
75020,16217892
75024,3766133163
75028,4119635641
75032,3780018584
75036,1857923184
75040,2982252664
75044,1953967279
75048,2805034674
75052,424359918
75056,4074059377
75060,1101747835
75064,958592568
75068,2137109913
75072,2751094819
75076,665391467
75080,1450684421
75084,2623295488
75088,1994007511
75092,3992725917
75096,156545695
75100,686510439
75104,4012861429
75108,15800852
75112,2124209171
75116,1426327984
75120,1217577518
75124,4226978795
75128,3749036554
75132,2197107021
75136,3592558527
75140,3931690137
75144,1770788268
75148,3025054152
75152,11945065
75156,206979593
75160,495528235
75164,334486863
75168,1885099433
75172,25166903
75176,693047333
75180,749419243
75184,18292542
75188,3744695944
75192,3470538574
75196,3630361388
75200,3535884840
75204,425728715
75208,2585416427
75212,2035999458
75216,2168032087
75220,4292233337
75224,1479584648
75228,2162808270
75232,3378540399
75236,2822897490
75240,2546063576
75244,2850087560
75248,2464457247
75252,2443939547
75256,1191038392
75260,536283829
75264,400697440
75268,3204082496
75272,2674751651
75276,1304082123
75280,2953385866
75284,3623086202
75288,3724178775
75292,736466694
75296,3320426780
75300,2733727109
75304,858069953
75308,910269832
75312,2017394588
75316,3092069532
75320,2427942069
75324,996264958
75328,1863569767
75332,2279314068
75336,1027601711
75340,2885253162
75344,876840954
75348,2503514281
75352,1377020705
75356,1164984699
75360,681165727
75364,4260988792
75368,3269318449
75372,1657982185
75376,2007684218
75380,3493671600
75384,3763770600
75388,1748028908
75392,2430021236
75396,3504898633
75400,2651159700
75404,3116677343
75408,3039850502
75412,582833607
75416,3939277436
75420,4077397921
75424,1174624181
75428,2605862090
75432,4213716559
75436,86367000
75440,1304406660
75444,453980767
75448,2327468217
75452,2267808889
75456,601088
75460,1960809971
75464,1155645000
75468,405810845
75472,1059417560
75476,497435678
75480,838990462
75484,2085734719
75488,2140545800
75492,3343574850
75496,1597977941
75500,2201241899
75504,1730220854
75508,1701246482
75512,1593224693
75516,4090354948
75520,2758356853
75524,1944503160
75528,662430823
75532,4104389267
75536,1139526880
75540,3690465041
75544,52666548
75548,3212506773
75552,553502877
75556,2788623825
75560,4265296287
75564,1950179157
75568,753781056
75572,39089467
75576,3770776535
75580,2346120704
75584,233047464
75588,1334177982
75592,2676813749
75596,643462760
75600,269300465
75604,1628353036
75608,2377372468
75612,1224031392
75616,2461534545
75620,793142300
75624,4060464444
75628,3564853273
75632,806904159
75636,182723473
75640,639254409
75644,1394712531
75648,1200310537
75652,1938379116
75656,2160387005
75660,1585841261
75664,3021533791
75668,852771605
75672,2014390787
75676,2361304905
75680,4156032623
75684,1550459146
75688,3849231990
75692,294027112
75696,2031347257
75700,652692735
75704,2248966400
75708,1571013746
75712,3812683318
75716,116570526
75720,2347269050
75724,1089994923
75728,86454078
75732,1785818252
75736,3051859656
75740,4101672152
75744,4013075907
75748,4174305956
75752,1427901274
75756,1252311759
75760,2616840492
75764,2200924555
75768,3722541049
75772,2159585619
75776,3485439524
75780,3583465641
75784,2531056232
75788,902321729
75792,70496321
75796,3504660693
75800,1381492606
75804,2871362559
75808,2642971896
75812,1084648119
75816,3526613206
75820,2369251646
75824,3037403119
75828,2143232299
75832,2208874316
75836,4153637542
75840,532467995
75844,1484578187
75848,612558206
75852,4152205294
75856,401649521
75860,3174038135
75864,201728661
75868,1045883542
75872,1974498878
75876,2372699216
75880,1499945154
75884,1435568989
75888,2545167961
75892,259062950
75896,3002530222
75900,258529652
75904,2644874325
75908,3153104526
75912,2540001232
75916,2990291603
75920,1233754195
75924,2173953062
75928,315171282
75932,1711352011
75936,4231860795
75940,2499594563
75944,1197638069
75948,2295660018
75952,3255294196
75956,3593278490
75960,2690573210
75964,215858529
75968,402402338
75972,1254550464
75976,3818576017
75980,2356192517
75984,2919525185
75988,923570724
75992,2366856866
75996,522390535
76000,3731373459
76004,2510001007
76008,3772718268
76012,3915089452
76016,3201433266
76020,865064069
76024,760704947
76028,933844713
76032,2079585035
76036,3393087460
76040,3606627858
76044,513791281
76048,3230310195
76052,3506599642
76056,1131139137
76060,2882036836
76064,3751739862
76068,3386232252
76072,754830372
76076,2645607303
76080,2464802916
76084,2810342070
76088,3335175896
76092,913100178
76096,554306744
76100,63290526
76104,348321563
76108,3225306427
76112,753573670
76116,2247674392
76120,1975577106
76124,2981169051
76128,1908776310
76132,1986838433
76136,642584058
76140,249475744
76144,673952195
76148,2245816034
76152,2698648958
76156,3170469929
76160,2689986996
76164,3386814828
76168,4033995926
76172,1320666638
76176,193777721
76180,1893123086
76184,3961312352
76188,3284565521
76192,1720033477
76196,744028602
76200,2490326834
76204,3285459705
76208,3810865843
76212,1007211581
76216,1020100663
76220,2737111697
76224,4271444107
76228,224967937
76232,2796801995
76236,1751575829
76240,976358598
76244,1769904530
76248,3031448459
76252,3098535303
76256,1003509164
76260,1041110461
76264,3777746299
76268,2538862617
76272,3736319750
76276,4287139939
76280,3851759326
76284,2138650919
76288,3353207979
76292,869016032
76296,1671697440
76300,3404505581
76304,1053773298
76308,2144592999
76312,1039768680
76316,2651088975
76320,3596090676
76324,2515799690
76328,769987897
76332,2210387408
76336,3948456892
76340,458121624
76344,1262101678
76348,3998741443
76352,2248363895
76356,856739375
76360,1610625660
76364,1321128160
76368,4219961660
76372,22963036
76376,3063877849
76380,4006434067
76384,511635785
76388,2440119273
76392,211730913
76396,1731066896
76400,795844799
76404,3912169700
76408,3249801532
76412,3493416644
76416,3869504018
76420,3162561214
76424,553709003
76428,2814279382
76432,3637412157
76436,473320992
76440,2996267852
76444,1110825165
76448,637532114
76452,3601372519
76456,1535002720
76460,2872318123
76464,1232437693
76468,223827464
76472,3525192721
76476,1436326938
76480,4167548244
76484,792169647
76488,361568267
76492,3629176422
76496,3597105469
76500,2831839663
76504,184788464
76508,1197147950
76512,1991335133
76516,3386069001
76520,473601850
76524,446821054
76528,4090820483
76532,1909911830
76536,3772280313
76540,2701751341
76544,2420355866
76548,1578185497
76552,2289884842
76556,3486206387
76560,4076182026
76564,3033653680
76568,1801276212
76572,1301497579
76576,3174019104
76580,1479842879
76584,775209658
76588,3056694627
76592,1817855964
76596,717415406
76600,1227481022
76604,2182590998
76608,3896373032
76612,2490691045
76616,3948231373
76620,3729842982
76624,1968545827
76628,1733850596
76632,4010920077
76636,282268798
76640,3842913716
76644,3722560026
76648,830513818
76652,700117135
76656,1951793606
76660,1508589229
76664,2177836016
76668,1131865884
76672,1727749864
76676,1169175312
76680,2363394679
76684,2637701923
76688,4128031656
76692,578110001
76696,364348770
76700,2536055399
76704,1186636731
76708,3886981558
76712,608548493
76716,863072415
76720,808392449
76724,3986169363
76728,2287107559
76732,2012379525
76736,1459617864
76740,92266301
76744,4001227135
76748,3963756644
76752,2741572840
76756,2865482577
76760,2945404685
76764,1952717250
76768,874203627
76772,1907985675
76776,1754529240
76780,2788023526
76784,1426954880
76788,569379311
76792,945956700
76796,1955064195
76800,2347811150
76804,227753291
76808,19730879
76812,3779812521
76816,1681174707
76820,1049018113
76824,295386403
76828,2883928084
76832,3918282444
76836,1174184215
76840,3461188401
76844,1876222588
76848,281130418
76852,1077789443
76856,2513093963
76860,1613804708
76864,2812858650
76868,883747777
76872,1243213275
76876,3921578935
76880,2249627667
76884,463724344
76888,75846695
76892,3870368100
76896,3451581353
76900,2574172805
76904,1337310657
76908,3324089621
76912,2389222338
76916,3224613020
76920,29558435
76924,4224526233
76928,863350802
76932,3387497845
76936,3888576430
76940,3617214169
76944,4102473584
76948,1252248412
76952,3933063344
76956,662353204
76960,201609653
76964,480606310
76968,423973145
76972,516326891
76976,3446192086
76980,599923109
76984,3200430865
76988,4046448941
76992,3045883584
76996,2713901008
77000,4019316313
77004,2707815452
77008,2377121169
77012,3104042170
77016,1261308013
77020,1051681660
77024,2330502917
77028,4201111152
77032,1822574731
77036,964366796
77040,2005176817
77044,2524322003
77048,2435263616
77052,1286477454
77056,2209688568
77060,3197590086
77064,853146973
77068,905989597
77072,3538375478
77076,3962049299
77080,3413588638
77084,1162956750
77088,389114695
77092,3009555599
77096,1951733422
77100,2424517005
77104,1108782161
77108,3199175732
77112,2374167356
77116,2414572285
77120,1077719149
77124,1805492558
77128,884116198
77132,2726153263
77136,501124537
77140,2909000807
77144,2383808864
77148,1446438633
77152,3569487619
77156,2684402677
77160,4044224843
77164,2401079761
77168,622743353
77172,675050397
77176,3321886050
77180,2359755129
77184,2320595480
77188,1215152344
77192,1779113188
77196,67777037
77200,3835287153
77204,873623320
77208,4230416790
77212,2537862841
77216,1608920818
77220,3438447462
77224,7529743
77228,366170565
77232,3370680265
77236,762321250
77240,252881167
77244,1976597997
77248,2325403625
77252,1334129009
77256,1403238753
77260,445674626
77264,3242246712
77268,149199382
77272,4030004445
77276,227726404
77280,3180998427
77284,2822838918
77288,2425733905
77292,2488998822
77296,1900273073
77300,3746682566
77304,3544985353
77308,2020933378
77312,3307429025
77316,2750577740
77320,2188827520
77324,2337262422
77328,3301054153
77332,2920774132
77336,3322692725
77340,3510383421
77344,3851967905
77348,739166606
77352,1896802267
77356,2618587438
77360,1453367035
77364,264007166
77368,959416134
77372,2929961739
77376,4197942062
77380,2985071038
77384,3918003708
77388,4016665683
77392,846171823
77396,2914774654
77400,2293852174
77404,3597469178
77408,605470506
77412,102746679
77416,961352696
77420,3979906750
77424,1724533581
77428,1921058380
77432,1214505186
77436,237202480
77440,4253371096
77444,48526689
77448,1050338509
77452,2653366967
77456,2080690952
77460,3804318774
77464,2062319553
77468,3285872473
77472,212119395
77476,832226795
77480,1805369149
77484,1786643372
77488,4057577806
77492,740072711
77496,394560976
77500,1643475207
77504,1253947019
77508,744540676
77512,1723484254
77516,1355316030
77520,3805485794
77524,1933793095
77528,1345723913
77532,2545860843
77536,3240141873
77540,977607804
77544,2237938662
77548,4168170317
77552,2943860680
77556,3477945499
77560,16385013
77564,1338472876
77568,4088845572
77572,674453785
77576,226847726
77580,368418623
77584,1297362747
77588,428842313
77592,2627057085
77596,2656489449
77600,1922335308
77604,2473784260
77608,3001184953
77612,2500711139
77616,4188435927
77620,1108940446
77624,2868948599
77628,2040030045
77632,2755238392
77636,2506464295
77640,3383994369
77644,2124926057
77648,3612341417
77652,1628999522
77656,3466929790
77660,1606330670
77664,3808090796
77668,65346567
77672,1083329791
77676,3892398563
77680,1307471481
77684,663239040
77688,2482985392
77692,2727881950
77696,1621953024
77700,87491000
77704,1402893415
77708,2388756903
77712,1696599049
77716,2425230569
77720,3835922090
77724,3626187664
77728,2281459837
77732,2200702710
77736,1537595510
77740,778414763
77744,2458252358
77748,821905639
77752,433726378
77756,3403499553
77760,728549630
77764,1852992317
77768,2529087116
77772,3269539321
77776,4145032783
77780,3268656379
77784,727077705
77788,661157559
77792,1656479398
77796,254845688
77800,2240448663
77804,1341647228
77808,3498453385
77812,765253025
77816,953109549
77820,1362459138
77824,760053900
77828,3391917160
77832,1507835990
77836,1097406679
77840,442483739
77844,286778954
77848,2463867233
77852,1281827663
77856,2282335866
77860,1136861163
77864,1049589659
77868,653563603
77872,3008822133
77876,2726726459
77880,2526552498
77884,1662981685
77888,1743177681
77892,2718898228
77896,2217024783
77900,2297370498
77904,2866486031
77908,3946114648
77912,3379369513
77916,477462439
77920,2996242090
77924,3554916405
77928,2792238112
77932,2634419182
77936,3594687989
77940,2515559695
77944,912842275
77948,486052459
77952,3781282227
77956,3903084216
77960,413704364
77964,2767231175
77968,768976314
77972,3409576918
77976,259611539
77980,2561483615
77984,1215559856
77988,137443576
77992,4088146883
77996,1976430713
78000,2795509812
78004,3675481460
78008,1370740431
78012,3177565874
78016,4108561378
78020,1351943518
78024,3639571454
78028,682699354
78032,2852137806
78036,2892210680
78040,1836313733
78044,3517740955
78048,1567781657
78052,2347635199
78056,584480025
78060,2158546002
78064,3970622550
78068,1994068863
78072,2580401981
78076,3700641908
78080,3506651823
78084,2695714737
78088,3395422288
78092,3478452027
78096,3518012329
78100,3876793356
78104,606040926
78108,2041562216
78112,827410063
78116,269064825
78120,3832329856
78124,1560323475
78128,1659532429
78132,3113197532
78136,1500342467
78140,1316854056
78144,1105213847
78148,2219192421
78152,3703170055
78156,3996715130
78160,151412945
78164,3570783543
78168,1660527695
78172,3480174622
78176,91027518
78180,505161725
78184,2832722801
78188,357995175
78192,773155105
78196,1511662371
78200,1172763994
78204,3569854977
78208,3667324563
78212,529562049
78216,48653371
78220,2843955919
78224,3205208234
78228,2772631290
78232,2889038034
78236,2953525690
78240,320021493
78244,5601584
78248,924099569
78252,2096324934
78256,141360699
78260,1519228713
78264,2457465031
78268,1559152156
78272,4091356114
78276,99092347
78280,1504722367
78284,3468921802
78288,3061119664
78292,3059915936
78296,2946725150
78300,4111877974
78304,2227657957
78308,3357928159
78312,1387437502
78316,4254098781
78320,2930710923
78324,524482564
78328,1667420914
78332,4207747750
78336,2373274059
78340,4131085948
78344,4219955808
78348,3077113293
78352,2562529342
78356,3630025680
78360,515314965
78364,4085811111
78368,1936260652
78372,2139195942
78376,2476051848
78380,1464220741
78384,682797642
78388,3510494076
78392,3061410715
78396,2909025230
78400,3056879168
78404,1567106101
78408,1668398914
78412,1078799928
78416,3457610460
78420,537125322
78424,2843427407
78428,1108596172
78432,2100488136
78436,3452779772
78440,2123289827
78444,3861574546
78448,3982381015
78452,3756361198
78456,545547322
78460,1028817156
78464,1420528831
78468,2274718195
78472,691954995
78476,3226585815
78480,669769943
78484,2584284979
78488,3495008318
78492,340511746
78496,1542320833
78500,3263060162
78504,2341573516
78508,2457899953
78512,1414700093
78516,2651420430
78520,1832630909
78524,1997503367
78528,1059598732
78532,646338194
78536,444981001
78540,433095949
78544,1727336425
78548,4136575698
78552,3541115412
78556,26161670
78560,3187626230
78564,4223606258
78568,237293696
78572,674221795
78576,1112074150
78580,1797150381
78584,4025612142
78588,10898316
78592,3149922026
78596,2068688334
78600,1364652764
78604,3256238076
78608,2645652040
78612,4272523189
78616,2396105686
78620,1132345841
78624,2015129784
78628,1784778413
78632,1511728365
78636,3753960140
78640,1671400393
78644,3510275356
78648,165404557
78652,2556652290
78656,2070403414
78660,663884691
78664,1445629232
78668,2409431214
78672,4164218303
78676,496893016
78680,2412666154
78684,2580721430
78688,3011006883
78692,3020063760
78696,2575438107
78700,3016254063
78704,903877799
78708,512923119
78712,350981211
78716,2612567827
78720,31359313
78724,3908783785
78728,3263015979
78732,1398348017
78736,2756388688
78740,171703892
78744,48047081
78748,267218316
78752,2341135205
78756,3528502816
78760,3460410990
78764,2210769449
78768,2862118356
78772,2694955089
78776,465164923
78780,206768403
78784,1103376361
78788,1518289026
78792,974604035
78796,3413585623
78800,2449783898
78804,1303746207
78808,1037690058
78812,3223055932
78816,11502015
78820,3549765527
78824,2191327088
78828,2495402473
78832,926273064
78836,682739398
78840,1787354139
78844,1644302419
78848,1106271583
78852,4158098789
78856,3618111888
78860,2739530773
78864,84529944
78868,2999052676
78872,1546153739
78876,333821783
78880,87205835
78884,3346115048
78888,3168274924
78892,1432653519
78896,2525767337
78900,979019419
78904,2413748768
78908,4027855649
78912,1580006520
78916,2027962255
78920,1552783643
78924,491461896
78928,3830255638
78932,1757362339
78936,108777840
78940,1308044311
78944,2054686218
78948,2693975985
78952,3873289785
78956,3389949308
78960,1892642197
78964,1265286970
78968,3009948172
78972,2577016249
78976,148567596
78980,3656999084
78984,1387536661
78988,1469792102
78992,2816572351
78996,4012084149
79000,1996768791
79004,2430425780
79008,3048271030
79012,3430435574
79016,3974074464
79020,3413880198
79024,51679270
79028,980212057
79032,720081505
79036,2904738512
79040,2364260790
79044,2810750041
79048,541426556
79052,4089425409
79056,2056694264
79060,3747726918
79064,4134513591
79068,1604211433
79072,3187439360
79076,3756730125
79080,468240408
79084,991781158
79088,2072315177
79092,422161101
79096,3404417421
79100,3712924755
79104,2192661039
79108,2621671833
79112,3862764954
79116,1834040549
79120,3967684690
79124,384765423
79128,2936034439
79132,4050815429
79136,522741490
79140,960366651
79144,904431492
79148,639327097
79152,4191033497
79156,1091115603
79160,2102216272
79164,3564527077
79168,3155769346
79172,297579611
79176,2549153036
79180,1832083039
79184,1795651815
79188,2064912362
79192,1288929313
79196,1930051568
79200,3116875033
79204,3439171036
79208,934165168
79212,1581529579
79216,6597059
79220,99665070
79224,1061890498
79228,2771211198
79232,2362891878
79236,3249450229
79240,4115565036
79244,1771046129
79248,2339388217
79252,2965688399
79256,3955984682
79260,162721475
79264,719037600
79268,4227665218
79272,3746687542
79276,3059048536
79280,3934322364
79284,2991067739
79288,3812469592
79292,978257754
79296,1629097593
79300,1279159093
79304,2315479366
79308,837390698
79312,4145741206
79316,2079916873
79320,838221943
79324,2097946007
79328,2633352459
79332,3671089085
79336,241534712
79340,1026528842
79344,2984749363
79348,2338544602
79352,820504096
79356,3633576846
79360,3123732663
79364,3615785544
79368,1235638306
79372,3666365308
79376,2951796637
79380,462248147
79384,2888915604
79388,523991755
79392,1100464380
79396,3536553413
79400,3675587089
79404,4292158595
79408,893351842
79412,1178077047
79416,525285238
79420,483455403
79424,2725909440
79428,2758250913
79432,1162574354
79436,309435371
79440,1699510064
79444,801510346
79448,224915791
79452,3881250855
79456,1169263738
79460,2855665998
79464,3699473095
79468,3481658912
79472,3014955534
79476,4253594894
79480,388998811
79484,3529927770
79488,4204972439
79492,3693269754
79496,2053257119
79500,4162052531
79504,1417313969
79508,485146635
79512,280117751
79516,3049902391
79520,3380784943
79524,2669803501
79528,2663078983
79532,3725878919
79536,2835919072
79540,1326973232
79544,3165006261
79548,3154664470
79552,3293033008
79556,3604150323
79560,769729880
79564,1038094820
79568,783916137
79572,2985898979
79576,2307858465
79580,2702014181
79584,3284820654
79588,598418559
79592,4189459663
79596,3762835133
79600,2238846641
79604,3312903751
79608,1665432360
79612,1273043500
79616,2866525685
79620,4230651968
79624,2236808701
79628,3072180337
79632,1977155651
79636,3730566246
79640,3618262288
79644,318483627
79648,2039479624
79652,827800050
79656,2927989343
79660,1173062262
79664,3186398525
79668,2643480996
79672,1057207951
79676,407056228
79680,1479876649
79684,216042476
79688,985081410
79692,1197452961
79696,504260362
79700,2252881708
79704,2354323038
79708,1455876591
79712,2382462230
79716,4001219081
79720,4008286701
79724,1177272484
79728,4208369775
79732,4184416584
79736,223084031
79740,1894871753
79744,3624202896
79748,734174876
79752,4293449364
79756,4199108429
79760,1187195510
79764,3887467884
79768,100583422
79772,2795207861
79776,3699751285
79780,2550679900
79784,3611033254
79788,1621333185
79792,172491011
79796,1145201164
79800,983642048
79804,3130476949
79808,4079868809
79812,4239669927
79816,3591591951
79820,102704806
79824,267683094
79828,3749578059
79832,88556462
79836,812569933
79840,3082878487
79844,1319548706
79848,3892127060
79852,3776999931
79856,1151152140
79860,3620440988
79864,3724094670
79868,2248426941
79872,480983891
79876,3284382258
79880,2869354078
79884,2697990077
79888,803160300
79892,3163209488
79896,301306836
79900,1319589439
79904,2012718647
79908,509086645
79912,1931486320
79916,157427288
79920,2687064228
79924,1929047737
79928,895357980
79932,3022078965
79936,3832824993
79940,1878510252
79944,2532395824
79948,1393171360
79952,1964238691
79956,3730805076
79960,1042608148
79964,3168427818
79968,2866202583
79972,1016559620
79976,967425220
79980,123977528
79984,3883063614
79988,4271625778
79992,2866444677
79996,16639656
80000,3039204440
80004,3348904912
80008,2108414732
80012,1817703958
80016,2239347810
80020,1942501897
80024,4055707621
80028,2254851159
80032,4226150508
80036,2419245962
80040,1982473287
80044,2023573306
80048,1367173294
80052,3591713295
80056,1999497218
80060,1002328528
80064,1073391446
80068,2063043874
80072,3533177134
80076,1956535839
80080,3426653642
80084,3781219050
80088,1665383525
80092,50497959
80096,3216732321
80100,3611385314
80104,2535827973
80108,4143664154
80112,283566404
80116,3920274187
80120,4170952873
80124,1862433417
80128,975870458
80132,1017237611
80136,1090596978
80140,1784761556
80144,2217635658
80148,2427170700
80152,2875212585
80156,1631765444
80160,4262755850
80164,1708013488
80168,2914216110
80172,3723103135
80176,3217517365
80180,1459155396
80184,744931526
80188,1137878569
80192,4148800790
80196,856091388
80200,2029371447
80204,2909437146
80208,1633056660
80212,1358427766
80216,998138727
80220,3235775563
80224,3772351763
80228,101205735
80232,1497234867
80236,4187784336
80240,1004340443
80244,222229790
80248,2913213069
80252,570792844
80256,1020273794
80260,2776537080
80264,3191630133
80268,188642955
80272,2020195822
80276,1421428522
80280,3693394395
80284,2661124464
80288,4280505703
80292,3926820185
80296,720598600
80300,2458676308
80304,4094932567
80308,3402780681
80312,3258742452
80316,3571959508
80320,1746373652
80324,2385602127
80328,2232231801
80332,1768649175
80336,889726765
80340,3050244418
80344,3532223079
80348,3712493632
80352,1366446274
80356,2449578941
80360,3497215702
80364,2026722379
80368,2345975483
80372,1136029885
80376,2534893292
80380,3109808922
80384,1301877744
80388,1459657645
80392,94159175
80396,2699198843
80400,3612411363
80404,4250655182
80408,3789060111
80412,3292691383
80416,2392421265
80420,1144430455
80424,1406324494
80428,736016371
80432,3868234735
80436,156214620
80440,792172076
80444,4229364292
80448,1181892339
80452,3475139766
80456,1279104592
80460,10848509
80464,1450737179
80468,3161781250
80472,262073996
80476,1143907641
80480,311311793
80484,3895057589
80488,3694813593
80492,2613270468
80496,1840883928
80500,3315518442
80504,4028848999
80508,2993356500
80512,2184561314
80516,3188756628
80520,1158498876
80524,2720723323
80528,1862507543
80532,3178256231
80536,2667750895
80540,3048912168
80544,3673432001
80548,1735491064
80552,599380234
80556,300532879
80560,4082949210
80564,2763996394
80568,1334496161
80572,4253397930
80576,4213526451
80580,312979278
80584,241698167
80588,528299432
80592,1364765475
80596,3041879363
80600,229833966
80604,4069694811
80608,1088185554
80612,3173386794
80616,509521664
80620,424896539
80624,156610723
80628,4159430689
80632,1207549926
80636,2494496039
80640,1365030411
80644,1500251888
80648,569318397
80652,709620722
80656,2592258606
80660,1886071629
80664,4249756715
80668,596000694
80672,4166573773
80676,518745469
80680,1072324096
80684,3449748187
80688,2846212203
80692,3328027418
80696,2197514753
80700,265700522
80704,2138204191
80708,3718316367
80712,4019865039
80716,3861912516
80720,3270820376
80724,2125218640
80728,3471837782
80732,1083948734
80736,2622322539
80740,2479043255
80744,3143680622
80748,352882249
80752,3917629733
80756,832630382
80760,4068492233
80764,207098303
80768,155278293
80772,3775178435
80776,3276032618
80780,3552854770
80784,1066869851
80788,1353199847
80792,1494534888
80796,2732007900
80800,2815088356
80804,4094145523
80808,1381806678
80812,4026034274
80816,3860970763
80820,1547484868
80824,4226543705
80828,1410091786
80832,3018645114
80836,265029993
80840,597380800
80844,269602287
80848,1415567212
80852,3170682094
80856,2024118343
80860,258934148
80864,1172612813
80868,380798113
80872,3549066707
80876,1213076961
80880,1658874203
80884,3683362629
80888,2759930799
80892,480066781
80896,3640228826
80900,1462396908
80904,3655541326
80908,3727203035
80912,422713057
80916,3556774827
80920,1387553659
80924,2079953918
80928,361111458
80932,4255144389
80936,2550627353
80940,403370957
80944,3863520693
80948,2327592026
80952,2935190797
80956,3957351131
80960,1216628002
80964,3154212645
80968,943576829
80972,3863695861
80976,602255921
80980,442608004
80984,2189767184
80988,2383498437
80992,2103041779
80996,1482806584
81000,3448679096
81004,3658037166
81008,1150399283
81012,2949617723
81016,3531792646
81020,4121957702
81024,1566887458
81028,4267916500
81032,209368360
81036,2405926063
81040,1078470745
81044,3128922162
81048,1639409395
81052,908654652
81056,812896300
81060,2490248572
81064,2601329990
81068,158160440
81072,2593163972
81076,3866724613
81080,1039237880
81084,940707943
81088,3524651906
81092,2447959737
81096,3788535851
81100,3578668788
81104,4035684642
81108,1357624620
81112,1547473040
81116,2101089139
81120,362364826
81124,582974477
81128,3388271750
81132,10895746
81136,3429283508
81140,771292413
81144,3059403558
81148,4269240913
81152,3748054531
81156,3529278945
81160,2025416931
81164,86364144
81168,1789103301
81172,928035244
81176,1499566410
81180,3297710954
81184,423741019
81188,1264967348
81192,1206220008
81196,823498050
81200,393476582
81204,2406232049
81208,4128102777
81212,2444795828
81216,3127425609
81220,3348862837
81224,3575475098
81228,2120180422
81232,976187467
81236,3383635226
81240,4173066437
81244,3081220008
81248,3852522212
81252,2899431939
81256,3734044018
81260,1266347802
81264,3133853961
81268,358501627
81272,3666163797
81276,2790651361
81280,361240202
81284,3549397679
81288,1900242982
81292,859800267
81296,2119404111
81300,2384906197
81304,3948649265
81308,3909448777
81312,1517460801
81316,346660597
81320,3312291489
81324,2816228717
81328,4018539589
81332,3749606111
81336,1939122094
81340,3150089446
81344,837021998
81348,1830272509
81352,706437436
81356,965555906
81360,3203042778
81364,1968008672
81368,2625132831
81372,3443052606
81376,961000377
81380,2536994696
81384,661752717
81388,684563926
81392,1655622922
81396,3059570155
81400,1786695246
81404,2273442797
81408,3296866085
81412,419043526
81416,64115950
81420,1507272848
81424,2736122816
81428,820091034
81432,1167862665
81436,4132718155
81440,3251800612
81444,3866510681
81448,1371745643
81452,603796587
81456,3018535745
81460,3643655789
81464,3169430575
81468,2193567684
81472,622136754
81476,3804882598
81480,1731325722
81484,1987866191
81488,3238094581
81492,2962779013
81496,312640418
81500,2275678954
81504,3324575278
81508,4034700660
81512,175130233
81516,1721959701
81520,3893863609
81524,3232034717
81528,2587479800
81532,821944129
81536,3896420347
81540,763859467
81544,1784289997
81548,699052557
81552,121470785
81556,2830615509
81560,3656759954
81564,1654209591
81568,688366111
81572,1839278643
81576,76590838
81580,644410790
81584,4089082430
81588,2572409017
81592,977538065
81596,3956395527
81600,3310449530
81604,3941206843
81608,2732537832
81612,767344242
81616,2498564237
81620,1904397650
81624,2139385198
81628,637915165
81632,3704430012
81636,4044574811
81640,68196020
81644,3429422115
81648,3097655717
81652,156096749
81656,3325871872
81660,794148591
81664,1056276967
81668,1390372889
81672,1512636807
81676,1616856191
81680,4222757560
81684,2660820975
81688,1011778271
81692,1048579112
81696,2725788491
81700,1399617277
81704,1083272680
81708,3702064021
81712,3506907520
81716,857819076
81720,2550308438
81724,3446998886
81728,2837450763
81732,1822725381
81736,3250605096
81740,190261711
81744,3267828484
81748,2085170982
81752,1962947135
81756,3543693230
81760,2002249533
81764,2461079120
81768,2267986551
81772,3509990207
81776,3444737288
81780,2112918780
81784,1204296100
81788,1472526877
81792,241473130
81796,1734473180
81800,447559949
81804,739337606
81808,3405250611
81812,2351997675
81816,1915960255
81820,3512206426
81824,1150362352
81828,1201690610
81832,1400415787
81836,3329423300
81840,1166761011
81844,4060369747
81848,920884911
81852,3933150988
81856,639705874
81860,1983211115
81864,4216358035
81868,4109532936
81872,938257070
81876,2911335419
81880,517616903
81884,146705929
81888,4242979085
81892,3515951256
81896,3279198562
81900,1499964993
81904,1643256782
81908,3316873074
81912,3945622079
81916,2330756120
81920,642014214
81924,636592680
81928,1992233050
81932,1108195274
81936,3639496337
81940,3439163274
81944,3293839838
81948,60343784
81952,1179722013
81956,3634266546
81960,2622899520
81964,2226888164
81968,897552396
81972,2346443189
81976,1116219372
81980,171275699
81984,2431338468
81988,2085156195
81992,2469160188
81996,3618946247
82000,3903425494
82004,270175051
82008,1871813857
82012,3865569145
82016,4019208560
82020,3302616067
82024,3628713041
82028,1729725273
82032,3475691693
82036,3250829174
82040,2101384532
82044,3835487958
82048,4032536529
82052,2466389856
82056,4040747671
82060,554930499
82064,1631784962
82068,1315654403
82072,2152708232
82076,3846015550
82080,771951906
82084,3806644039
82088,288809115
82092,2823257896
82096,323196233
82100,3061013717
82104,3116579367
82108,1294054909
82112,3989141327
82116,216815198
82120,229154247
82124,403781244
82128,617257911
82132,3143512553
82136,91007716
82140,100676702
82144,1829077866
82148,1107015225
82152,1411954845
82156,2804861541
82160,1535617730
82164,1063672921
82168,633885384
82172,2944401366
82176,2909208261
82180,668868347
82184,2384572956
82188,2969955139
82192,1807477458
82196,3667816623
82200,4257098147
82204,1572989028
82208,3247386905
82212,1669492692
82216,3932269482
82220,2166182165
82224,1474822993
82228,3715388077
82232,2728284567
82236,193482926
82240,2177805373
82244,3868660184
82248,1989230801
82252,930211671
82256,4031920802
82260,2363916756
82264,747967208
82268,183310013
82272,2912155098
82276,2315229566
82280,2211826054
82284,3443629014
82288,1858025774
82292,2947032176
82296,2729912362
82300,1590264701
82304,1147870996
82308,1215296095
82312,2590869898
82316,662366560
82320,2036019315
82324,2453915680
82328,433370715
82332,428595793
82336,2420850281
82340,3624975973
82344,1031746717
82348,452328768
82352,1303874310
82356,1190221168
82360,1310032289
82364,4077363583
82368,500271913
82372,4163197389
82376,260715617
82380,3887980217
82384,3305306138
82388,3455305044
82392,3222382242
82396,2043406811
82400,251599693
82404,2317611444
82408,3858962562
82412,3755884411
82416,995035710
82420,3611693989
82424,4148580056
82428,2552394410
82432,1221776038
82436,3315328087
82440,559268909
82444,602259732
82448,3255367775
82452,2094453614
82456,2122582119
82460,703709611
82464,1166216219
82468,68431790
82472,1802005007
82476,4005594841
82480,3687537895
82484,1354963328
82488,3548260507
82492,3879648238
82496,994063504
82500,1114636471
82504,813678622
82508,1172310963
82512,3032030138
82516,558017564
82520,2301048438
82524,2742985278
82528,1071948981
82532,2555371865
82536,2989962108
82540,3792805448
82544,1296788655
82548,508058683
82552,1284828459
82556,3184605581
82560,198671038
82564,2844615491
82568,2972665231
82572,2953095401
82576,1931717644
82580,4078543806
82584,392411704
82588,4016983590
82592,547207680
82596,521135393
82600,598297572
82604,603459164
82608,1512237208
82612,871038126
82616,1878525377
82620,798157865
82624,901842763
82628,3657730210
82632,1102723036
82636,3839398431
82640,2803491972
82644,1394477085
82648,707394882
82652,1685144007
82656,1657200676
82660,358903494
82664,3446282052
82668,2138011854
82672,3374047819
82676,3404818739
82680,2546613038
82684,609724411
82688,4154201230
82692,125675239
82696,2155550227
82700,3167383185
82704,681592001
82708,3513536989
82712,3217588546
82716,3181684847
