ID,Название,Ключи,Данные
0,ОБНОВИТЬ,"DlO`, 8M",1459903566 2727259016 1047262425
1,НАВЫК,8yD,1136825802 1145131199 3678536860
2,СОКРОВИЩЕ,^g,1024081177 3667229037 3324366320
3,ВЕТКА,,2620743349 1695136576 3165779664
4,ГЕРОЙ,"QQ, 1""#, NI",618794750 4164433602 3007592020
5,ДМГ,"e., ^ha78H",4237676803 3176941706 2630216848
6,ОБЩИЙ,"""I",1614082161 857848659 4036991866
7,РЕДКИЙ,&Yr[,917140369 4098182552 486759623
8,ЭПИК,"*|, <FB, Ej",2456205881 799347139 1090257018
9,МИФИЧЕСКИЙ,"'H, KOY",2157336476 4250476626 2844816597
10,ФАЗА 1,"^q, Tu",2918900317 2419866855 1987770023
11,ФАЗА 2,","", 9>",3538591626 1975124466 2375773814
12,ФАЗА 3,"T;, =It",3163934086 1670616328 3480610005
13,вы получили: {2},"%u, fO",798465310 1394499774 3803121861
14,Зайдите в [,"f^, 23",2646656193 2116206946 737169519
15,имя,?3,3899544949 3352116964 3092659198
16,коллекции,"w^i, h<",2615911044 3735874312 198269662
17,зала,"|O, N=., f@",1469027454 2154257545 1893076461
18,чтобы проверить!,"SD, 0, , Pr",759714082 2417002052 2264740324
19,вы получили: {1}. Зайдите в [,"S), r]j?, 49",3021336995 2618065469 550403178
20,ПОЛУЧИТЬ НАВЫКИ: {0} {1},itY,780849390 1813509012 1823340018
21,получил {0},"^{), *Q;, I4",1008410603 1122515158 203842527
22,потерял {0},PU,2471903468 1525762877 2564996435
23,получил,"E;, {R, P:, Qs, nK",387062111 3317828237 939222522
24,потерян,"|m, 3d>, M;",2051143148 1642193586 164057397
25,Выручка за этот раунд,zg,3220877553 2971842703 4268434889
26,БАЗОВЫЙ,#k,4278933887 767119005 3583716071
27,ПОБЕДА,]z,3631451887 2639321029 1532682635
28,ПОРАЖЕНИЕ,{qI,3751985467 3691410708 2220434863
29,ИНТЕРЕС,"IVc, u1",4170805061 1874233719 1971833167
30,ГАЛСТУК!!!,"Mb, 8:",1192677854 3066303120 4123430783
31,раунд [{0}]?-- противник [,"oqe, ;#3t",575058131 3369740776 3347126071
32,Можно использовать только на этапе подготовки!,,1168540091 548322010 1269748051
33,Недостаточно,"OG, ""`",3097777682 131078778 629378673
34,исчерпан,"+_, Cy, J%[, }c>",3198279800 1041795988 1621099175
35,Нет навыков,"nf+, |k', 0D",2644558584 230930334 2080171122
36,Не удалось получить,,560817713 3032813588 779372557
37,Нет,"mbK, {x",821733848 950881080 2970147840
38,доступен для копирования,"M , 7[",588654223 1043398865 3297167883
39,Это,"CS, m#, =(",2243912795 1891964610 2100911523
40,был использован!,"2x<T, af, he",613484849 2951338636 1901018273
41,Использований не осталось!,cQc,1822022932 522777920 137138914
42,был использован в этом раунде.,"\m, {mu",254231837 3883811620 568355091
43,Вы не изучили никакую,"N6, R~",564785267 2268709896 4063426059
44,Можно использовать только при не полном,"/a, ^3W, <O",2953957980 2781684667 3792618791
45,РАУНД-{0},,2871805703 2847113955 3014164072
46,раунд---,]b,1867789159 1112080345 478769881
47,Общий урон игрока увеличен! Минимальный урон увеличен до {0}!!!!,"cWd, EW",1289373430 687831081 3905260213
48,"Матч завершился. Нажмите [ВЫХОД], чтобы вернуться!",W(,2312088288 3403502039 3759576338
49,покинул игру!,"L8, AU, HF'",406164007 192093933 3524081971
50,Восстановление соединения..,"-,, 1fM",465986440 3411691423 1723904793
51,Текущая битва превысила лимит времени. Игрок с более высоким процентом оставшегося,"k@, gI4q, EJ[0, !e&",4255672645 3376093268 3019648857
52,станет победителем!!!,b?,2460471228 2486466501 2522906061
53,Битва продолжается слишком долго,"a""",752668248 2797505245 1370920597
54,теперь оно будет ускорено!,B`,4079459107 110195359 3304940694
55,ВЫБЕРИТЕ,@',3585745558 1253257003 2864515718
56,Подготовка к битве,"YY, ~kz, nC",3141966327 2379733485 4071907795
57,Битва скоро начнется,[n,442244821 976585871 3377130328
58,ОППОНЕНТ ПОДТВЕРЖДАЕТ,hoK.eOQ,610942388 1464361356 2143462145
59,ВРЕМЯ ВЫШЛО,rg,3465486303 2554918898 2752334661
60,БИТВА,"R=, +d, ;V, =9",61227360 2206417556 4038819597
61,БИТВА ЗАКОНЧЕНА,AR,4260531693 574015814 669392737
62,Увеличение магического урона:,"J;d6, Na, C(Q",298837541 363392290 1386281666
63,Всего,"D+!Am, A4",2455843120 979602012 3435857514
64,Разграблено:,",A, Hh",582342172 2313214662 945583399
65,Бонус:,(]^,1373467564 3212407092 1944310060
66,Итого,"dPL, ZR, Y/q",3909817185 2810763275 3444695746
67,Доход:,%N,2320240188 40737363 2047327439
68,Расходы:,"GZ, Sz_",3716943425 2110222080 2204762428
69,Потерянное,u ,828894435 3108078951 3072492717
70,игрока:,"CEn, j5, b4x",621587622 2981638040 2768149738
71,Всего бесплатно,"<)\, J), 'U",3093001970 3490861300 144651405
72,Полученные шансы:,A/`O,2910293567 870363008 1542802742
73,Награды:,"``, ?*",2021648012 434869136 3173175272
74,Общий дополнительный,"U$N, `(",272000647 3154418160 3776856797
75,Взятый:,11,1081568075 4083729633 2495644472
76,Общее использование:,"v1, l~, Qp",3993592095 3658852662 2119041836
77,Шансы:,,501031306 2319241218 1553160212
78,Недавние,ZH,3543526606 2772076502 383049296
79,Оставшиеся шансы:,S>,3442313733 3757678809 2634294913
80,Оставшиеся свободные шансы:,"X1, ?5I",2435982636 3282870891 3152426873
81,Счастливчик,,1490247148 3725733833 3431532145
82,Вы выбрали {0} как счастливчика,-%:b,4165293907 3258678416 2036817689
83,получил {1} того же,"IP, I}, N$",2811006782 3720577487 287635098
84,"подряд, давая случайную","x), -], ]-t",3911494195 2164851422 4258779975
85,В настоящее время забанен,"5+, q,",880736784 279974300 1459039414
86,Использовал,,2319645223 3189767057 4086996213
87,Вы отключили появление {0}!,?c,3478183817 1369258743 593031345
88,Чаша,"vz, 8s",1189525970 1979944428 3641594232
89,заявлено!,,2917877998 475814342 3669649304
90,доход достиг максимума. Автоматически получено все,YyM,4027039245 2876852839 3009126761
91,Подсказка,"d?, %{",3491280612 173989740 1901375661
92,Получено таинственное сокровище),"H}, :g",1220128433 3340798134 601463616
93,Таинственная,"'|, R`, Ta",3469009242 454523796 4137565072
94,найден: {1},,4060899399 78752132 1337423039
95,Найдите {0} загадочного,"!],x""Lyg, hU",3716801809 730795328 353799166
96,найти сокровище!,"-&, )H",3501779445 1483901296 3360662796
97,Выбрано,i~,1749994244 1264838437 594308011
98,Вы выбрали {0},CO&,2600137694 3117788915 3248575761
99,Использование:,"fs, h>I",4219398126 399349881 504459103
100,Цена: {0},"x<, `B",2951392515 3049192540 214916259
101,Получите,,3445749427 547086018 1523862524
102,в {0} раундах,TO,2494747075 1175659252 2982900998
103,Нет назначенного,"l"", i!, n^~",1677814997 3034791214 1335383475
104,Получит,&@,634092324 2311475622 391949793
105,случайно.,"19, L,%mt_, Q'4",1075975123 2015980415 752122036
106,Куплено в этом раунде:,"F4y, {N",3002850250 2670098706 3770813763
107,Эффект сработал в этом раунде,"w0, eO, \a",744600725 1543921027 3699415454
108,В этом раунде:,"LXi, b(W",32961304 659936355 868087202
109,Количество обновлений:,"6?, {f, \!=",2668796220 696287312 1247248666
110,украл {2},"99, rNB, (e",3883228978 3373110791 2162671022
111,пользователя {1}!,,2136800308 277698077 3013193816
112,выбор,=y6=E,1263020774 2953700304 790678205
113,"Вы сделали ставку на {0} и будете получать награды каждый раз, когда они выигрывают битву!","=., R:",1334898582 4060077960 3635047716
114,Назначенная ветка,,1456253359 1681058383 1615731638
115,Вы установили {0} в качестве назначенной ветки!,";>, y3O",1089157850 1455986822 1948004405
116,Вы получили,"x^, \m",2385520501 1889133126 1660637280
117,УВОРОТ,"O$, R$, %a, MPl",689481053 1942683082 3203341283
118,Достигнут максимальный лимит раундов!,cT,3850927893 2867169906 3507844771
119,Макс,"^,",523406153 1362367467 2496291554
120,повысился.,}jT,4247417098 587785058 311960235
121,"Невозможно просмотреть информацию о ветке, отличной от основной ветки других игроков.",02,3522527144 362046082 2168624641
122,Этот игрок исключен.,lZ<,4024572101 3609514571 2490375253
123,УРОВЕНЬ,WM~,2579885977 162181370 1374224330
124,Еще не разблокирован,iF,3670006601 1618495283 3149563551
125,Для разблокировки необходимо получить привилегию в Руководстве по Сезону.,"}SL, !8",1232649694 235496214 2007762120
126,ПРИВИЛЕГИЯ,"u3pm, #s, (3",417141018 790885797 2653305043
127,Жду других игроков,?^,2237200284 1076429906 3824014298
128,ДОЛЯ ДМГ:,"s#w, l@I",3084472720 598820405 3585430194
129,Недостаточное количество предметов. Не удалось обновить!,"+b, m4l, 6F",2580508027 3102547006 994422824
130,Достигнут предел обновления!," 5, ]0",2386993344 27947967 3981770643
131,Выбрать ветку,,3210794464 51106016 3382641034
132,Выбери игрока.,"g8, W , Cj",1376551298 2459111358 2713287788
133,ЯРОСТЬ,"MS, m5*8;",4209666162 3511470434 1944578847
134,текущий бонус к урону составляет,":G, J;, ;:",888339882 4110937326 292208865
135,Бот {0},"$"", jhS",3819118106 2201022157 422575025
136,Начать учебное пособие для новичков?,5r,3268873511 2516755982 419159852
137,Успешно изменено!,"@|, :a",2554160694 464070813 129411017
138,Изучите навык,ffj,3852425198 4007110669 597408731
139,не завершено),)D,3358376229 3402533520 510692149
140,Завершено),oB,1561407530 2485527409 2445234172
141,Улучшите любую ветку навыков до 1 звезды,"[o, r>, AD3G",1284826434 3955161021 3375504248
142,Изучите 1 редкий навык,|#,192591939 4013145071 2037991322
143,неполный),11,3626232245 865820465 638043700
144,Улучшите любой навык до максимума,*<u1O,4098200399 3647344057 84429114
145,Улучшите ветку навыков до 3-звездочного,,3352795097 4187163683 4274913295
146,Улучшите ветку навыков до 3 звезд,"Wj, ,x, ""3, dV",3081037215 2785252398 1970402171
147,Изучите мифический навык,"e`W, IT",1430615571 987051579 2787878309
148,завершено),"=5D, Gr, 9)\1+, v\",2411912384 3542995715 3690297036
149,СИСТЕМА,I{,3706237446 1486527249 2800517393
150,СИСТЕМА],wjvGI,3778238848 124835145 186829372
151,ЧАТ],UF,1141421295 964932884 3746623445
152,ОТЧ,]K,388563647 3889934005 124309123
153,Т О БОЕ],"Vy, ej",615106121 4088891496 3338057272
154,МИР],"dP, `Lc{",2648667663 3211287079 1741384034
155,СОВЕТЫ],"fU, kDs, h`",3948718222 364664911 1419095289
156,УВЕДОМЛЕНИЕ],,2298976412 642886275 4055911868
157,КОМАНДА],"ulz*O, |PQ",3965678867 2347332660 3830593243
158,МИР,"T5, FtzJ",1422047943 105375880 936800580
159,МЕСТНЫЙ,>n,898216685 2392733746 3965553388
160,КОМАНДА,"[s, +S",210577134 3864385118 2388801898
161,БОЕВОЙ,Sp,391750528 41259927 165371293
162,НЕИЗВЕСТНЫЙ,l;',3476840395 1534500443 3451976121
163,Из-за нарушения вами принципов гармоничного общения вы будете лишены возможности говорить до {0}.,nIx,3344542361 170141794 2246695472
164,Вы находитесь в состоянии молчания. На вас пожаловались несколько пользователей!,"w\pz, 1a",3556404267 1161323732 537092525
165,"Максимальный уровень Пути Славы должен достигнуть уровня {0}, прежде чем вы сможете общаться в мире!","V/, v(z, 31",1112503420 982641991 1674195525
166,пожаловались несколько игроков поэтому его лишили возможности говорить!,"2Q, JY, \-, l*$",3549593042 451985485 38595645
167,Вы уже сообщали о этом игроке.,Y=,115442270 3488207754 2829676528
168,Жалоба успешно отправлена. Благодарим вас за вклад в гармоничную среду общения.,,4094595377 1502494372 803776116
169,Вы подтверждаете жалобу:,"1$, Jf, ep6",3627410926 2006171542 402017544
170,Жалоба на высказывание: {1}.,"c?, Fd",2762978496 2651571746 3692602860
171,Мировой чат временно закрыт!,"""*, 0(",1136207494 1055192950 3458004271
172,"Невозможно подключиться, проверьте настройки сети.","X`/v, mn",3266276932 1062594023 471352837
173,ВХОД...,"c`, ]c, 92",3257129149 2254696361 3447243139
174,УСПЕХ,E(',3621315015 737849761 1270286810
175,СООТВЕТСТВОВАТЬ,"1,, v6L~""hF",3312016470 866854991 4211033511
176,ОБУЧЕНИЕ,"RW, Ti",3724145701 2003892664 1886588433
177,Обычная команда,,2907926212 4207508288 3789878293
178,Обычная,">Fv, #f, |P",271374214 3686987344 3968947533
179,Ошибка длины имени.,,1429194305 4090128879 3579244112
180,Имя содержит недопустимые символы.,,298757592 3928824503 1340247284
181,Занято,"ER, Sx, j3",1154054058 3668010446 948179151
182,Неизвестная ошибка,,3954525523 781887593 3222161359
183,"Пожалуйста, настройте заново.","H , -=",2499637821 2605930632 1233785604
184,Через ежедневные награды,"fzvtE, t"", m>.O",1650166205 1916201938 2830942156
185,Из наград Руководства по Сезону,"yt, +ck",2710427818 809467717 1755035546
186,Через подарочный код,"9., ;6",1803010721 907169078 878729767
187,Через карту месяца,"7ze, *Q, z3",3198973570 1092329531 3580396471
188,Через сезонное урегулирование,j]1,1172616863 1145146704 532360114
189,Через магазин,"(jZko, ba",2585600703 2146658236 3830908992
190,Через коллекцию,"82, 0!",2542547526 2380618200 834174763
191,Награда за закрытый бета - тест,"HO, a<",1989743164 2564452603 1481943260
192,"Пожалуйста, разблокируйте [{0}].",tq,260266788 2474616988 1300509277
193,ОСТАЛОСЬ ВРЕМЯ:,,214052938 2209402401 196975690
194,КУПЛЕНО,hZ,3927861262 1993972531 1016270431
195,Получил,#jpE,1747976368 508618488 3893355896
196,Срок действия,"?=, 06V, 5V*",1368409936 2635748641 3148881086
197,дней,":T, RP, -i, 1[",6040001 765289891 2664144994
198,Дневной лимит {0},"Hx, ZG",2953824108 2943050645 3859692356
199,Лимит {0}д {1},"bO, w$",1471234581 1981873983 1082073211
200,Ост. {0}д {1}ч,"=uP, C=*, TI;Ab",2469397531 4066380727 1248780464
201,Ост. {0}ч {1}м,"9~, he, Ji, O.",2612986229 2903140296 352952527
202,Ост. {0}м {1}с,"i., M8, !_W",3843476391 274372608 2441919397
203,СЛУЧАЙНЫЙ ВЫБОР,Vh,2216742125 2148676061 2156835618
204,Случайно получите еще одного героя,"N4, ,+",39292009 334221770 1113222356
205,ОТКРЫТЬ,f/,508265690 2336837482 1089265326
206,В ящике с сокровищами,"2Pb, V/",3561231957 3597009852 2181314942
207,Конвертировать по имеющимся королевским сундукам,"Bu, Py",2687300280 879278887 1211398314
208,Товар недоступен для продажи или был удален,"B[Z, eu=",410369244 185912329 1671460440
209,Сначала разблокируйте соответствующие привилегии,"akq, On, [Q",569028395 2799190442 3767451521
210,Превышен лимит покупки,"-[, d`",3128744182 875083109 1059365801
211,Покупка не удалась,b>A^X,2132668040 660795864 2310911595
212,Установка не удалась,"6|, Jx, 7`",1599747622 2535887392 4256649986
213,Купить что-нибудь в магазине?,E9,4043623864 2294531535 3289733563
214,Получение [{0}]{1},"G#, `2(Z",2539936511 688364618 2361153339
215,"Запрос не удался. Пожалуйста, перезапустите","dv, dk",3573787810 538588790 756451745
216,ЭНЕРГИЯ,"+~[, [J",4107696499 3329003798 2682786399
217,РАНЕНЫЙ,"vW4>u, N\",1863770798 1605679668 3217421934
218,"Сервер на обслуживании. Пожалуйста, повторите попытку позже.","=\_i, ""$",3938792051 1749634539 2316548857
219,"Обнаружена новая версия. Пожалуйста, обновите сначала.","R%, Yf",2576433708 2553084094 1803253412
220,"Запрос сервера не выполнен. Пожалуйста, повторите попытку позже.","0u, x^q",1931534720 2837473118 1933632088
221,"Ошибка входа. Пожалуйста, попробуйте еще раз.","K`, VM",1481302495 1393474743 68940208
222,Ошибка запроса информации!,H),504004687 1573350683 1693838471
223,"Демо - тестирование завершено. Пожалуйста, играйте в официальную версию.","PQ, ba, h""",2825042473 916199019 3627090262
224,Вы заняли номер {0} в последнем матче.,"Ng, %#",2730248325 2670436457 1296974154
225,набрав {0} баллов,"xa, .c, d-",1414245479 3167978488 754620705
226,Командный бонус: {0},(L,2991895451 20514167 1490813179
227,Бонус за серию побед: {0}.,"B>, ~I",437944854 3185507117 3650876858
228,"Прошлый сезон закончился. Перезапустите игру, чтобы войти снова.","@l, Cu, N=D[, $X",165087239 2786280067 1295670160
229,"Недостаточно золота для битвы. Пожалуйста, сначала возьми!","8v, Kp, 7\, v*",1104604004 2828876959 2081919273
230,"Сопоставление не удалось! Пожалуйста, повторите попытку позже.","Gm, Tj, [Y",4286403709 3435813183 3762072687
231,"Сопоставление на сервере, пожалуйста, подождите...",9&,714191013 418979198 2308773350
232,"Не удалось выполнить соответствующий запрос на отмену! Пожалуйста, перезапустите игру и повторите попытку позже.","?"", Y07$E9PT",1534564151 2242338480 2890118782
233,Сопоставление отменено!,"U?@, cC",857803805 2060076029 950794641
234,Подходящего боевого сервера не найдено. Пожалуйста обновите до последней версии!!!,_c,2819595281 4044273484 2649969078
235,"Сопоставление не удалось! Пожалуйста, перезапустите игру и повторите попытку позже.","Z^l, eBg",862665949 202903620 4287794666
236,Соответствующий успех!!!,".og, sPf, Hj?, ][Z",2592486758 1687708791 3028381196
237,Создавать команды можно только в Лобби!!!,"a9, (To",3884908595 1381108690 3173707495
238,Уже в команде. Невозможно создать!!!,"6s, Sk-, . ",2686783140 3938754897 2563093125
239,Невозможно создать команду во время сопоставления.,F`,1076244824 2841433990 2941026724
240,Не удалось создать команду,"@s, a}?, dAq",3488244638 50456757 1434793134
241,Команда [{0}] создана,"}#, Xze",3100462795 3000867588 2644575016
242,Не все участники завершили свои сражения. Невозможно начать сопоставление!,"BE, Kv",547184123 156667014 316482281
243,Ошибка статуса команды!,"YQ, O/, pY",3491831075 3335779357 1190613096
244,Сопоставление отменено...,xo6,4244156955 35998499 334152559
245,Команда расформирована!!!,H{,2447225247 3115723880 915461497
246,"Ошибка ввода информации о команде. Пожалуйста, введите правильный идентификатор команды.",?c,3191654273 3027352675 739978119
247,"Уже в команде. Пожалуйста, покиньте текущую команду, прежде чем присоединяться к новой.","&>+, ;{, M_",3806516158 855498868 4060091435
248,"Соответствует, не может влиться в команду!!!","pW&, GQ",2643166539 4006134697 347271362
249,"Команда, которую вы просили присоединиться, не существует!!!",,3166533845 1509361942 1955750192
250,"Команда, к которой вы обратились, заполнена!!!","p1, l$",3867859249 2155083962 3378247028
251,Ваша версия игры несовместима с этой командой!!!,V>,3407849478 4140083061 1747801949
252,Команда уже в бою!!!,"P<N, pS",2450108705 1397524678 229292331
253,Не удалось присоединиться к команде,"PY, <-J, eu+",3345340022 206516087 2732065976
254,Присоединился к команде [{0}],"#n3%, yi, 6%",1193858091 2631800085 645319736
255,присоединился к команде,,3410654631 3503176525 3895445308
256,В данный момент не в сети,">H, OfL",3991743077 3233345536 3889298655
257,Не удалось покинуть команду,"DSJ, TnGy",1424718123 1691724955 2953044597
258,Покинул команду,"Y-, ~t*",3033487888 1210347999 1901027306
259,покинул команду,,3257883467 2024866223 2378895696
260,Не удалось удалить участника,"Mz, -z.4{gjh",4020436824 3123133795 49783083
261,Удален участник,:u,3561154690 1353994551 3661897673
262,Вас исключили из команды!,hnh,203894305 183797452 2914050904
263,исключен из команды!,"~$\, ls",3138446319 902052752 295511018
264,Слишком много запросов!,}:,2579284141 2359226088 19243009
265,"Пожалуйста, не вводите специальные символы!",em,3429229368 2868844878 223129733
266,На данный момент у вас нет команды.,*en,3138770127 1815974005 409320468
267,Не удалось получить награды Руководства по Сезону,"n:, XYZ<~",1659195723 2197822061 243955721
268,Покупка Премиум Руководства по Сезону не удалась!,"<6r, 6*, 3""",3223997635 2163417423 2914640445
269,Превышен максимальный уровень использования или еще не время использовать!,NA,1305640106 762880238 2220130318
270,Не удалось использовать предмет!,"'|\, sw",4052702786 2177249682 2433585516
271,Очки опыта увеличены!,#_,3794876563 1190753377 931771234
272,"Текущий матч не будет рассчитан, в том числе по использованным предметам или полученным очкам. Выход не влечет за собой никаких штрафов.","v]:W, c-, g3jI",529864472 2828325257 308616796
273,Был онлайн на {0} и в общей сложности набрал {1} баллов.,"/?, U3",70837818 1236031890 2174250389
274,ч {1}м,,1650807481 346174901 2953135861
275,Обмен не удался. Нет доступных королевских сундуков!,"iu, \L5",398899400 3538460521 996706076
276,"Открытие Королевского сундука не удалось. Пожалуйста, попробуйте еще раз!",",W, 9x, h9",2557104206 391927669 1424990997
277,Запрос таблицы лидеров не удался,"uL, SwX",1693826306 2760604216 834031840
278,Награды за этот подарочный код уже получены!,"*X, 6v",4107387051 1476178626 270427095
279,Неправильный подарочный код или он уже получен.,XW,962972857 3974697943 3214764683
280,Не удалось получить награды за квест для новичков!,"'5, zZs|",3107495790 3888779499 2804220846
281,В вашу учетную запись вошли на другом клиенте,r],2828623385 1684129586 57847803
282,"Не удалось присоединиться к матчу. Возможно, битва закончилась. Пожалуйста, перезапустите.",_5,2023088552 904172833 1539528770
283,Вы не в бою.,">q, qMO",3547763355 543736716 2358755152
284,"Переброс героя не удался. Пожалуйста, попробуйте еще раз!","{""",1014613675 1845226397 3269069502
285,"Переброс сокровищ не удался. Пожалуйста, попробуйте еще раз!","YJ, X>, h\~",4048123889 3913296833 315378089
286,Необходимо получить его после разблокировки Руководства по Сезону.,rZW,3430985345 2874103198 971238039
287,"Пожалуйста, не покупайте повторно!","#B, Ud",3973583469 3962501843 4015152670
288,Недостаточно премиум-пропуска!,,2837926933 4066875049 3627588779
289,Соответствующий успех! Подключение к серверу...,"]n, h]O$X",1582180403 2837784861 2795961130
290,Только лидер может начать поиск матча!,"|g)h, ,B2, 7~o",2136618081 1007733144 1280843674
291,Только лидер может отменить поиск матча!,"4C, VL",3816249247 4167981787 48210313
292,Ошибка статуса открытия,"Z$, }A",2610406529 2627757236 2253598071
293,"Пожалуйста, повторите попытку позже!","?0lz, :%2",2801444232 3932366738 1813662326
294,"В матче, невозможно войти в руководство.","PV, ;), \.",3635344454 3210654430 3233406261
295,"В команде, не можем войти в руководство.","N&`b, h'",1888515305 4069444071 2921584456
296,"Бой, не могу войти в руководство.",I'sM5,513633725 163141140 3236859473
297,Уровень вознаграждения еще не достигнут!,"\d, &?, t)",3830500326 4272556743 3495597362
298,"Пожалуйста, сначала заберите награды.",,1124906081 496359371 3291558101
299,Использовать 1,,1813923861 2274723540 2559154257
300,Карту очков Пути Славы,"rEC, %k, x ",4003135314 3287465397 2013785869
301,чтобы получить 100 очков Пути Славы?,"U_, Vz""",3999476727 759630803 3294692565
302,Хотите ли вы использовать один,"""z, ^2",3788502887 107747629 2401927999
303,премиум-пасс,"UF, gP/",3048007680 4123790328 1724790909
304,для премиум-канала наград Руководства по Сезону?,">g&, $7",3998941115 3287195861 1191966720
305,Имя не может быть пустым!,"NzTr, WYo",1674938301 708219760 3757958175
306,"Имя слишком короткое. Пожалуйста, попробуйте еще раз!","NA, &2",3819774758 2599648762 4121382357
307,"Имя слишком длинное. Пожалуйста, попробуйте еще раз!",,3466432783 859191753 1145614282
308,"Ошибка имени. Пожалуйста, не вводите специальные символы!",".>, 5eg, 5<",3899183223 285159924 1069626068
309,"Сундуки с коллекциями автоматически открываются при их приобретении, и полученные предметы можно просмотреть в разделе Коллекция.",+|,3238757941 1313774719 4266403978
310,Вероятность открытия одного сундука:,"3a&, )g&",3234530224 2324835095 4072432222
311,При получении уже имеющегося предмета коллекции он будет конвертирован в [{1}] в зависимости от его редкости (можно использовать для обмена предметов в системе коллекций). Конкретный коэффициент конверсии:,"Q>_,  <",3421135084 88300784 2600818595
312,Каждые 100 розыгрышей гарантируют один,"4f, Nj",2280969011 3367461396 3996691751
313,Хотите ли вы разблокировать Премиум-пасс и перейти в Руководство по Сезону?,f\y,856052264 2836416322 3199375007
314,Премиум-пропуск разблокирован,"r/, fm, w[",134030435 1950637496 1330296020
315,Эффект звезды ветки:,aO4N,3471123116 899490375 2995175764
316,Достигните уровня,"xK.D, C/",1701645994 2782557701 3219161913
317,чтобы разблокировать эту ветку.,,40658407 2787251471 3564624286
318,ТЕКУЩИЙ УРОВЕНЬ,";T, Lf, Sd",696530056 1309883783 1359315269
319,ВЫСШИЙ УРОВЕНЬ,"MS, DVM",2192199465 860360021 3445447946
320,РАЗБЛОКИРОВАНО,KLH,3190898312 2383662886 1032575171
321,ВЕТКА-ЩИТ,"y&.57E, .""",3341015975 4153883476 316819074
322,ВЕТКА-РАНЫ,"_9~, l+",962743604 2108590782 4219532371
323,ВЕТКА-Дух,"05{,gu, UK, Jg",679784682 1908444385 415435457
324,ВЕТКА-ЯРОСТЬ,MG,3954714117 1732695738 1021519141
325,ВЕТКА-УСКОРЕНИЕ,r)3,162202775 2322425637 2616934049
326,В собственности:,"{X, Oq",1641536787 4009894544 4226645016
327,АТК,";?, ~`, |7, -,",2259658696 1621653569 2175488317
328,АТК ДМГ,"..T#, t/",3584503761 2874137578 2232155963
329,АТК ЦНТ,,4136637203 696648657 2946844385
330,Скорость атаки,"'U, 4=",1522794046 2515475049 908752740
331,Крит,!gg,304186690 2093202365 4096747725
332,Уворот,"nH}""V, 7A",319873706 1089054097 2692498495
333,Ульта,Dn,1008295191 2430847950 3539021717
334,ЩИТ,"NG, !l, UrhM",566033096 2238364259 2721928599
335,РАНЫ,"@@sm8, XG, F"", 9W",2191658359 2754929127 2164288635
336,Святой урон,40*x,3376307932 3065279625 1548697575
337,Дух,"Tv, `VMEZ, /~",903228424 1297147741 2143091123
338,СНИЖЕНИЕ ЭФФЕКТИВНОСТИ,"{:, esU-",673808155 2426353794 2150446448
339,ДЕЙСТВИЕ ДМГ,"K{7, /9R, 5u",3380360874 1923632245 2284798040
340,ЛЕЧЕНИЕ,"pg, <5",762380625 1592840991 2289353576
341,НАНЕСЕНО УРОНА,"{], YSL)",3318518351 109139422 3520225130
342,Базовый урон атаки,"%W, cR",586926141 926527639 1630887654
343,Количество базовых атак в секунду,"bw, G:, d,, >G",4064688982 1900182336 608950848
344,Каждое очко критической атаки равно 1,"i^, <a~kW",3089107869 2264089224 344686225
345,КРИТ. По умолчанию только,"vUi, J>",1857009568 1871061319 3962557430
346,может вызывать критические атаки с множителем,"4V#,  !",1308547577 2981875233 2920678834
347,по умолчанию,Oo,3654439541 2805108531 1644423132
348,Каждое очко уклонения соответствует 1,,3109962047 707573638 2630030983
349,уклонения. По умолчанию можно уклониться только от,"(+, |wn,e{5\FN",3044008985 3636151935 3282104788
350,"Ультимейт героя, который по умолчанию автоматически применяется, когда Энергия достигает 100. По умолчанию герой восстанавливает определенное количество энергии каждые",,1598045790 3963843929 1149116224
351,"с, а также восстанавливает энергию при потере",\M6,268569126 2480461592 1636990381
352,"Герой автоматически использует Ультимейт, когда Энергия полностью заряжена.","tp, &[ a, wZP=",2365591744 1632817351 1206218963
353,Каждые,"h"", :d",3038498672 4214779738 1571664777
354,"с получает урон от яда, равный текущему количеству стаков яда, и одновременно уменьшает их.","bk#}, Vd, #|7",3696823762 728278982 1500487408
355,"Каждый раз при получении урона (за исключением священного урона) каждый стак Щита уменьшает 1 урон, а количество стаков Щита также будет уменьшаться, компенсируя раны.","jl, W'I*",3089988929 3749969201 2887977598
356,"Каждый раз, когда наносится урон (за исключением священного урона), каждый стак раны увеличивает урон на 1, а количество Раны будет уменьшаться, компенсируя Щит.","IQ, Li",2158524116 2640326877 2630068492
357,Каждый заряд,"MJ, p*0, nT, sC, =&",2819709926 1889459190 2468174174
358,Заморозки,T_G,585165485 404781974 2526133185
359,снижает скорость атаки и скорость полета снаряда. Стаки заморозки будут автоматически уменьшаться каждые,DZ&h),2871062541 912531208 1168948765
360,с. Противодействует эффектам,,1967715547 1671398026 863361626
361,Ускорения,"9y, xN",2973277159 3496595 532456004
362,От последнего истинного урона невозможно уклониться или нанести критический удар.,,3462446066 3835801715 1703524335
363,После изучения навыков ветки духов на поле боя будет вызван небольшой дух с 50,@L,851186340 2268647394 4064277154
364,"дух имеет душевную связь с героем, разделяя","r,, I$, @#",3257367597 1486974444 3835528737
365,"полученного ущерба. Если духов несколько, они разделят ущерб коллективно.",Fy`,3855190962 3171507268 4041524704
366,Потеря,"}B{, Ds",1108126836 1981165387 1535025068
367,увеличивает ярость. При достижении,"#m, r[",1948370655 1859229933 2695704458
368,он вызывает,,1935283815 519874352 3185169988
369,"секундное состояние ярости, при котором каждая единица ярости увеличивает урон. Ярость сбрасывается до нуля, когда статус Ярости заканчивается.","Wxj, oc",1130463104 1091272888 1689628586
370,"Снижает эффективность срабатывания эффекта. Если значение эффекта меньше 100, существует определенная вероятность того, что триггер не сработает. Если значение эффекта превышает 100, значение будет уменьшено на определенную пропорцию.","zl, (Y7^",55345357 130470254 3379614128
371,Попытка нанести урон врагам отличается от фактического нанесения урона.,"Fo, Rh1 ",2420226056 2518637383 2682312873
372,Восстанавливает,"""q, *a",3449283609 1652456396 226988315
373,Акт фактического нанесения ущерба.,,1972395709 2898070180 788746553
374,Абсолютное усиление,"5), =_v, E2",2468036430 3175081674 1320638793
375,зеленый текст в навыке можно улучшить.,"9ug}, /on, >eb",17176929 3756620808 3014200585
376,БАЗ.АТК,F>,4169187927 3968200058 2347581173
377,УЛЬТА,"S0P, ny",2995731962 3415599684 3231756198
378,КРИТ,,2916923477 4250071223 2754713932
379,ПОДЕЛИТЬСЯ ДУХОМ,"![YXK, gs, :l.",3011368918 1772618964 1082880606
380,БРОНЗА,"}(, jM",1939391129 593161426 3756037118
381,СЕРЕБРО,TV,2290843768 1251808883 3586729234
382,ЗОЛОТОЙ,"?2, 6Q:",1614010033 406651939 2485059
383,ПЛАТИНА,,918426281 856746954 3141495165
384,АЛМАЗ,"bKm2d, z8",1236659319 345119979 943270093
385,ВЛАДЕЛЕЦ,,1947581736 1939439323 3219832957
386,КОРОЛЬ,c=,547902078 1077601149 1295649436
387,СИЛЬНЕЙШИЙ,6<D,4187956892 687132329 27194224
388,ИНВЕНТАРЬ,"7F, '@, sj",473106461 1562518086 603774686
389,Постоянный,"v~^, 7L",3948411555 3087285244 4094863120
390,Сезон,"Pk, n[",3093980720 3741390931 1600135258
391,Истекший,"#CI[, <I, xv",3878735917 538809946 472889453
392,Очки,"%Z, T<, *X""",351373639 1981072125 1643267590
393,ЗОЛОТО,".S, &8sw, -2",1013993620 3081497000 4010459917
394,Опыт,,2945685149 613650092 3703666578
395,Азия, p,3109031035 3551456416 4117617416
396,Северная Америка,"ez|-C, 'Y, /(",1795130780 623060601 1808991246
397,Европа,"ce7, VG",700003236 2596808749 547229003
398,тех. работы,"M+@.(I, w!+&, gW",1650814117 774917853 4213500731
399,Отличный,"4L, Lp, WS$",2196137856 1738143596 2390316153
400,Средний,"X., nL, c7",313049086 243656838 2688239174
401,Плохой,L+n,4033161751 2806384995 2863708262
402,Статус серверов:,"o6, x#",164788612 586721471 18780087
403,Скорость сети:,":;, B&,, L{",3825375249 2903785665 3508378881
404,Мастер клинка,\F op,1335256951 3571334226 538964937
405,Инстинкт убийцы,uw,2885340793 3745684633 2930857633
406,Каждая битва увеличивает,"?1, y""o",2368552680 363476889 2796457817
407,героя на {0},.%=7bp,482880770 3331464769 1595789107
408,Штрафной удар,"v7, +v",4062605454 83417063 88116744
409,"Метает световой клинок в сторону врага, нанося ему ({0:",,4097226573 4063102620 871922118
410,Физ.урона.,6=,2846206578 246378099 1571374989
411,Скрытый клинок,,3076883022 4038200411 1501930058
412,Прирост уклонения,"l., 02",1291200087 4185632219 2514037318
413,Получайте {0},"bhm, 6o, Iz, MD n",1083461852 3429760079 2426152564
414,уклонения,":CPf, rY",4185779096 679686805 2416583059
415,за каждое повышение уровня героя.,px,702329726 1016891721 1336715506
416,Теневое комбо,Q0,997974922 893653576 2306830587
417,"Бросает 2 дротика, каждый из которых наносит врагу {0:",Er,1068640455 301208885 2452178082
418,"Маг. урона, и увеличивает",Xn,2236930195 44003112 85956285
419,Уклонение,,1445671955 1429519539 2885996644
420,на {1} на {2} с.,,2989982599 2884985810 1711093246
421,Яростный Командир,,3614489761 2032613105 880146016
422,Летальная атака,,3481247526 2490758787 333073134
423,Увеличивает первоначальный множитель,"}7W""Be, PV",2006192411 3381847296 327115466
424,Критического урона,"d9, PVEt, 8;",2252198883 3957867809 1305829024
425,на {0:,5U,760179789 871101836 2488412583
426,Взрыв бомбы,"}L"", { ",2236102855 1251031404 938883189
427,"Бросает бомбу, нанося ({0:",J(,205899426 1023483204 2605603342
428,Святого урона,r/,2527214421 353751365 3412954560
429,врагуи снижет его максимальное здоровье на то же количество.,"O1, ""C, ka",1367264081 876225550 2705195627
430,Король гномов,"T<, >$@g",1731612892 303297280 2701648544
431,Закал,$/,3884702197 1346309215 2789352862
432,нный в боях,6Q,2173222602 1787131979 1404153932
433,В каждом бою,"|J, 4%, >/5",980485847 583782124 3352677771
434,Макс.,,2112481204 3246779992 1236135752
435,героя увеличивается на {0},"""5, l~s*",2004551197 1377547359 2060567188
436,Молот бури,RC,1773358712 3834243197 2041795439
437,"Бросает стальной молот во врага, нанося противнику ({0:","jQ, O;, *W",1432282302 3070077799 3207508476
438,героя. Магический урон.,"C+I, !B, #!, LK",2266890522 1248236180 3011628814
439,Панда воин,"`x, [[",1419456522 182206934 3368664984
440,Пьяный защитник,";S, o7",2179723964 1003258427 2050891696
441,"Каждый раз, когда герой получает урон, есть {0:","h[, rO",2120811126 593314316 3463416602
442,шанс,wQ},2468319731 2091683595 1697269199
443,восстановить,"woJ, 9/l",4240475855 959772139 2845386641
444,уровень героя+{1}),"v2, ucJ",2396146170 3874667482 578307563
445,Тост единения,"w_, l!4",2107326407 4072446548 1158279916
446,Мгновенно,H\4,3523887572 2786532451 4170189715
447,восстанавливает,"|E, 0Z, =U~",919520408 101311592 3876354276
448,"бросает банку с вином, нанося противнику {1:",">`, ,U_",4152272698 3765413270 3741332726
449,Маг. урона.,"oB,, f:S",4213950873 2233996010 2772457848
450,Мистик,,4203769314 3000235541 1754498696
451,Запас энергии,"3lS, H@, d/<",3772003398 439262593 2604097696
452,"После начала боя каждый раз, когда","]JxK, My, AP",1861013893 1296571735 2964910796
453,"используется, урон",'x,1292413180 788048087 1308947773
454,Ульты,,3491578048 1932039098 3667994840
455,увеличивается на {0:,,3403086143 3667247464 3994367583
456,максимальное увеличение - {1:,N^,3830319409 2101481445 3025711518
457,Магическая сфера,"X], ?'",3925097231 2642737106 128441207
458,"Призовите сферу, созданную из энергии, которая летит к врагу. При попадании по врагу наносит ({0:","l,, + , g\",3723083580 2011776638 3878468058
459,Уровень героя,g*e},2037932239 231291057 1605604171
460,ед. магического урона.,,2664782983 1378453595 479194613
461,Ядовитый маг,"bB, ~q#>",200195156 2356557183 783808171
462,Глубокое отравление,"pk, i\",3355698854 2283237783 1066895684
463,Увеличивает весь,"cHV,x=",739779878 2566261285 1325689092
464,Ядовитый,OUX,3332711874 2820483750 612644787
465,"урон, получаемый противником, на (уровень героя","S6~, 9;, -Zx6Q",997845226 2522284063 1189344547
466,Концентрированный яд,AJ,3871298741 1833901920 1276857868
467,"Бросает токсичный шар, который при попадании во врага наносит на него {0:",,349684118 1679834592 827303822
468,стаков,&p,3679452651 1808041074 3806835758
469,Яда,"*L, *CL, 1|",2955184592 2062755638 2429125298
470,Ледяной владыка,";I, [h",2230119313 1537835258 3807886139
471,Глубокая заморозка,NdX,1555351898 3323696879 2783076103
472,Каждый раз при наложении {0:,"F>, /@",2466119479 379641712 4106950074
473,"на врага, случайно замораживает и деактивирует {2} летящих снаряда противника.","`@}D*, <`L",1439217182 3543208872 3048446577
474,Метеоритный удар,"x=, FE, :J",2613408795 3867761635 272865088
475,"Призывает ледяные глыбы, падающие с неба, оглушая противника на {0:","v;7, [}",486300388 3619487715 4000033239
476,с и нанося {1:,"_{, Cg, Jou",177933561 2433038443 2407886952
477,Королевский рыцарь,"AS, ;t, FjE",2112207587 3592963733 2847013069
478,Доспехи знати,"tP, 5b",851388780 4249036041 3474972441
479,Уменьшает естественное разрушение,<0D=,1500588972 1704514794 2527533793
480,Щита,bqVj,1198750761 3464277828 2079143291
481,Владение щитом,"-`, KSk",2917450240 1590480174 1051158144
482,"Вызывает стену щитов, которая да","vl_~, KTA%-",285311892 927140860 250761877
483,т {1:,"#i, >Qc|",3263263916 3928582910 3285421366
484,"каждые {0} с, длительностью {2} с.",,1439077274 410391673 2638820323
485,Апостол хаоса,"Z:3, nq",2932298149 259610528 209827233
486,Вторжение зла,P-xv,1556148510 3894720747 1344180524
487,Когда здоровье врага падает ниже {0:,",5, ]{",4078069381 3448137276 1355300741
488,мгновенно наносит ему ({1}+уровень героя{2}) стаков,}t@a,3037115022 1926299941 531094867
489,ран,";.UK, `l",3892983272 815642753 2297593748
490,Может быть активирован только один раз за бой.,"$b, eb, e,o, a9",1684665798 1299841232 2412613687
491,Сферы-близнецы,"_}, `R",3614127379 2498932813 444986189
492,"Призывает две сферы атакующие врага, наносящие {0:","7g, DZ, m%, RY",3388533033 2061446470 229463303
493,Физ. урона и {1:,,3675589385 1189224986 1222170510
494,Маг.урона.,F;,4217234750 2431410601 1156665654
495,Чумной колдун,"tq, %A",731943613 640688117 436633127
496,Ядовитое исцеление,"5he, dU",3479196152 321130136 2115966783
497,"Каждый раз, когда противник получает",ACR,3884432267 2069607053 2876444646
498,"урон,","!Q, Fo, vOBX",1867701455 3496285300 3753530439
499,равный {0:,"g{', +s",3067507089 635194330 1522759132
500,"от этого урона,",,2461699348 229712319 665280283
501,минимум  {1},"Fs, z9",643596828 2115163101 1410657465
502,Эпидемия чумы,,909875640 1756366603 3562074723
503,"а также бросает ядовитую бомбу, которая наносит {1:",]}dJ,530515586 396964549 1496611270
504,на врага.,".$, 4y6, 2\>?",1755756723 337490141 3097166955
505,Воин племени,C:[,2934850364 564545742 696188325
506,Улучшенное здоровье,N=,3683300714 1667474242 2697510701
507,Каждый уникальный навык,">_G, efr, Xlo",15717222 3611680343 2651818507
508,ветки щита,"o{, 8p",3086456004 1869433288 2325428456
509,увеличивает,yE7,339768186 2422944461 1762157541
510,героя на {0}.,"6!, FJF, sg], PB, *'",1431143266 1466802902 3196122276
511,Щит здоровья,'xj,1920842493 3883357624 4092331358
512,Мгновенно дает (Макс.,"Krr, .47, hM",3859789930 4285346564 2727834828
513,Героя{0:,"bG,, w3!",1124143482 2511529972 793856815
514,зарядов,"la, Fx",1470323622 2662325019 2482874769
515,"бросает боевой топор во врага, нанося {1:",,1861882620 4017816478 1162933723
516,Физ.урона..,"%!aQ, WB",969114128 3405174955 3956583210
517,Лучница на тигре,"R', !z",2548600587 1422345427 2274087448
518,Благословение луны,qd=,3268236148 953406308 1217212714
519,Каждое применение ульты увеличивает,"UK, ""~w",2500869331 1588055996 1786177753
520,длительностью {1} с.,"Q_Z, 5$I",1421334140 3502742028 3596417756
521,Лунное перо грома,"T/, 3L",3153803236 1064416694 3207068127
522,"Призывает молнию, которая мгновенно поражает врага, нанося {0:",Wp,4275390389 3785973882 3742122880
523,"Маг. урона. Кроме того, увеличивает собственную","5[H|, f=",2538688218 531989309 3963712202
524,на {1:,"h], D`",2284120505 2224536184 1723205848
525,Этот эффект может суммироваться.,,994659902 17201029 1821508687
526,Теневой демон,,2650087015 2005740023 2056815273
527,Восстание зла,"Iy, D>, `f, b.",3754555787 3736893740 1643104228
528,Во время битвы увеличивает,\~,902072213 1385916657 3608636952
529,"на {1} каждые {0} с, вплоть до {2}.",,2611342557 3056648677 3705667592
530,Штормовое разрушение,"WU, lM",3563789441 1261915461 2163833039
531,"Вызывает бурю, которая обрушивается на врага, нанося Маг.урон, равный (","ub, UF], Or",4157842404 4232054433 1836869443
532,Королева наг,=j,1248737114 264666931 1880179437
533,Замораживающее проклятье,"_\, Zi",939507433 596869632 3848337377
534,Каждые {0} стаков,,457563370 951915418 2168601370
535,"наложенные на врага, дополнительно накладывают на врага {1} стаков","pzX, 6s, d#}VE",3958311606 2090869902 1931858745
536,Ран,h/,3192942903 3579677929 275689529
537,Ледяная бомба,",I, `@, yV",331346182 2127780630 1746588782
538,"Запускает {0} ледяных бомб, каждая из которых наносит {1:",A?v|,740361416 1209914536 2232396004
539,Маг.урона при попадании и накладывает {2:,"c>, gy, m>",284269259 2813659218 1874112668
540,Вождь минотавров,[f,2873046487 805546311 3051836779
541,Доблесть крепнет в бою,[$),2709885148 2002224379 3846009590
542,"За каждые {0} единиц, на которые","Y*, FE], X&`",341971790 4241392112 882207393
543,текущее количество здоровья,"\`, Gj",3808414780 2247635277 1654975330
544,героя меньше,d1p{G<^,3257344059 1452659736 3139782748
545,максимального количества здоровья,"wc, 1M",3753187068 3506566392 694544881
546,увеличивается на {1} .,"m., =ZS, ea, ?\N",835019077 941196084 1393891388
547,Ударная волна,"Xu,  Uw}, ~g",3025858504 2541533911 583216532
548,Выпускает в противника {0} энергетических волн. Каждая волна наносит {1:,(=,2183041706 2511069553 4070505846
549,магического урона. За каждые {2}  единиц,"]}, nC, k.z",943338655 1421335064 389930330
550,дополнительно выпускается одна энергетическая волна.,ro,1467269941 3095113589 570024320
551,Тиран ледяной тени,"/N, eG, ]:*z",1852495232 2841380658 1656137616
552,Пронизывающий мороз,+2,2081058173 4093933286 292427689
553,За каждые {0} стака,"h\""%>, R`, g(",2703600136 677257956 3066477696
554,заморозки,lD,22429706 1986805320 4110522262
555,"на противнике, ваш","|_, G#",2292709046 1613877049 2756205675
556,урон от критического удара,"F/, ^0j6, ss",2093503332 3200720390 925524170
557,увеличивается на {1:,"WB, 2!",7450773 2751666653 1899987916
558,Ледяная клетка,"q^1, qrk",393126788 427071377 3653935655
559,Обволакивает врагов льдом. Каждые {0} секунды накладывает на них {1:,"':, (*, R|, AE",4255634840 2180519452 2391100566
560,"Физический урон, наносимый вами, гарантированно будет",,2760797238 3123382056 598276711
561,критическим ударом,b0,1840721458 2528592208 4068764768
562,в течение {2} секунд.,"eJV=, .L0T4/s, i#",2542103119 907799627 897993096
563,Паладин,,3694673195 3156682415 572821418
564,Отвергнуть зло,,2340186809 1458601413 2984944963
565,"Каждый раз, когда противник применяет",,2810845885 2327972884 1499304255
566,Ультимейт,F1,1723936127 1369611124 3375186665
567,есть шанс {0:,"}f, -z, m\",3908008809 655859219 3811536839
568,наложить на героя {1} стаков,g),3962573561 3389824370 4290398207
569,Священный приговор,"[M, PG@",131381123 232079419 426553440
570,"Призывает священный молот, который спускается с неба, наносит противнику ({0:","Pj, $f, Dt",3744265460 265981290 1429955661
571,Стаки щита,"`1, vt, h6, F>",603350922 2759185397 1929069712
572,маг. урона и,"""nk<<&",1905104627 180388933 3339518143
573,равное {1:,V),3769972876 3274908732 1751881408
574,от этого урона.,"@T4, #}",592869829 1241635578 4161357991
575,Астральный маг,"M3i, NP, |W",231573704 3012004031 3418101431
576,Высасывание энергии,"eT(, w~, s+",2775410025 2596242170 1048047630
577,"Каждый раз, когда герой получает Маг. урон, есть шанс {0:","S^h, H~>, N&b",3504884436 3014645625 224640145
578,восстановить {1}  ед.,"R\, C), /Q",3506306724 3188909463 1444047970
579,Энергии,dk,1199789963 801762243 1553047450
580,Суд Ворона,"12, 5Gs, q""\~",3687502888 1374483371 2629283824
581,"Призывает ворону, которая атакует врага, нанося {0:",1F,2481768991 3962597909 4257918075
582,Маг.урона. Каждый {1} стак,"|F, +2",441556703 2642225609 607982778
583,на противнике увеличивает,"K15, vb, ]f",1798847165 2379706852 2260177464
584,Максимальный урон,L\'a1',767164786 1371590853 1061773338
585,на {2:,">*EO\, ""B1",3015868850 3072829099 408913582
586,Теневая убийца,:%,2768455104 2633301036 4165725007
587,Кража уклонения,"Gy, .l?x, lH",2889196673 2965238997 3266260565
588,"Когда начинается битва, крадет {0}",qe,3172580488 141585804 268412903
589,Уклонения,";|, S4",3290273189 378795679 3177719519
590,у врага.,od,490707307 1534244090 2053085634
591,Колесо мести,"6',  j,  N",1095891089 3367928702 3539202589
592,"Бросает во врага ядовитый диск, нанося {0:","]o, my:, .:",1021636071 3369545498 3028537519
593,Физ.урона. При попадании наносит (сумма,"Z(7, a0, ~2",4001451451 33191256 1271628852
594,обеих сторон{1:,,2133400042 3061643228 664057253
595,Лесной пророк,"bz, ZQ@bk]",546867148 2017846337 2673071979
596,Аура поддержки,"hp, f>A, cO",2168854424 2520324011 4287125441
597,Духи,"M], I%",3697995078 495565247 3568320898
598,"получают урон,  уменьшенный на (уровень героя",,2637430201 667369020 2679950417
599,Опутывание,nDa,2425668627 4079292248 2625713420
600,"Призывает лозы, опутывающие врага, наносящие {1:","Dh, Oi, ##",829823606 920761617 2733888998
601,маг. урон каждые {0} с в течение {2} с. Каждый,"SQS, )h",1855215143 1859389970 4033695626
602,дух,,1268126234 252023217 3217837834
603,на поле боя при использовании ультимейта продлевает продолжительность опутывания на {3} с.,"jA, +xmB",325686029 1986198897 1037209709
604,Повелитель хаоса,"v8M,2Y",1412043349 2679049874 1076818919
605,Трансформация зла,b>,2371271914 4148922767 3578177801
606,Когда,,4198016884 2410658618 2867518269
607,"умирает, он накладывает ({0}+",,2300854179 3364255812 1462898164
608,духа,"Xi, Se, #[, a{",540529017 1971022148 972826223
609,Приказ подчин,^f,2886405343 1714634437 4193292394
610,нным,"tC^, ?vR",2349172373 1179401657 3249474885
611,"Призывает метеор, который обрушивается на врага, нанося {0:","BbK, Dh, 2*",741485246 61589191 1342494288
612,Физ.урона. Если,fD,2382761085 3141356745 3250757456
613,"жив, призывает дополнительного",,1372084375 197171977 2119911917
614,с ({1:,5e,77622682 2118270435 2419897346
615,Уровень Героя,CZYW,2593258205 3208222217 1716049344
616,Всадник на ядовитом драконе,"l3, IW#B, Aq",514177609 3678417301 1927758172
617,Погоня за победой,"#""",2073179787 4170681396 1108706866
618,Увеличивает,"0T, d/, U1",736556235 1756669081 2154392618
619,за каждое уменьшение на {0:,"{N, P ",1015722140 1774698839 424478233
620,текущего,"Iv, ~~8",2785523283 3293590131 759051493
621,противника по сравнению с максимальным.,"y)?, e[a",284887131 4050179400 4268632122
622,Свирепый шторм,"9Tl<*_, P/g, l1",2425049218 4197002333 3825695193
623,"Вызывает яростный ветер вокруг врага, мгновенно нанося на него {0:","{/, A|, AF",4215437997 1053059894 3371242479
624,"В течение следующих {1} с каждая базовая атака, поражающая врага, наносит дополнительные {2:",wT=7O,3532115047 1183299875 2069996847
625,Маг Льда,"7i, /\\+H",2522355511 42646556 3971193996
626,Ледяная мудрость,"e^, jF, >Z",3121963352 3537323434 3130111746
627,Когда на врага накладывается,'d,3133187109 1063731912 2862093257
628,заморозка,"8r, t=, .N",653042422 3306229368 251583643
629,с вероятностью {0:,"""z, 6$!, Fp",1740580998 2631491608 3025314735
630,восстанавливается {1} ед.,"7tM, -1, Q{FpN",4016250756 17777083 1612722684
631,энергии,d/,1234329190 1435437226 3478836213
632,Метель,"*L, IR}",383671249 432476751 2727494207
633,"Призывает {0} сосулек, падающих с неба во врага. Каждая сосулька наносит {1:",yl|,1355744306 1318169245 635720643
634,единиц магического урона. За каждые {2} стаков,#h,3118513044 4007994579 2905827394
635,на враге дополнительно вызывается {3} сосулька.,"R;, pfC, m[",2636262625 4082584570 847610015
636,Алхимик,"Cx, zapLN",1973034613 3268171408 1612770833
637,Кислотная бомба,"w\, G:",1785396397 1569778153 2659131393
638,"Каждый раз, когда герой совокупно получил  урон, равный {0:","3:, [*, uv",3624240621 3601239463 4200379764
639,накладывает на противника {1} стаков,,1854189901 3724219569 1025061519
640,Химический шторм,}x,1596597487 1334258536 2683468935
641,здоровья каждые {0} секунд в течение {3} секунд. В этот период все наложенные,k},4189495569 900651700 2959537298
642,дополнительно увеличиваются на,XFQ,3082870080 4227648367 3165369101
643,уровней.,"An, M>K1",3828408753 4063279337 3218559270
644,Бог возмездия,"\kX, T_%7$",2575393617 1055375624 2215831996
645,Восходящие Тени,m>,4280802601 945704443 1859574628
646,здоровье,"3"", 2O, 3T",3205067440 1336868150 1269746888
647,героя падает ниже {0:,"6<, vT`, /xs",1481297028 2487747619 364881173
648,уклонение,"1m, (Q",3903112362 3518649580 814848733
649,на {1} пунктов.,,1350171850 1234521194 1080432589
650,Теневое Покровительство,"'B, _n;, Ln, k~i,6",1713411961 999911738 1702774912
651,"Использует Теневое Покровительство, чтобы получить","|gW, U@, pT!)>",332186536 3681487927 1774461283
652,Щит,<s,3008938817 4243857903 3995391520
653,в размере (,8{,3417861211 3106810136 3707741690
654,наносит противнику {1:,:^,2288206707 2323333921 1530562014
655,Духовный священник,"?D, cf9",2168094959 95953397 492691814
656,Теневой сдвиг,,1905749862 1728054059 4218693023
657,Когда присутствует,"}&, cG",477474856 3105648610 2635697382
658,Регенерация,el,3696751645 2785316279 1906736794
659,героя уменьшается на {0:,4',1915225467 243907829 1269009534
660,но каждое,yu,3190631799 40039068 1511182364
661,восстановление,c%Mz,309361835 2091149903 3241179065
662,наносит (,"TK, c?",1216147507 2036833148 1528934831
663,Количество регенерации,J_G,2899945736 3955657650 3521266177
664,магического урона противнику.,"v0gs, M=X",4281374911 3593016067 4165231823
665,Стрела боли,,3480176098 682330539 2338675705
666,"Выпускает теневую стрелу, наносящую противнику {0:",QH,922602527 2999856772 3733653533
667,магического урона и уменьшающую восстановление противника на {2:,"~}Z, ]"".",1583449415 275788205 1577034635
668,в течение {1} секунд.,Q.,3746183821 3708138933 3788978290
669,Гоблин-инженер,"5q, ]}%}gC",84835929 4106588406 2648380240
670,Инженерное обновление,"q1, >kH,",3502999820 1097906892 1020879254
671,"Увеличивает магический урон на {0} за каждый уникальный навык, которым вы владеете.",/*++,2076495358 767588508 3862718727
672,Огневая мощь,"4J, 1!",3170594979 863810236 1996530397
673,"Выпускает {0} ракет, обстреливающих врага, каждая ракета наносит ({1} + уровень героя",zt,189809662 56414676 3827496838
674,физического урона.,"x/O, \^",3359075111 4123884979 3871995539
675,Разрушитель зла,"""Z, X)",1899588067 923164084 855657626
676,Обнуляющая атака,"39, NXu",3963603206 1876920058 1579404897
677,Каждая базовая атака уменьшает,F0C,3916080777 3276911130 310235999
678,Энергию,"lofo, M{",1825751663 1145530182 1787819903
679,противника на {1},1N,3588060870 4214703282 516842578
680,Взрыв пустоты,.7:,2519868979 778357519 4205413829
681,"Концентрирует энергию пустоты для удара по врагу, мгновенно нанося ({0:","Z5, TZC",3992734590 1683405188 3077415604
682,Уклонение врага,,2646923681 2073456026 2513794715
683,аг.урона.,"F>, Bk~, pv=""+",3004093120 3899463050 2944866467
684,Огненный Джинн,"@A, wl|",333271406 1574145742 242075932
685,Зацикленное заклинание,m~i,2430448668 1085490120 1618677421
686,У ультимейта есть шанс ({0}+,"DypR, :,",229485792 3116583574 3863223321
687,крит,6Mm>,3329460496 805163648 1754835368
688,"сработать повторно, вплоть до {2} дополнительных применений. (Повторные применения не учитываются в лимите).",qz,1626291482 3100060539 468722131
689,Огненный шар,"LbJ, we",216492459 2418252360 784710328
690,"Бросает во врага огненный шар, наносящий {0:",)*,4280274769 3726923077 1211172064
691,Маг.урона и оглушающий его на {1} с при попадании.,"D~, =L",181079601 2005587892 1653601495
692,Гигант из глубины,0A,3786203219 3299188143 785953838
693,Упругая кожа,"p@, yH",581217414 2485741828 3387492451
694,Каждые {0} потерянных,lK,1585515761 2324389374 880704370
695,снижает количество стаков,Ou,3266590834 3327597639 3542626187
696,яда,&v,3742056146 2291149893 416503268
697,на герое на {1} .,"!`, ,""+, rq",3829366675 1507989441 667789110
698,Нарастающий прилив,"iz, u|",1627592207 1935086940 2316124386
699,"Вызывает водяной смерч, охваченный грохотом волн, который поражает врага, нанося ({0:",,2254995061 443553939 3167416760
700,потерянное,"KB;, /hJ, :fN",206010571 1397287966 1100717027
701,Маг. урона и накладывает столько же стаков,$Y+,712561131 3160204449 1775317393
702,на противника.,}{,2343718719 1596187605 3711707696
703,Ядовитый Гриб,"Xj, ,_h, QHZ",3240064994 1157987768 2939304413
704,Активный Токсин,,3017461512 1918871118 598711811
705,"Когда на поле находится живой дух, враги получают дополнительный","1V, jRs",2749007962 1301536569 4265803498
706,урон от яда,"sP, W^, qR",2191172727 2540906404 3930987839
707,равный (,"Ty, COi\",1917641319 448665292 935791935
708,текущее здоровье,%-K6,1948617870 3662778057 1779830010
709,противника,"lR, Y/",1279201418 3941830513 1264410219
710,Едкий Яд,"J!, \*4",2079794606 391122717 2192976999
711,"Сгущает яд, наносящий урон врагам, снижая их",D!,3412852279 3329487886 1299573220
712,скорость атаки,"cI, f!",803957481 714151100 2330609268
713,и накладывающий {2:,"zvR, d@AA",2113733749 37451560 677834791
714,каждые {1:,,1880248376 105558027 2982666403
715,секунд в течение {3} секунд.,"FQ, -uyd, }{n*s",2663862404 675339968 2816010973
716,Древо-защитник,)\8,114976388 1809795190 1319212336
717,Колючие шипы,;W,772364562 2653844117 3953611093
718,"За каждые {0} урона, фактически заблокированных","[Zu, 08q, ""}",2899565658 1252764558 4002795665
719,Щитом,Y&,2810685323 3574471478 3447429295
720,выпускает энергетический заряд во врага и наносит {1} Маг. урона .,"NW^, -*H",587662416 729810338 2522346428
721,Охранник природы,zP7,3124491770 3372096384 977883444
722,Вызывает,tb!f,499370815 513081733 598373273
723,с {0},",v",318312605 692720069 3201255084
724,т герою {1:," n:, mFg",3031114636 259921166 1101501432
725,и уменьшает,"%js, Oy",4059513035 3366426854 1442219734
726,Долю урона духа,"#B8, -z",1125988818 1904716521 820257352
727,длительность {3} с.,,927901501 397348215 2336297897
728,Лунный Охотник,,1503328801 869715409 3928385762
729,Пир Охотника,"CA8, k', G[",322788145 1149512283 2184198362
730,"После попадания обычной атакой по врагу наносится дополнительный магический урон, равный (","4qx, q[, @D, vg",979280432 4148578105 1023103632
731,вражеского героя,">~K,  ^R*A",333376313 252402664 3765599314
732,восстанавливается,"%,, O3",4108077725 3638500374 365299593
733,такое же количество здоровья.,"Eg, 2w",2001587003 616908358 1425627231
734,Неистовая Стойка,"j:-, ge",1914231626 2969437439 3935749090
735,"Входит в неистовое состояние, похищая у врага {0:",CIc+,3673858328 1168457832 4139145817
736,скорости атаки,^X2,3873110801 83184603 1379779430
737,и увеличивая эффективность,Uq,4243991315 987712741 3451103428
738,восстановления,,3617272791 3352720866 547234963
739,здоровья на {1:,"cM, Gd",2251280883 4292500969 948355301
740,на {2} сек.,"Kne, kP, 4P",2277982594 2313384112 732748561
741,Лесной рейнджер,"?K, wA, >%M",1024492771 3136548197 1021626877
742,Град стрел,,4122043048 2381461585 1932729566
743,"Выпускает {1} стрел во врага каждые {0} с, каждая из которых наносит {2} Физ.урона. Когда применяется Ультимейт, он сокращает перезарядку града стрел на {3} с.","[c, [Y",4130564096 1044089599 2490760543
744,Скрытая стрела,,2592284094 1775795919 1553101545
745,"Выпускает световую стрелу, наносящую врагу {0:",")7J1w, gs~",2329875600 3261717515 3306792879
746,Маг. урона. Уклоняется от следующих {1} физических атак.,Z},2556804509 1586937454 1505472247
747,Чумной Доктор Скелет,"=t.z, ]""^",3642182136 2651087921 3842445190
748,Костная гангрена,"-4, +i{%, v;R",3124847925 92887354 69013523
749,При наложении эффекта,,2477781129 1412016651 3374882067
750,"если количество слоев больше {0}, дополнительно накладывает ({1:","hU, F3",4092952007 3305228128 4083781836
751,уровень героя) слоев эффекта,"9ll, .-?[, |&s",2415916646 723320098 913399004
752,Костяной щит: Отдача,",2, tPB",885360440 374187796 2425710914
753,Получает {0:,o^,245476791 704387359 475845437
754,сл. эффекта,"*{.&, fG>",4080090853 3518014831 2206849911
755,и переходит в состояние контратаки. Когда,"Y@, d9&",1187849594 2620572924 896773406
756,"расходуется, на врага накладывается эффект","2I, _uA",355413762 2292889326 2537443374
757,"в количестве, равном израсходованным слоям (но не более {1}), на {2} сек.",,38398551 738634298 3098998657
758,Кровожадный берсерк,"1\e5, b~, Pa",1225138632 4121850040 129603979
759,Разрастание Плоти и Крови,"VTK^, f|,, iM",3075906328 1725244395 1272149019
760,Критические атаки,".N, Z+",480766410 3669743522 366339020
761,крадут у противника (Ваше Макс.,"ta, <> , `=",2403855373 2859804234 1773104101
762,единиц,"->, B#",1543008446 1426757632 2834736662
763,Сегментация плоти и крови,u{,1232152510 3307734764 3123919466
764,"Призывает острые лезвия, чтобы разделать врага и мгновенно нанести ({0:","*Un, 8haJV",3934523718 1994582631 3310305010
765,разницу между,Rf,1306461148 199039992 1738503874
766,максимальным количеством здоровья,,1616930830 2870971835 1709316139
767,сторон,"""V\",2235447030 3799099413 3249885850
768,Яростный маг,)c,961788106 2304164522 899368196
769,Тактильное воздействие,"SIY, hy",4200044533 3694513021 1612414113
770,врага,"O""`",869621361 599617291 90417545
771,падает ниже {0:,,2360778307 2794665342 1881230733
772,каждые {1} с увеличивает,"K>, xt(",80763619 4195292986 635882998
773,Ярость,3]D,1469717722 679546851 2198346324
774,героя на {2} в течение {3}с. Может быть активирован только один раз за бой.,"gu, fp",878397823 364907975 3438975783
775,Луч разрушения,"=O\, SD",1380604622 980824889 3685790470
776,"Выпускает луч, заряженный разрушительной энергией, наносящий противнику ({0:","J9]s, _$n",2790140400 2385712023 2627388857
777,сумма ярости обеих сторон,"qE, ];D",2326280233 3257081509 2903008075
778,Пиромант,,1396541637 3241606292 630004336
779,Раскал,"P#, \^R",3844829590 1179030521 2657436784
780,нная Энергия,,3533303085 2101205034 3976602478
781,За каждые {0} ед.,S.l,634985303 1960295471 3756788827
782,Ярости,VW,463527153 232839759 2340824843
783,восстанавливает {1} ед.,,626886552 3228871102 2961416202
784,Огненная Комета,XA~_,1612845349 2743223444 2982775727
785,Наносит врагам магический урон в размере ({0:,VS,2485093631 3452441870 3956317921
786,Текущая ярость,"j|_$, TY",51229231 4021064902 2268614743
787,Багровый Клинок Шура,"pP@, }X",3088387153 4050824501 776494415
788,Ярость Шуры,"Te, !>, is",3529720311 4134662247 2532053839
789,"В состоянии ярости получает бонус к скорости атаки, равный бонусу к урону.","N!, dp",3114457707 811066556 243751872
790,Серия ударов демонического клинка,"*"", h;",2822093208 2511290415 3381943525
791,Зачаровывает оружие. Следующие {0:,"w7, q>",2336752982 3066131621 1798113949
792,наносят дополнительно {1:,+Z,1619852043 1131752616 3848714329
793,маг. урона и восстанавливают {2:,"Y"", u(",2315638499 4139235551 205889755
794,при попадании.,".|, to, 4x",3608285759 1715226517 1478416717
795,Сшитый бегемот,"!go, 62",3813331327 449743712 763226966
796,Изменение плоти,ZC_,3393844553 2165580490 104887422
797,"После того, как","87, {h",1687094668 148216921 4055635791
798,"умрет, превращает  {0:",/0,3535370280 2876445127 2665216348
799,героя в  нового,{x(T*,236132033 373003573 2080220382
800,"Изменение плоти невозможно, если здоровье","&>, xE",3985966890 2923991661 3255967612
801,героя,"=q, {i+, <U",1283507373 2946119843 3040409725
802,ниже {1}.,"x]i, q"", BE",2773682321 1783546989 2304262456
803,Призрачный удар,";#, ,-",4182010234 4054803414 3639661226
804,"Посылает ударную волну, наносящую противнику ({0:",-j,1023726898 2945946759 305997119
805,Количество духов,O>B,832151197 3695948867 3450322143
806,вызванных в этой битве{1:,"50&, s'/-@, E$",1134229445 3497216355 3248499792
807,Тихий страж,"Vg, G8",2057392894 3751853491 1244525710
808,Поднять щиты,"[-, 091, np",2487721062 721084281 1371413144
809,В состоянии ярости каждый стак,"8R, Xr",4143264876 2884659062 2566723730
810,щита,Gw0q,815696507 155656917 879319613
811,дополнительно поглащает {0} единиц урона.,"rR, G`",3970331656 1930974768 447229124
812,Псионическое эхо,"FyuV, ]G",2244821254 1328084448 1820536106
813,"С неба падает концентрированная энергия, наносящая ({0:",2o,3256061443 1708150762 2216622954
814,фактическое поглощение урона щитами,#5pO3,1660687566 2424464498 1563692097
815,накопленным между двух применений ультимейта,tc,1113837185 2231411210 2634573616
816,единиц магического урона противникам.,"$5, ?{",2031201079 3935838365 573901881
817,Капитан Пингвин,"-1, :u",4067356698 2477868323 2323882780
818,Холодное Питание,0 ,2061503350 1510131021 1203566606
819,Каждые {0:,2GL,825343838 65764681 2574044192
820,секунд,"(TcPC, vy",588086321 2343440686 2933860652
821,стаков заморозки,"-kD, Uy\, ;/%(",2918614232 958510205 978341154
822,здоровья.,4I,2728066387 1257661796 898853311
823,Морозная Сфера,"'G, $~",3125653345 1845775337 1252084026
824,"Запускает сферу в противника, нанося ({0:","Uw, #a, (p",3215444884 385945134 3967757141
825,общее восстановленное здоровье во время полета сферы,O)F+,2667429758 4038716690 3446006319
826,магического урона при попадании.,}/,2616508601 2769056236 104712285
827,Кровопролитный монарх,,4212461397 718405721 247903905
828,Ядовитые клыки,".]g, I*",2123658938 112735407 2362028160
829,Ваш," t, S]1w",23236079 3643897477 1806602445
830,ядовитый урон,"WG, yb",3264718728 1667615015 4289447255
831,также может нанести критический урон с фиксированным шансом {0:,"Mi7, edD*",2559819909 1723867392 4275951254
832,Ядовитая оболочка,"$^s, c8",323463379 1807510152 3907717367
833,"Стоя на токсичном болоте, наносит {1:",^',3297379937 4108233960 3033100744
834,"на врага каждые {0} с, ускоряет нанесение","<_hi, km",4196830883 290822331 4155212965
835,ядовитого урона,"{L, 2fd, Td5a",1565282980 207355282 3117631559
836,длительностью {3} с.,"b(, Hj",1114741496 2320109786 364794750
837,Ледяной дух,,3323894982 3582525848 557017596
838,Водяной пар,"-8, hX",3402087954 4087008189 1407818713
839,Базовая атака,,1387479473 2834039101 4124618051
840,"поражает врага, она наносит дополнительные (",?h,4118802592 3938408398 766041192
841,Ваша базовая атака,"8"", >'",463646375 1212933917 731705210
842,базовая атака врага,"2%, :c, %{?Q`, nzQ",4108558535 3596341384 2808026611
843,Мощь стихий,,693662136 1548134894 2480217392
844,героя на {0:,vUE,2609002859 732664279 3206969167
845,которая заканчивается после запуска базовой атаки {1:,"xO, m/X, ^Z",2867755021 801707130 3768625680
846,раз.,"qc`, !7",2608972200 3902562693 2604437620
847,Перцовый Стрелок,"nK[, >D, Tr",2942448994 1073902836 3960646309
848,Взрывная пуля,,273152942 1280171930 1019239674
849,За каждые накопленные {0} очков,Raj ,3072662366 1159863278 2422158366
850,"выпустите пулю, которая нанесет {1} магического урона. Если одна пуля наносит вражескому герою более {2} урона, выстреливается еще одна пуля.","""G",1394347752 2606977017 654437532
851,Зачарованная пуля,85],46818808 3497436657 1577981159
852,"Выпускает пулю и проклинает врага, длительностью {4} секунд. В течение этого периода накладывает {3:","z}, n@, #0[zL1",3728541318 1027097235 1672984161
853,на врага каждые {2} секунды.,@L,1528986770 798830879 369720014
854,Лесная Дриада,"T\, t/, x1G",1461192684 2325213057 2123967508
855,Дикая Поддержка,ri,3029067931 4159627848 2844391568
856,Каждые {0} секунд после начала боя на помощь приходит,"u , r)",2886860304 3844517085 2892104567
857,ДУХ,"dZ, Rs, m1r",743451780 3286480856 3852681237
858,обладающий запасом здоровья: ({1} + уровень героя,wO,1758378955 1703313584 4177712919
859,Дикий Рост,^v,3967351721 3326168263 2707767998
860,"Призывает силы дикой природы, нанося врагам ({0:",zu,3872583887 2740375465 1437152474
861,количество,"t>*, (m, Q3, qD",2857935905 1984734681 1323587207
862,ДУХОВ,"cKg7y8, :L",3450150694 3431735750 1903829589
863,на поле,n.j,3112114212 4075050936 1067447227
864,единиц магического урона и восстанавливая {2} очков здоровья тому,",Z, p2",2220428599 296022364 1560849592
865,ДУХУ,Zr,4274276315 1314939805 2636146285
866,у которого наименьший процент здоровья,"dF, 7)",1924558572 3472534611 876257231
867,Матриарх злых духов,rT,390267565 1319136133 3670903542
868,Демоническая Сокровищная Бусина,"_6, g)x",607624389 2578055064 458574562
869,Каждые {0} секунды дополнительно восстанавливает ({1},"%/, Ay, BG, ,1, N&",3948978902 3341201208 4131151763
870,процент потерянного здоровья,"~3, <z, YU",630996936 3098660410 3507930021
871,Вытягивание души,,2049367855 4158340211 765003971
872,"Посылает злых духов на врага, которые наносят ему ({0:","}`, r=",1825552548 616051075 649563254
873,максимальное здоровье,"bs, Vcf",2572614945 3992644628 2175796947
874,единиц магического урона и  крадут,"Uh, Ql, jA",3390070598 1134220805 3520780149
875,"равное количеству урона, полученного вражеским героем.","cr#, R:",694209586 3799401118 1488275446
876,Охотник на волков,"?@, %|",1502153425 1890813592 2067965382
877,Мародерство,,3931315324 3998904583 990573436
878,После каждой победы в бою захватите {0} + (Количество побед подряд,"bC, )=w, N3",1542648143 280166766 2914741547
879,"золота у противника, но не более {2} золота.","r], YV",390215620 4292841571 1430977505
880,Бросок сетки,gN,3709334526 2089305920 4154667380
881,"Бросает сеть, чтобы поймать врага в ловушку, оглушая его на {0} секунд (невозможно атаковать, увернуться или использовать ультимейт).",\%,586913274 1523482323 254860928
882,Племенной дух,,1964347559 4257003265 530545165
883,Жажда крови,%7,3970082811 2739897940 3662438209
884,"Племенной дух боевого духа наполнен жаждой битвы, увеличивая урон игрока на +{0}",]k,2810028056 3441649967 3469002176
885,Копье жертвоприношения,v4mK,3966646409 1202667992 129767300
886,"Бросает во врага копье света, которое при попадании наносит ({0} + урон игрока",v7A,3149895395 1895948811 1678719088
887,магического урона.,,2049032938 3389341182 2584436963
888,Дворф ветеран,h{,3522270014 79595439 1311369819
889,Выстрел в голову,,1555474501 634387066 1152956197
890,Каждый,"t/, 87t, 5F",300651049 3434533998 3457948131
891,критический удар,"Hz, 8I",3511492678 1722380279 1672503002
892,дополнительно оглушает на протяжении {0} секунд после нанесения урона.,"2_, ,Y",2217542518 2518852326 3394595929
893,Быстрая Очередь,"V3, |T",2787476863 3973349501 951197121
894,"Выпускает непрерывные взрывные снаряды, наносящие {1:","o1y, ""I",119154207 3079678044 1634760103
895,"физического урона противнику каждые {0} секунд, в течение {2} секунд.",^h,4050936507 2368257935 3009351757
896,Предложено игроком:,"!)), DC",3405738299 4265957946 2980169118
897,Воевода,"/!m, A*",1017459179 1567529074 2747365276
898,Молот войны,"7=', |M",2798431611 1363376475 2817847013
899,крит.,I+,1939525040 2796102945 1580637466
900,наносит доп. урон в размере {0:,"Vs, CX, nYd",2498624703 326636453 642128015
901,макс.,g9,2350017995 4174923494 3673561137
902,Героя,"#Q, pZ, S;O",3915768456 3407890381 1981242738
903,Инферно Раздора,"X5&M, SZ",4148966352 3165595222 1914856074
904,"Высвобождает {0} языков пламени во все стороны, поражая врагов. Каждый язык пламени наносит {1:",,2410066981 3588306551 3820495141
905,физ. урона.,"9!, Qa",1104084968 3410218750 2180865829
906,Демон-герцог,"3Ag, fE",217536708 2946499594 1359087130
907,мное усиление,!^,2359039666 1856860069 244305327
908,Во время боя {0:,,3863142071 1800904805 1732221927
909,полученного исцеления,"I!, Wzd , E<*yn",1943630310 3623593687 203382527
910,на этот бой увеличивает,"=^H, Km",3710201417 251993478 2499589729
911,Пламя Возмездия,"|4, zK",617555803 1557234158 215082474
912,"Призывает пламя возмездия на врага, нанося ({0:","#z, Y , p[Y5",2005645839 860538809 1207751994
913,сумма,,273820376 3997616798 3097793963
914,обоих Героев,T[i|,4277676724 3260867840 68676069
915,маг. урона.,,4148169366 2107668022 2352595254
916,Пророк Леденящего Света,"Wo, eT, b=",3128858376 3792625725 2850450348
917,Сфера чумного холода,"{%, vT",2235441180 1361644355 83297042
918,При наложении,"(Dqh, M1",2034914226 86629749 1952737479
919,"на врага, с шансом {0:",">F, SZ, 4%",475453041 1192557510 2930477743
920,накладывается {1} стаков,",X:/, ~M",2355392070 3763468667 762559290
921,Леденящий яд,5O%,1325499419 723093873 220472158
922,"Бросает во врага {0} особых флаконов, каждый накладывает {1:",,3551173588 4285070875 456704835
923,За каждые {2:,"a<, S.",2094564230 2680582904 952750608
924,потерянного врагом,^o9,4065141824 2680760598 154329314
925,кидает еще {3} флакона.,xn,1988144547 2157691484 1819368697
926,Скряга,"YA), mo], #c",418804731 1637961501 3732175684
927,Накопление Богатства,"2k*, l?)",1883424218 1553149263 219866896
928,Увеличивает базовый лимит дохода от накоплений на {0}.,JR,875727469 2395579291 276854122
929,Сила Денег,,624614978 3550050121 484750187
930,"Бросает золотую бомбу, нанося врагу ({0:",q),3848874776 321086060 3943936317
931,текущее Золото,~msb,146151153 663337778 2904079160
932,Дракон Повелитель,<]:m,2148996718 1356309834 815082368
933,Тело Повелителя,-}(,162354244 757356533 3428128598
934,За каждый уникальный навык увеличивает,"gu, E>, 5~, 8k",2883488169 3817452130 276966403
935,на {0}.,"j+, ^%, @4",954919692 2999454017 3459258160
936,Дыхание Тирана,"e1f, 2W",1019687960 1920206645 530698211
937,Выстрел драконьего пламени наносит цели магический урон в размере ({0:,"PG, N>",1747559068 458936029 201882145
938,сумма уровней обоих героев,AK,3001718283 945476866 2675492729
939,Охотник За Головами,p]Vz,2821524040 32320128 2371960510
940,Золотая Лихорадка,"cP, +r",3146696691 1317308021 3892222522
941,Каждый раунд за получение {0} базовых навыков вы получаете {1} золота.,"x8, X\n",3683878155 1617389613 3788063478
942,Залп Серебряных Пуль,xG,2434045823 1766501288 1328787060
943,"Выстрелить в врага {1} серебряными пулями, каждая из которых наносит {0:","U1, Xa",454617526 4103977895 1905507681
944,ед. святого урона,G&,2926677261 1357695164 1183979712
945,"за каждые {2} золота, имеющиеся у врага, выпускается дополнительно {3} пули.",./i,3408009394 175201003 3321659251
946,Ураган Небес,=O$,3195126692 424197990 636265966
947,Штормовой Импульс,"^{r, ^+",1763058908 1390371957 4050862976
948,"При нанесении урона, {0:","yQ, Z|q",670710065 1500126263 3404472965
949,шанс получить {1} зарядов,"{h%, xq, qE|",2405754875 1905701638 3064498873
950,Автор:,"]D, -?",3187313745 3918227730 1142628963
951,Тысяча лезвий бури,"tG, $ctX",4031063799 1140188158 2555473048
952,"Призывает бурю вокруг врага, нанося {1:",{[,1237068570 2018019760 323164358
953,магического урона каждые {0:,"3D, crT",3833605430 2794656970 3188673911
954,сек. в течение {2} сек.,V1,2427612943 2131096430 1143331017
955,Гоблин-артиллерист,"HW, lXV",4079990554 1796684702 3871814227
956,Особая доставка,,3534815483 2640603499 2532035388
957,"Каждый раз, когда вы выпускаете снаряд, не являющийся базовой атакой, вы также выпускаете его копию, наносящую {0:",Wq,462054676 3292082147 46372109
958,урона от оригинала.,"Qx, E#",3369308396 1061121415 1420496974
959,Залп,DY,3644861198 3743300565 1879152690
960,"Выпускает {0} случайных снарядов, не являющихся базовой атакой, каждый из которых наносит не менее {1:",KZZ,446880502 1753752427 1099421441
961,урона.,,3707691551 4215002082 3805403778
962,Доступные снаряды в этом матче:,N(,684199312 3841970772 2196349903
963,Открывается на {0} уровне героя),069qi,1446198649 2181596055 3336235853
964,снаряд,Re^,2372114070 3374295630 2253127105
965,Солдат Авангарда,")q, yd",2075901631 42702795 662291366
966,Бритвенный Доспех,"z2, SOH",3917752124 633997796 4144846334
967,Когда ваш,"?0, qW",2723572411 2474817137 2467078886
968,"блокирует урон, есть вероятность ({0} + ваш",sO,4145203485 2132026972 372640561
969,Шанс крита,+`,4099903521 1970649481 3961881636
970,нанести врагу ({2} + заблокированный урон,`l,3583748209 2935724503 3385545801
971,Щит-Бумеранг,7'S,1339430158 3618813207 2025386803
972,"Метает щит-бумеранг, который наносит {0:","S*, dk, JHt ",1303683740 681359196 2881209339
973,физ. урона и при возврате да,,1886198622 4287681792 4190722251
974,ед.,"mUUX5, >=",3179026562 179713647 1082486672
975,Если атака наносит,"#!y, $Jp",551952198 2750245840 1516986250
976,Критический удар,"'^W, t%, 0Zg",2374889301 1386719642 4035401911
977,щит бросается снова.,"?f, Ie",2702350722 1628271672 2158955168
978,Искоренитель Зла,"m@, nr, -1H",2289471222 3525769381 3444967094
979,Руководство Искоренителя,",|.",3404611436 889869360 814599503
980,Получите {0} золота за каждое полученное умение,"(u, 0$",2821480718 2983926875 3241373510
981,Противодействия,"mc, BHDv",4100147536 2583427936 3767187129
982,Гнев Правосудия,"""v, o`",2323509866 3359250357 2161875053
983,"Призывает с небес {0} священных клинков, каждый из которых наносит {1:"," E, Rf, !k",3569231723 350675313 2942631736
984,маг. урона. За каждое прокачанное до максимума умение Противодействия призывается +1 клинок.,"1R, DU",4148025877 1979839395 2986383231
985,ЛЕДЯНОЙ ПИТЧЕР,eMV,1775703667 2257795238 2733666992
986,НАКОПЛЕНИЕ ХОЛОДА,,3556844093 3403232338 2382530681
987,По окончании,}<,1661436355 3750389713 3393608959
988,ЯРОСТИ,"fB, gB",331745474 1258481045 3792355372
989,оглушите врага на {0} секунд. За каждые {1} стак,fP,2847752595 4048987665 1691639529
990,ЗАМОРАЖИВАНИЯ,"""4, Yi",4062152085 1805044442 934381447
991,наложенные на врага во время,,2761808127 1922691599 4246611572
992,длительность этого оглушения увеличивается на {2} секунды.,,3336370917 1208847488 1212354457
993,ГНЕВ ЗИМЫ,"=[, +70",174950400 83785617 3933901360
994,"Бросьте снежок в врага, нанося {0:",IN,1622230682 739457407 4262093209
995,ед. магического урона. Если вы находитесь в состоянии,p%,178405273 3420181392 1770753280
996,дополнительно наложите {1:,t0,1794550851 2893450072 1468414151
997,стака,GV,3018362156 836190377 3761960239
998,ЗАМОРОЗКИ,[k,1345245283 886072048 354512103
999,Смертельные Шипы,"{)k, zO",3059555445 1814383111 3398223311
1000,Конверсия Крови,"Jk, mQ, e{",165226582 3737890968 3398127197
1001,"За каждые потерянные {0} очков жизни игрока, увеличивайте максимальный запас {1} очков",kGp+,1487190838 2156964264 1211837489
1002,Распростран,p%,921495509 3147519721 3821259417
1003,нный Кровавый Туман,$I,676077527 3328027062 2538496935
1004,Выброс шипов наносит врагу ({0:,"7gO, tM%, 6R, F)",317301743 3954333490 3076671191
1005,потерянные жизни игрока,"]@, X8",733994893 1441773603 980203249
1006,Маг. урон.,"c4l, CXs, #(",3509533706 559276087 307656773
1007,ГОБЛИНСКАЯ КАТАПУЛЬТА,"6$, u1",968423503 2797242277 2183789684
1008,УСИЛЕНИЕ БРОНИ,"GLQ, }F0Uu",2909135888 4012852003 1865767451
1009,"Каждый раз, когда вы получаете",RQWI,359209547 3242662752 3465628422
1010,с вероятностью ({0}+ ваш,_S&,1417766513 2304888058 983289931
1011,вы получаете дополнительно {2} стака,"xJ, zs",3772036068 1639124349 2660644803
1012,ЩИТА,,4086337317 1552235970 3731510268
1013,ЗАРЯЖЕННЫЙ ВЫБРОС,oM1,726616829 1710421845 4136717640
1014,"Войдите в состояние зарядки длительностью {4} секунды, выпустите два огромных камня, наносящих {1:","\{, =f, lN&",977059800 345810945 2484121730
1015,ед. физического урона. За каждые {2} стака,"[se, ~a\",374200360 1483768237 1621458581
1016,"полученные во время состояния зарядки, выпускается один дополнительный камень.",jx,2743975061 905190847 1290925058
1017,Страж нежити,9H,3054255574 945002920 12315917
1018,Ледяная родословная,"{', oD",181250643 3090682209 2670406409
1019,Каждые {0} сек. восстанавливает,"1B], 9pHk, >d",156089154 2627380309 3758350764
1020,Духу,"x6O, }d",1031969293 2144710473 2755755043
1021,здоровье в размере (,">_, f|, Ga",610968554 371503434 3032206401
1022,стаки Заморозки,"n[, h|]",782854500 989784597 3258378058
1023,минимум {2}. (Лечение Духа не активирует навыки ветки исцеления).,"PPD, FRe, xXE",3394770862 2586400290 2259819624
1024,Ледяное господство,"I;""y",105154697 2632422685 1254651972
1025,"Выпускает ледяной шар во врага, нанося {0:","yh|!, WA|",1249840650 2872289783 3253452432
1026,маг. урона при попадании. Урон увеличивается на {1:,ZW){,2466479499 3256107841 4228731334
1027,за каждый звездный уровень ветки,"Mu, t""",3230350502 3272344039 3688843716
1028,Лед],">C, fhm5d",2500306852 4167884936 2851336867
1029,или,d\,1535613611 2331606219 1302146229
1030,Дух],"tn.<, Lm8",428556035 3478473763 2606116055
1031,ЗЕЛЬЕ ЛЕЧЕНИЯ,3w,3396888520 3107660287 2298674579
1032,Восстанавливает {0} жизней игрока.,+`,2919994100 818808494 3199029951
1033,КАРТА СКИДОК,"\`., :y",2660469214 369628940 1261096243
1034,При [обновлении] магазина навыков есть {0:,"51, *a",3460870567 2196063346 4157071575
1035,шанс вернуть {1} золота.,"!|, rm^2",232225760 402879227 2497840788
1036,ПЕРСТЕНЬ ТОРГОВЦА,}p<Kz,3396179947 3051618688 1318972446
1037,Первые {0} [обновления] в магазине навыков бесплатны. Получение этого сокровища стоит {1} золота.,2#,4236150585 919821244 2213493926
1038,Первые {0} [обновления] в магазине навыков бесплатны.,"PI, H,",3056367540 4081247802 717762808
1039,УБОРЩИК ПОЛЯ БОЯ,"4W, ;[",2067086347 2792704048 556260342
1040,т дополнительные {0} золота при выборе этого сокровища и в начале каждого раунда.,"dQ, H], i3?M",1448430686 1298072335 279972123
1041,ГОБЛИНСКИЙ КОМПОНЕНТ,,2849420783 622651648 3553080847
1042,"Снижает стоимость [случайного] навыка в магазине на {0} золота, но не более чем на {1} золота. (Технологии гоблинов, бессмысленные и беспощадные!)",J*&G,1768128249 3456719399 3203764000
1043,КНИГА НАСЛЕДИЯ,"`?@], ""<",1531592674 4058468892 2667558490
1044,"Если изучаемый навык и предыдуший изученный навык относятся к одной ветке, вы получите {0} золота.",,2022683664 3285185869 3479931176
1045,СУНДУК С ЗОЛОТОМ,"ynG, ){",1842383740 3441006958 754378075
1046,Получите {0} золота единоразово.,"y', :na",2153563394 2737754237 564023391
1047,КРОВАВЫЙ КАМЕНЬ,J4,335782588 3173855032 2878371197
1048,Получите {0} золота единоразово. Получение этого сокровища забер,"x(, 2_^",1536430731 1002200214 2702132560
1049,т {1} жизней игрока.,"q7, O , cL , p ",2765379180 515909715 1628157225
1050,СКЛАДСКАЯ ПОЛКА,_n5,1967338849 3561874156 927455874
1051,В магазине будет {0} дополнительный навык (автоматически обновляет магазин при получении сокровища),"6N, \p",3752700376 804703955 779312994
1052,НЕСГИБАЕМЫЕ НАПЛЕЧНИКИ,"CV, y#d, 2E",1076632049 3738500495 3716551882
1053,Вы получаете {0} золота после поражения в бою.,(~,1683628345 2801607069 2634150886
1054,ЛУННОЕ КОЛЬЦО,"t3H, ^N",2027527308 1869889122 3050211405
1055,"Когда в магазине появляется редкий навык, вы получаете {1} золота, но не более {2} золота.","`R, kK, m=zF2",69238731 4074059090 2465421037
1056,СОЛНЕЧНОЕ КОЛЬЦО,"hXma, ~N",249740630 385340470 579455660
1057,Слегка увеличивает вероятность появления в магазине Мифического навыка. Мифические навыки бесплатны.,"""[",3737142753 3152982942 3659484740
1058,КОПЬ,"mI, 3j=:?, aU",774634989 398110367 1449042757
1059,ОХОТНИКА ЗА СОКРОВИЩАМИ,"lo$/9{, %#, q1",1709390924 1186500704 1667199694
1060,"Базовый урон, наносимый врагам увеличивается на {0}. После победы над врагом вы получаете {1} золота за каждые {0} урона.",,2757101318 3094754907 2907854184
1061,КИРКА ИССЛЕДОВАТЕЛЯ,":~0p^, _b",956300983 505348791 1023269438
1062,"Вы получаете {0} золота за каждый новый, ранее не изученный навык.",v<,115621974 210885798 1550685991
1063,"Вы получаете {0} золота за каждый новый, ранее не изученный навык.Максимальная сумма не превышает {1} золота.","Nf, R*&, *n",816298577 2026723623 2792458604
1064,ЗЕЛЬЕ Т,"yFc, \W, |v",3388727154 3215033674 3103163339
1065,МНОЙ СИЛЫ,>J1L#R,4031290625 3187812577 3110737569
1066,"Шанс появления редких навыков в магазине навыков значительно увеличен, и при получении редкого навыка вы получаете {4} золота.","iB, @I",315779440 396475955 54058078
1067,ЗНАК УБЕЖИЩА,,1643738133 60948339 3373228435
1068,При поражении защищает игрока от потери жизней. Срабатывает до {0} раз.,`K,4238534649 2697208717 749103863
1069,ТУСКЛЫЙ КАМЕНЬ ЭНЕРГИИ,O^,967633914 3044465137 395891702
1070,В начале раунда вы получаете дополнительно ({0} + [уровень героя] х {1}) золота,,2492069955 1277105151 3450227291
1071,СЧАСТЛИВАЯ МОНЕТА,V~&,3451489855 1987137087 2621856633
1072,Если выбрать указанную ветку как,"f$4, KR, G<, 8f",2288373508 1432111709 2306037835
1073,счастливую,"Hf, /I{""",761796076 1954763290 2739254389
1074,изучение каждого навыка в ней будет давать {0} золота.,'E,3353135082 511991622 1256450086
1075,ЖЕЗЛ БОЖЕСТВЕННОГО ПОКРОВИТЕЛЯ,HU,942432201 3173962613 3660332636
1076,Когда любая ветка навыков достигает 3 зв,"NB, DD, +'",1537705113 2562375318 3272602480
1077,"зд, Мифический навык этой ветки гарантированно появляется в магазине (если они еще остались в магазине)","@nEW, o?^",159457517 2862226303 459434382
1078,МАГИЧЕСКИЕ КАРТЫ,|xb,2046266983 2563328857 2890972550
1079,"Если последние {0} полученных навыков принадлежат к одной ветке, вы получаете {1} случайных навыка из этой ветки.","Gt, uV",2918945551 3831755107 267445286
1080,КОРОБКА С СЮРПРИЗОМ,"_h, RM",3217119424 2089470900 1554395747
1081,Вы изучаете {0} случайных навыков.,"Iq,i",331209852 1686931245 4004515579
1082,БРОНЯ ЗАЩИТНИКА,IK$,3603694344 1275337286 2270292408
1083,"При поражении и получении урона от врага, снижает получаемый урон на {1}.","Hi<, V`, *j",3142450127 542360628 3427433139
1084,"При поражении и получении {0} и более урона  от врага, снижает получаемый урон на {1}.",,2924805824 1515119693 1256779646
1085,ТРИУМФАЛЬНЫЙ МЕЧ,"x~, pf, L }8",1254254484 2400221223 3635652159
1086,При победе вы дополнительно получите {0} золота.,"x9,, 45",4050917894 3073765432 579338713
1087,АПТЕЧКА,"""2, E:, *t",2727462030 1938332840 3585514532
1088,"Если в начале раунда у вас менее {0} жизней игрока, автоматически восстанавливает {1} жизни.","<&zK, ~%^",2052285661 4222312311 1034429821
1089,УЧЕБНЫЕ ЗАМЕТКИ,{9U.,3188554404 3751233969 815368822
1090,Редкие навыки дополнительно дают {1} опыта.,"5'`, x;,p",3133892083 2936359414 2147107910
1091,СВЯЩЕННАЯ РЕЛИКВИЯ,"cB, !@",3325614524 3470307402 2141079335
1092,т {0} бесплатных обновлений(суммируется).,,3798904451 2970017388 4108314604
1093,КАРМАННЫЕ ЧАСЫ С ПЕЧАТЬЮ,0j,3601111771 2408163918 1074449811
1094,"Вы можете запретить 1 ветку, навыки из нее не будут появляться в магазине. Получение сокровища да","F@, q>",2387677778 2274501972 3173788190
1095,т дополнительные {0} золота.,X[?,3815141962 3474915588 3392270697
1096,ШЛЯПА ЖАДНОГО ПИРАТА,"cEC, fRJ",3892453208 948629458 1447268144
1097,"После окончания каждого матча вы получите дополнительное золото, равное 20","?lkj, hZ",1046896753 941517833 2333509601
1098,от общего процентного дохода всех остальных игроков (с округлением вверх).,,2667900575 370021050 630607025
1099,"После окончания каждого матча вы получите дополнительное золото, равное 30",Y_,878202903 4091865433 1813327995
1100,ЗОЛОТОЙ КУБОК,"I2, ?z, |Y""P",1651636800 1120341121 4206096458
1101,"Начальное золото: {0}. Удваивается при победе, теряется при поражении. Активация: забрать вс",~C<,2037393012 1090348568 2608245693
1102,золото на этапе подготовки. Обновляется до {0} в новом раунде. Авто-использование при {1} золота.,"90UM, >m+, ((",4220131521 2280742834 259747856
1103,КОМПАСС СОКРОВИЩ,"<D, .k",3595676642 1134750500 1410556119
1104,"Компасс, указывающий на случайную ветку, в навыке которой спрятано сокровище. Если вы изучите навык с сокровищем, вы получите {0} случайных навыков этой ветки.",OI,1656956223 958693082 1105000809
1105,АЛЫЙ КАПЮШОН,"QV, >.",2870974814 3361838941 2288912872
1106,Первая победа после поражения да,"\E, Mg",1768619132 2540382043 1539983550
1107,т {0} жизни игрока.,,2649966204 1505278531 1576609813
1108,СУНДУК С ДОБЫЧЕЙ,"\+0`, &]",2612215606 3980091167 2604433243
1109,т дополнительно (урон врага,UZ-,2384552370 2908851577 4288577041
1110,золота после каждой победы.,"pb, /F",1549361217 151338282 3377850305
1111,ДОГОВОР ЗАЙМА,+|_,2598992871 633255188 735289322
1112,"т {0} золота сразу, но снижает получаемое золото на {2} следующие {1} раунда.","]#U, *7",717413308 1657813127 41621566
1113,КРОВАВОЕ ЧЛЕНСТВО,Vhp,949922529 3830590842 2227439457
1114,За каждые {0} потерянные жизни следующие {1} обновления магазина бесплатны(суммируется).,"c), !dA, sC#I",3870164597 78767572 1987111811
1115,ТОМ МИСТИЦИЗМА,"UfUS, Iw",643672208 1503395558 1778284276
1116,"Используйте, чтобы повысить опыт выбранной ветки на {0}. Можно использовать {1} раз.",1Nv,3069020707 274509586 3310342121
1117,ОЖЕРЕЛЬЕ ИЗ КОСТЕЙ,Fs,4229893374 4160195474 1334634294
1118,"т дополнительные {0} золота в начале раунда. Каждый раз, когда другой игрок умирает, прирост золота увеличивается на {2}.","N`Z8, ih., *p",1420602104 4144034029 3057473150
1119,ПЕРВОБЫТНАЯ РЕЛИКВИЯ,rQT,772635604 3058680485 1407165819
1120,"Используйте, чтобы купить {1} жизни за {0} золота. Можно использовать до {2} раз.",';,3868434092 1262735278 360563537
1121,ДУШЕВНЫЙ ЭЛЕКСИР,[%,3277351145 3700403007 3810966022
1122,"При получении восстанавливает {0} жизни. Когда другой игрок умирает, восстанавливает еще {1} жизни.",oa9,1552646633 3091202182 3158003410
1123,ЗОЛОТОЙ КЛЕВЕР,"GK, }{/",226419255 2047889534 1452953642
1124,В конце раунда да,"j5, -@",1907862315 339000292 885758987
1125,"т допольнительные {1} золота за каждые {0} золота, которые вы имеете. Максимум дает {2} золота.","M@, .M",9964450 1242090715 4202524454
1126,СТАТУЯ СПАСИТЕЛЯ,"i.,",1411696755 2814170701 2563214737
1127,"Если в начале раунда у вас менее {0} жизней, дополнительно да","B}, 3;",3110555419 4272257044 4024712948
1128,т {1} золота.,BE,706719829 718932224 2182436042
1129,КЛИНОК ИЗГНАННИКА,,551534555 1153950453 1238354213
1130,"Если вы начинаете бой с менее чем {0} золота, увеличивает урон,наносимый врагам, на {1}. Получение этого сокровища да",)C,1234803458 1984278939 1261991854
1131,т {2} золота.,"F , `', W<R",1707003237 1027944269 2421657417
1132,ДУБЛИРУЮЩИЕ ВЕСЫ,6d,175997973 1062726518 1959887803
1133,"Используйте, чтобы ещ","gS, 86, oZw, Qu",1585384104 2032962555 28947104
1134,раз купить последний купленный навык. Можно использовать до {0} раз.,,766127546 1825531561 4013082604
1135,КОЛЛЕКТОР ЭНЕРГИИ,"^DZ=, /s{",923112774 2976084375 886427380
1136,В начале раунда увеличивает опыт случайной изученной ветки на {0},"2%, $c8, {*",1821089429 2358690693 298314266
1137,В начале раунда увеличивает опыт случайной изученной ветки на {1}.,"O;%, :V, Te",3893518477 2877234955 3764372172
1138,СУНДУК С ПРИПАСАМИ,Y$,2987318170 3330726767 312357942
1139,Каждое улучшение героя восстанавливает {0} жизнь.,"+S, (^, GD, +&",1400377433 2824469015 2299581052
1140,Каждое улучшение героя восстанавливает {0} жизни игрока. Получение этого сокровища уменьшит жизнь игрока на {2}.,"*8, )m",3090025150 3353582569 1785943304
1141,Каждое улучшение героя восстанавливает {0},,3449505528 717811504 2343237315
1142,жизни.,,3591734431 1985397446 3986929993
1143,БОНУСНЫЙ ЖЕТОН,"1*, }j",4137260298 4186117682 1469748426
1144,"Если полученный навык совпадает с предыдущим, получите его снова или золото, равное его стоимости. Максимальное количество срабатываний: {0}.",,2041067933 2715352161 1391324894
1145,ПОДВЕСКА ЖЕРТВОПРИНОШЕНИЙ,^@,2934556152 2491128171 1606455825
1146,"В начале раунда вы автоматически жертвуете {0} жизнями, чтобы получить {1} золота",zUq,633570975 1477067448 1304228681
1147,СТРАХОВОЙ ПОЛИС,.\,2865229499 1317835399 4244977060
1148,Каждое улучшение героя дополнительно да,"cJ, g_",663542208 3578858914 4239120786
1149,т {0} золота.,p\z2,3628187389 1460557199 548552183
1150,ДЕМОНИЧЕСКИЙ ДНЕВНИК,"^$#v*)$', ""G",1364052676 2260614054 1071430773
1151,С вероятностью {0:,"PZ, \vh",4138658392 2563639043 682021045
1152,в каждом раунде вы получаете дополнительный навык выбранной Школы.,,344419968 2668366479 4124947487
1153,ФИКСИРОВАННЫЙ ВКЛАД,"Cuk, K2F,2F",2889366199 658644731 60855237
1154,"Если в этом раунде вы не покупали навыки, вы получите {0} золота после боя.","rRZ, X4, s>",2159469889 1750224211 3979716056
1155,ДРЕВНЯЯ РЕЛИКВИЯ,8B,991414821 1569700807 1984302178
1156,"т {1} золота, когда герой достигнет уровня {0}.","oL, uO",3414877021 2685567274 791504887
1157,ГОБЛИНСКАЯ РАКЕТА,"%i, v\",3161977182 3145265720 3067190743
1158,"После завершения боя, если рейтинг жизни игрока находится в нижней половине, восстанавливает {0} жизней игрока в начале следующего раунда. Получение этого сокровища уменьшает золото на {2}. (Пора рискнуть!)","'sZ, l+.HZ",1004959364 38521420 1751389157
1159,"После завершения боя, если рейтинг жизни игрока находится в нижней половине, восстанавливает {0} жизней игрока в начале следующего раунда. (Пора рискнуть!)",,118464153 1500851107 619975292
1160,ИСЦЕЛЯЮЩИЙ КРИСТАЛЛ,,3584647738 1050965914 3616891125
1161,Восстанавливает {1} жизнь после {0} обновлений магазина за раунд.,"q"", {w, 8|, <~8iv",3133779871 745980343 1042306656
1162,КАМЕНЬ ИСТИНЫ,]4,2461598252 1062295271 3195114321
1163,Стоимость покупки навыка,".l""@",1196297377 873998353 814388968
1164,за раунд снижается на {1} золота.,Y%,4279326504 1753663689 1450839686
1165,ПРИЛИВНЫЙ ЯКОРЬ,,2475637111 2115126708 1238607100
1166,Каждое улучшение героя да,,1447627879 907745405 3411315912
1167,т {0} бесплатных обновления(суммируется).,":)\X, ZA, Y , ulKs",2320391042 3792735282 3682016165
1168,АМУЛЕТ В ВИДЕ СЕРДЦА,"Qm, -a",3567109414 1884319800 3371660832
1169,Когда любая ветка навыков достигает {0} зв,(U,688624096 3226105591 610392562
1170,"зд, восстанавливает {1} жизни.",")HM, 0B0GH, K|",2789573611 1753901917 4087915393
1171,ШЛЕМ МАРОД,#_,506353742 2220109107 2392288778
1172,т ([разница в уровнях героев],"*ie, {L, rnP",2254449087 1517364943 1531074628
1173,золота после каждой битвы,#),749466164 2592828901 3437122318
1174,ЧИСТЕЙШИЙ КРИСТАЛЛ,"9m, 4)^F",2562489647 3729678110 4041830087
1175,"Если у вас выучено навыков не более чем в {0} ветках, в начале раунда да",/Z,2886083704 4073663194 629569225
1176,т {1} золота. За каждую дополнительную ветку бонус снижается на {2} золота.,"S|, ~cd",2791378058 3200350436 3696522915
1177,ЗИМНЕЕ БЛАГОСЛОВЕНИЕ,"R[, uz, 3D$C3",380455828 2348965146 3388949735
1178,Каждые {0} обновлений магазина позволяют приобрести {1} навык бесплатно.(суммируется),}U,572876204 3211031540 2183912925
1179,ГРЯЗНОЕ ЗОЛОТО,"8;, %$",2808898101 2416214888 3223603994
1180,В начале раунда да,"M]U, ~., \V, y ",2952607121 3799634863 1005639978
1181,"т {0} золота, но стоимость обновления увеличивается на {1} золота.","U,, {H",2305364780 3155353509 1973252831
1182,ГРААЛЬ ВАМПИРА,vg,4088405535 4131137632 3053099535
1183,Выберите ветку. В начале раунда вы автоматически жертвуете от {0} до {1} жизни в обмен на {2} случайных навыка в выбранной ветке., <,3217917078 3902142739 1346928624
1184,Выберите ветку. В начале раунда вы автоматически жертвуете {1} жизни в обмен на {2} случайных навыка в выбранной ветке.,"n'Q, A9D",3054821043 2091544983 1790019513
1185,НАД,|i,3896729776 2060921181 4266189749
1186,ЖНЫЙ КОНЬ,o?,3704953071 1269536243 1948995100
1187,Выберите одного игрока. Каждая последующая победа этого игрока принесет вам {0} золотых монет.,"r*, @0",139540076 2294685988 4170418400
1188,КОРОНА РАВЕНСТВА,"9^^, k8*",1332751786 2055180882 710032475
1189,Базовая стоимость всех навыков (включая случайные) становится равна 120 золота,,2576347957 304757895 3103209466
1190,Базовая стоимость всех навыков (включая случайные) становится равна 125 золота,D=l,3209488373 409171718 2441730841
1191,ПОГЛОЩАЮЩАЯ БОМБА," G, w9]",3529521168 3168182846 3139758328
1192,Минирует выбранную ветку. Получивший бомбу игрок должен изучить {0} навыка этой ветки в раунде.,"I], 4 ",3195606510 1159315731 2308735255
1193,"Нельзя использовать, когда у вас есть бомба)","%H, $yN",97413536 4197576809 3431297738
1194,Неудача,"n8, hT, tQ",1708469078 2550632030 2720695039
1195,Взрыв наносит {1} урона и дает создателю {2} золота.,"G', La",739587604 3595657361 809739094
1196,Успех,"<i, b ",567812752 3943878509 16451770
1197,Передается следующему игроку.,"wOh, WU, 8v",2932436064 776656020 4168311028
1198,ДИВИДЕНДНЫЙ КОНТРАКТ,"Z , _6",1175835487 2524935526 3443665225
1199,"Инвестируйте {0} золота в выбранную ветку. Когда игроки приобретают навык из этой ветки, вы получаете {1} золота.","LzM, Fr, sW",488152423 1829624036 1353577645
1200,ГОБЛИНСКИЙ ТЕЛЕСКОП,"zE, )zO",1928719407 1304947379 4117294936
1201,"Стоимость [случайного] навыка в магазине снижается на {0}. При покупке [случайного] навыка, вы получаете один из представленных в магазине.","b', |*, ZZ",2382256411 3174917424 197731077
1202,СДЕЛКА С БОГОМ СМЕРТИ,,1222339490 903115640 3522428479
1203,"т {0} золота, но максимальное количество жизней становится равно {1}.",,2282346836 2099884064 647657422
1204,РУКОВОДСТВО СЕКРЕТНОЙ ВЕТКИ,,2753298024 208823411 67719847
1205,При использовании да,"wKK, TZ",1554166623 3576542025 2826800889
1206,т {0} случайных навыка в выбранной ветке. Может быть использовано {1} раз.,"T)4, ;4', SZ,",3867018105 3971473936 3053065103
1207,ИСПОРЧЕННОЕ СЕРДЦЕ,">@, 3/",4190513944 1138767879 95803388
1208,"Восстанавливает {0} жизнь в начале раунда, но в случае поражения в бою вы получите {1} дополнительного урона.","mY, PB",3579667499 1106183306 2185855111
1209,РУКОВОДСТВО ПО ПРОТИВОДЕЙСТВИЮ,"kyp9, ZzV, $Q",2703524312 3620231512 2119655248
1210,Активация да,"g$, 2B",632774409 2412452859 1492747255
1211,т 1 навык противодействия в выбранной ветке. Можно использовать {0} раза.,"Kh:n, +8, MrT",4287060755 204637002 2419068446
1212,ЖУРНАЛ СОКРОВИЩ,"uc8s, _s",1757488157 3981758231 3111207030
1213,Обновление с {0:,ewd,4057761975 3060579101 2196740471
1214,шансом добавляет {1} опыта в случайную изученную ветку.,"z), \d`q5\",18163743 2090366688 3765144670
1215,Случ. коробка Золота,"Eg, m@",2609483735 3961189322 989194779
1216,Получить сразу от {0} до {1} ЗОЛОТА. (На удачу!),"6;, !Z, +y",3593343372 457433550 1986214076
1217,Рог Алчности,"@`, ~X, ""$, B}",3215115704 2696911539 428683765
1218,"Каждый раз, когда вы улучшаете Навык до макс. уровня, вы получаете {0} ЗОЛОТА.","n], A2Z",814918317 3375392366 2000536400
1219,Судейский Свисток,"|)(], a:",2350352796 2210246726 241007027
1220,Активно: Свистните в свисток! Вы не потеряете здоровье игрока во время боя на этом ходу. (Макс. применений: {0}).,"/5*, ^a, ix12",858511091 307127732 4178954327
1221,Свинья-копилка,<]q,2112597335 1040848245 3875339296
1222,Каждый раунд автоматически вкладывает {0} золота в копилку. Основная сумма в копилке приносит {1:,J_/)J-=,1153456903 1143414558 1794848528
1223,"дохода каждый раунд. Используйте, чтобы разбить копилку и получить вс","-s, J_., jk, a{YO2",1434564747 2983489373 2897268390
1224,золото сразу. (Проценты не капитализируются).,"[e, Ph",1288656410 3858688100 2111522849
1225,ЭНЕРГЕТИЧЕСКИЙ КОНВЕРГЕР,|s|X,1037988127 3576186543 1023929688
1226,"Каждый раз, когда игрок повышает уровень, с вероятностью {0:","``icS, h1",2183856905 32947950 2663150680
1227,вы получаете {1} ед. опыта в случайной ветке.,"`p, Sav",2236574701 2914447343 903661050
1228,Священное Перо,"\U, buS",1134940643 3447572218 325075911
1229,При поражении в бою получаемый урон увеличивается на {1},"1m, (f, a[",420672309 3265058212 3507142324
1230,при активации ваше здоровье становится равным наивысшему на поле (но не выше максимального). Можно использовать 1 раз.,~Ni,347151609 1153072415 320365421
1231,Знак Закупщика,"~Vx[, SR7, -5O",3108568754 3139910510 4277628630
1232,"Потратить {0} золота, чтобы получить все навыки из магазина навыков. Ограничено {1} использованиями за игру.","%r, M!",2090585794 3710315696 2194091649
1233,Карта Сокровищ,"L[, :g, %g",1392728872 330899234 710286520
1234,"Когда навык достигает 4 уровня, вы получаете копию этого навыка. Может сработать до {0} раз.",pr,2242822159 3521445950 4068496694
1235,Браслет Верховного Мага,lY,444776283 1517991673 2548410177
1236,После победы в бою у вас есть {0:,"""/, E;",102919894 1743489818 1292991338
1237,"шанс изучить случайный навык из числа тех, которыми владел побежд","m9>vr:, JP",3197604319 462554556 706666197
1238,нный противник.,48,3006430196 332814346 540275702
1239,Чистый Кодекс,"9F, 6MB",1489556125 1472214553 623696085
1240,"Получение навыка, привязанного только к одной школе, да",,3534526816 1793287512 221151456
1241,т дополнительно {0} очков опыта в этой школе. Приобретение этого сокровища стоит {1} золота.,"~', :t, t(, kC, Bj",3522671226 3073403534 734787713
1242,"Получение навыка привязанного только к одной школе, да",s-,566244753 1432030650 260095205
1243,т дополнительно {0} очков опыта для этой школы.,"""R",206886188 1605474966 1818112379
1244,РОСТОВЩИЧЕСТВО, y,2857003847 1472530429 181424910
1245,Получите {0} золота. Цена покупок в магазине и случайных навыков увеличивается на {1}.,"Np<7N, |Eup",4081894959 62427063 1800755825
1246,Игрушка лошадка,"Vo, HGvfK, 7B, 10",3386779865 4291514061 1823141868
1247,Каждый раунд вы можете сделать прогноз на случайный поединок: выберите одну из сторон,"iM, n8h, BZ",1394399954 596377572 1401087562
1248,"если выбранная сторона победит, получите {0} золота. Доступно только один раз за раунд.",&t,1664049636 3480012614 3734216202
1249,Весы Равновесия,"\d, @f",437667580 2437688790 3440704423
1250,При получении навыка из ветки наивысшего уровня существует {0},<yY,392908762 1505992769 712155527
1251,шанс получить {1} очко опыта для ветки с наименьшим уровнем.,"CZv, z2, w%",529973522 1117203000 1145714016
1252,Мифическая Реликвия,ftXP,824594708 3715719382 4183679683
1253,"После использования выберите, чтобы получить легендарный навык, и в течение {1} раундов каждый раунд будет списываться {0} золота.",~r,1369898346 430154099 1261075904
1254,Клинок Душепийцы,"u1, '?86""",3483513428 285946823 3378941081
1255,При победе над врагом поглощает {0} ед. здоровья игрока и увеличивает его максимальный предел здоровья.,"4q, )zX",1598591137 3249535654 1310582741
1256,Распределитель Опыта,"s"", -z#""",3654390258 3294926401 371936386
1257,"При активном использовании равномерно распределяет ваш текущий опыт между тремя школами с наивысшим уровнем. Можно использовать до {0} раз. (Школы, теряющие опыт, не понизят уровень.)","gb""\",3916720115 97948346 1344882637
1258,Гоблинские Зв,E},3490354010 920514967 1354644439
1259,зды,Q^9p/},248540264 3169484424 146282065
1260,"Каждый раунд случайным образом выбирается одна из веток. В течение этого раунда, каждый раз, когда вы изучаете навык из этой ветки, вы получаете {0} золота.",,4100630626 67241822 383043558
1261,Мешок Удачи,"]SX, n_, pue",4095397655 3117469805 1949012210
1262,Победа в бою да,b0X,3486020515 3397828807 1432135783
1263,т случайную награду. Ценность награды увеличивается с вашей серией поражений.,"&_Z~, :R}1",2822319462 1171159309 1903469159
1264,Жертвенный Гримуар,LW6,1041040520 739161845 3468183142
1265,"Базовый доход уменьшается на {0}, но первый навык, купленный в каждом раунде, становится бесплатным.",">N, %:",1645690720 51619761 917708006
1266,Золото Дураков,Zf,3580707151 3110341694 1899952398
1267,"При поражении ваш противник получает {0} золота, а вы","A&da, E""",1476754241 294708509 55290986
1268,"навык, противодействующий его основной ветви. Если навык получить невозможно, вы получаете это золото.","!v+?, 6-v",3724318070 2488372864 1364089604
1269,Мастер Перетасовки,~i`,2169749265 821200536 1971832026
1270,При использовании: Жертвует все умения выбранной Ветки и переда,,1108167290 342847175 939548699
1271,"т их силу другой Ветке, давая умения равного уровня. Можно использовать {0} раз(а).","D,a, Dtn, (z",3845068321 622040634 177136896
1272,Браслет Мудрости,Z@-3,1635580779 932380715 2159086724
1273,В начале каждого раунда автоматически покупает случайное умение из магазина по цене {0:,"'W, Cl",2775224628 2424195135 3233664128
1274,Сокровище Удачи,"<0, ~a",2197787380 2582019109 1994176
1275,При получении Редкого умения вы также получаете 1 случайное Обычное умение той же школы. Срабатывает до {0} раз(а).,I~,2867450066 2248872638 925140814
1276,Алхимическая Печь,"'~, 0U7v",30188105 222833280 569710384
1277,"Второй НАВЫК, купленный за ход, не да","Og, ^ES",815606483 423571741 766606996
1278,"т НАВЫК, а вместо этого да",,3452260372 1653000107 3185278983
1279,т х{1} ОПЫТ.,kuG,2197825926 242821141 2820067385
1280,МЕДАЛЬ ШКОЛЫ,"Tm$, R??ot?K",1231861874 231870499 490279480
1281,"Когда вы получаете все базовые навыки школы (независимо от уровня), награда составляет {0} золота. Когда вы получаете все навыки этой школы, вы получаете дополнительно {1} золота.","p>i, k ",70881233 4098291466 514258421
1282,Кольцо стража богатства,"Kf, Bl, K/",3653383623 3789338667 272165800
1283,"Когда вас почти исключили, сохраняет 1 здоровье игрока и дает {0} золота. Срабатывает {1} раз(а).",N ,2012621516 2226294447 928592031
1284,Зелье Гигантизма,OL,679333411 2163602590 928771949
1285,При получении макс.,"4\, _z",2698155038 1753957074 1611350783
1286,и текущие,,857940651 1740745487 2320371214
1287,"игрока становятся равны {0}, но получаемый боевой урон при поражении увеличивается в",2/,1533017974 3138818658 3406726467
1288,Руна Прозрения,kv,4002260022 4074957017 3980439496
1289,При каждом повышении уровня героя есть шанс {0:,,344477173 967246564 3772480203
1290,повысить уровень еще раз.,8V~,1735993636 31101263 3991178355
1291,Список Наследия Поля Боя,"V), (|, (8",2737027694 2791547730 2518869601
1292,"Каждый раз, когда игрок выбывает, вы получаете {0} его случайный(х) навык(а).",Ec8ps54,2636500686 2601838454 263375293
1293,"Каждый раз, когда игрок выбывает, вы получаете от {0} до {1} его случайных навыков.","pZ, ;R",2163299251 187745340 157667785
1294,Увеличивает скорость атаки на {0:,"! , bj""",3781655885 2808492220 3716110282
1295,Уменьшает получаемый физический урон на {0:,"a+, D2",2384135184 3126842391 940171246
1296,и увеличивает,Vza65,3456338435 2165125270 3354077201
1297,Увеличивает множитель урона,"?@(, 10, 7$<",1932328421 3713525137 2317019363
1298,максимальное,"6U, rh, Y(b",4085085353 734383628 2745157634
1299,Увеличивает все эффекты,#W,3963506738 1976734283 1965608236
1300,Увеличивает эффект,"`c""p, ?,, >Z",510600394 2285933654 2196379959
1301,Увеличивает количество зарядов,"S6fz, 4*Bo",500384553 2110580968 2511334920
1302,каждый раз при нанесении,"v~j, lr, `|",1941744577 481644566 3332528716
1303,Увеличивает количество стаков,"\X5, ?e, [y",494106921 1341890084 3531086157
1304,Заморозка,8I;`,1707950999 2449240422 1724281919
1305,"Каждый раз, когда добавляется",,3436196067 3773868086 1731908672
1306,щит,"Gx_, P5, }8",3443323659 1669179069 2652800748
1307,количество слоев,"xi, fAj",1775542419 855025170 3462519033
1308,Рана,~\~,468218185 1243375831 1830488274
1309,каждый раз при предоставлении,"{M, {+",2542770710 3183915005 2754050862
1310,Увеличивает максимальное,"Le, [q",1081216532 3571881935 3576345778
1311,Духа,5m,1688184730 2596919833 2442763283
1312,и долю получаемого урона на {1:,,716212968 219520289 4015264309
1313,количество полученной,"q}', \>, O+[)[",4286684387 3141201103 2646809853
1314,дополнительно увеличивается на {0:,<<r,4047761843 1315255421 4272796458
1315,УСКОРЕНИЕ,":6L"", EL",2997967387 1100138295 700498723
1316,При добавлении,"4u, ?t, dsJ",4123318187 2435049852 4229353134
1317,количество добавляемых слоев,"X{e2H, } ",3668653864 3162405803 1727076098
1318,Бесстрашное комбо,l`,2758077656 1808003482 910992482
1319,При совершении,(j,3072829383 1822181434 3490162619
1320,базовая атака,-@,1459549061 4147164149 2676927067
1321,с шансом в {0:,"!U, q%",2435978673 2554691455 4241108439
1322,вы совершите дополнительную атаку (Эта атака может снова запустить комбо).,zd,1333545999 2513268121 3806492179
1323,Воодушевление,"[5, RQ",934458405 341603297 4211597417
1324,Каждую {0} сек. боя увеличивает,"y4, =,",1502760359 3967464434 896070994
1325,вплоть до {2:,,291004940 1336225107 3220614533
1326,Авангардная атака,s ,722082223 2800880052 1078278997
1327,"Каждые {0} сек. наносит маг. урон, равный (",,3233913028 699758267 274990168
1328,"ВАША АТК, - АТК ВРАГА",/BA~t,2021789412 2929244812 2642385353
1329,Мин. {2:,"@J, g$",143536069 2874061263 2792577242
1330,Безумие войны,"i,`:\~, mo, m{-",1899101182 4121521504 1507500254
1331,В начале боя увеличивает,,909568120 279155187 238187061
1332,показатель атаки,dWt,1453513095 3341957959 2564015187
1333,ед. на {1} сек.,"^\L, )w",667621634 3118392763 467588235
1334,Исцеляющая атака,"@Y7~, Bq",520289574 152575487 2368646627
1335,базовой атаки,"u9, B&",304683339 4073509685 2993060992
1336,есть {0:,y):,3058346487 1851910353 1618672406
1337,ед. здоровья.,";~$j, !co",658298393 143810584 2584682426
1338,Ядовитая атака,"oO, cs82",1688166183 2667864784 2774710157
1339,шанс наложить на противника {1:,"Xg, Yr, We`uC",3995195225 2439259398 1386591660
1340,стака(ов),:X#,3174184842 142591675 2838648437
1341,Заряженная атака,"Ev, iK",842468268 1181287494 2648748987
1342,шанс восстановить {1:,"q7, T3",2201749006 3700235195 578622665
1343,Увеличение атаки,"\m48, xK 7D#",2317385436 2157822905 467434648
1344,Промах,)?P=,2869558634 4207756748 4094511110
1345,Когда враг совершает,,405046612 3992221060 457348769
1346,существует {0:,"CER, ;`, &R",2432250810 4237225231 2246437342
1347,"шанс, что его",B',599496954 2997990281 2734084272
1348,не удастся.,$z,2438144060 393461853 2670690050
1349,Замораживаюшая атака,87c,3519097786 3462687036 1534595903
1350,Атака щитом,7TT,1778107359 1851421583 1992403548
1351,шанс наложить на себя {1:,"=uOT, er",44194680 2483345026 4122267011
1352,щитов,B1,1137524105 3655911059 1543081172
1353,Безумие здоровья,"Mh, q:, C=",1511998763 2428758313 2169185070
1354,Каждый уникальный навык ветки,"{=L, YJ",1594479174 526049352 3087546574
1355,Ранящая атака,"qs, [u",786108219 3736271616 4121228414
1356,Пылкое уклонение,".x&N4, SQ",2017189406 1259772598 607761450
1357,Каждое,49,2367807320 412609208 405027854
1358,"ед. на {0} сек., вплоть до {2:",#U,1514009262 3269321732 722858063
1359,Безумный крит,"Z"", @$x",264465216 2679829376 2448760557
1360,Каждая,{*e,4062758917 399938146 2057335108
1361,критическая атака,"6l, &n",2998739830 2959591038 3033205963
1362,Доля атаки,"PF, -8",300277074 3653873905 461328818
1363,Каждая единица,"iJ, Fg",3974609830 2375100252 1731423436
1364,показателя атаки,"Al, ws`",934703070 3767600907 1600702334
1365,т первому,"Oyyb, H9jt, ~Sm",3955419903 817829969 3049467136
1366,духу,"8f{+, 0P",2908953056 3211853861 2012249578
1367,ед. максимального здоровья.,"C%, {2?, 8H'",3623923017 3385343784 2525414466
1368,Яростная атака,"-|, 1a@yc",1519758414 391056071 2376098551
1369,В состоянии ярости," B, bF, jw",2600088429 2723958800 279486632
1370,ед. каждые {0} сек.,"mo, /M ",4059039115 1332022388 3268078992
1371,Идеальная отдача,"m_t, /r}",3680687172 1893806636 970888448
1372,После успешного,=\,1155839511 1377645835 3439006265
1373,с шансом {0:,"Eu/Z, 0~",2156608929 993885556 49441074
1374,"отражает урон в противника, нанося маг. урон.","ZCN, HU",4019091703 1443912198 836011166
1375,Магическое уклонение,"g%7, Gc, 0eOg, 4), UP",3297656955 3978528776 4269160363
1376,Магический урон также можно,+i,2925160706 1314120237 1283763394
1377,уклониться,"G~, r)",4087717866 2106754345 1391978222
1378,Военная ловкость,"y-O, =OF",2610388310 1930440037 3653257688
1379,В начале боя увеличивает показатель,"(YLZ, U_n",109400050 1444013857 234984955
1380,Контратака,n)x,1213504500 2308944168 918631122
1381,физ. урона. От этого урона нельзя уклониться.,"3r2, k4/",1004932368 2484303289 2599300980
1382,Увеличение уклонения,,2539151024 1062080351 3895445397
1383,Увеличивает показатель,'03,4085649033 3926130614 1422407100
1384,Ядовитое уклонение,,3591204140 571889337 1993937253
1385,накладывает на противника {1:,"3s, 0T, nP_",704216777 35898497 2478004798
1386,Морозное уклонение,"oO, .< ",363744791 2256634725 3358144802
1387,Заряженное уклонение,RT,3863333962 3752716234 3959719914
1388,восстанавливает {1:,vW,2972950368 101818523 1305899764
1389,Исцеляющее уклонение,"F|ld+, '.",3036132097 3566764972 1797185573
1390,Защитное уклонение,"jt, 0f, p[",4294372884 350281789 3922985611
1391,накладывает {1:,">Q, ;r",309654670 2835036158 1675829659
1392,Ранящее уклонение,"H/, 9O",812820698 1383676762 3420099896
1393,Ловкость здоровья,"rD, 1%, H]P",816902047 714450092 1735145752
1394,Устойчивый взрыв,"1}, }J, 6<, ''",3301333355 4149588776 1357005545
1395,"Каждые {0} сек. запускает во врага взрывные частицы, наносящие физ. урон в размере (",ucJ,3189609904 47287409 1209141271
1396,х {1:,nz,1095352419 918596787 2827497255
1397,Оковы уклонения,"FC, Q9K",3177195856 773855909 1801860520
1398,"Каждый раз, когда враг совершает",Mz,4278784234 3544735719 2823689061
1399,"шанс, что оно не удастся.","XGP, hh, 1w",1145776892 1289305595 3404823752
1400,Доля Уклонения,";{A, (""K, lJ*",2747005603 2446687681 2154794907
1401,Каждая единица показателя,"Gw, w09^",4125711025 2474140709 2730621980
1402,Яростное уклонение,;u,2813005593 3457110490 1619209178
1403,В состоянии ярости увеличивает,,1402277664 3107716046 1279006680
1404,Святой взрыв,'@,1486775293 1601320220 1874157580
1405,"В начале боя, наносит",,1360784498 3649760856 4251078262
1406,святой урон,"3se, ]>, ax, +)",2605603268 2699998634 2055575716
1407,в размере {0:,.>,1313756690 1680190790 2736519695
1408,максимального здоровья,,2712179920 3719524382 1199344430
1409,противника и снижает его,^~,1047666038 2801989314 3610200173
1410,на ту же величину.,"87, L4, HdO",3449571258 3963749392 1433733736
1411,Магический крит,{6-,142587368 1090600998 1889423194
1412,Ваш магический урон также может нанести,"p., |^",4148581033 2130577542 2243307320
1413,Крит здоровью,"XHn, 6E, 8/",127945634 3022462841 1553273532
1414,"наносит дополнительный урон, равный {0:",,2816389782 1112090923 3788150945
1415,текущего показателя здоровья,;n,1584712448 2018404877 1927185927
1416,противника.,YM,2973580514 4290671545 1243381763
1417,Неистовство войны,(>,2344488436 1828273827 3350538731
1418,крита,"4VF, <aI<",1391072327 741930231 3831104086
1419,Исцеляющий крит,"w), T|",1009985363 2166747187 695360584
1420,Увеличение крита,cd,3799232371 1069490154 3469487986
1421,Ядовитый крит,"st, 9i, K6, bD",843688124 3699939239 1832053846
1422,Замораживающий крит,OZ3L<,460891579 110226426 2104625481
1423,Заряженный крит,"5/, g?",1455885216 1529078961 1385467482
1424,восстановит {1:,,1894210452 940388555 2224656635
1425,Защитный крит,,1648802761 4125968367 1243706568
1426,накладывает на героя {1:,vOV,2139292249 3202580790 4142575525
1427,Ранящий крит,")E, 8$KL",2998007191 2358886440 16148417
1428,Неистовство здоровья,.n,817531080 2516342394 2534836528
1429,Защита от крита,"99m\, ""m",1297628179 3489061066 2023040682
1430,"Каждый раз, когда противник совершает",", , <Q:, W[",1497937489 1826966675 3163400824
1431,критическую атаку,"6e, :5, Yz3",2214530572 1139785668 738234541
1432,"шанс, что она не удастся.","EZ, ))a+=E",1850061776 3283003140 4215839266
1433,Доля крита,7mm,2085427154 3963351205 905395261
1434,Яростный крит,5(g,1480134938 1305184976 190862383
1435,"В состоянии ярости, показатель","|ch, _o, ^a",1549056121 3505682345 1225570047
1436,крит. шанса,"S., I', /m",3398394739 3214283501 1570848981
1437,увеличивается на {1}.,vs]TX,4168702423 2334949419 3486840932
1438,Священное возрождение,"[=, Ri",3581610612 2471288364 3019083774
1439,После первой смерти герой возрождается с {0:,"__Rd|, G(, -j",442168009 2150634411 3871078712
1440,здоровья,"|0|, ;xhQ",2027954945 353725499 2500010267
1441,Снимает все негативные эффекты.,E6,437164950 627551161 3368748127
1442,Удар здоровья,"s}, 0=%",2339079467 2689625362 3764116317
1443,"Наносит противнику физ.урон, равный {1:","]H, {4, oI, ng",3225889140 763852002 1446470798
1444,от собственного,$A,2067219288 1445749139 3004685912
1445,каждые {0} сек.,,1473545412 1431258173 4285776732
1446,Прочность здоровья,"l!, >,, #$",827134879 2700058036 162103268
1447,потерянного,;?>qc1,774014242 2781708272 876571516
1448,от Макс.,"v`, I~', 6S%",238116732 3575691308 1795012395
1449,увеличивает весь наносимый урон на {1:,"mq, M;, v/zOm@C, <;y",304196019 134460921 3987488320
1450,кроме,"K%, <$, |<WD",397696547 356333645 3084735980
1451,святого урона,"8?V l, /}.",1342500794 3754468652 3642734687
1452,Магическая защита,"N', si, 0D",1386816360 1744032873 1474507542
1453,Снижает получаемый маг. урон на {0:,"I&, yH, &J",373479599 2700360858 220842420
1454,Живучесть,"yu, !f",1434002535 405131608 955996737
1455,потерянного здоровья,"JL""r=, 3@z",928546693 1694084826 3025196126
1456,Увеличение здоровья,"{?, wq",2583774900 3828650701 3456680736
1457,Ядовитое здоровье,"=W^;, Hf",3968068595 4156206968 2599076596
1458,Каждые {0} сек. накладывает на врага стаки,"N., 3""",2098323310 2688429467 180865007
1459,Мин. - {2} стак.,=z,2895603214 3298978178 2612103466
1460,Морозное здоровье," "", mG",3145523133 4281614737 1074697237
1461,Ранящее здоровье,"Wdu, m&",1355819140 4117095037 294305249
1462,Кража здоровья,"Jd, +VJ",2044909279 2946520051 2490803752
1463,В начале боя за каждые {1},""";t, ;V",1852788197 2169150011 4285246863
1464,"врага, крадет у него {2:","29, tk, qYp",1621683718 1799401612 2262433971
1465,вплоть до {3:,"PK, )=, 7\X;",1754063349 2847186892 2934921430
1466,Заряд здоровья,"&.w,%, H2,  ?jV",410553687 798581663 2044740835
1467,За каждые {0},,904073259 2974294822 1320161112
1468,героя увеличивает эффективность восстановления,"1S, JD",601673453 144464256 2091562397
1469,Защита здоровья,zF,457392450 448137761 1985363681
1470,Каждые {0} сек. накладывает стаки,"l{9%, ~&, ""$, h?",1054332429 3893359467 974768037
1471,потерянное здоровье,"PLDE, Vh, ue",2529658955 2338150435 3649540012
1472,Минимум - {2} стак.,"IHM, OO",979781538 852693012 802701439
1473,Доля здоровья,"cX, Zu, Z$, )Q",2759097301 864681542 1196002158
1474,Каждые {0} ед. от,":ns, xK, ""z, ijfM",2970571322 2072951421 3546243063
1475,Ярость здоровья,,3803387510 76571285 3689338592
1476,Каждые {0} сек. увеличивает,"uO, e&",438041915 245869989 3050926954
1477,гнев,"_kx, mS",2149692564 693663347 16177493
1478,Лечебный строй,C',1660329204 1565765771 4214740148
1479,Когда впервые ваше здоровье падает ниже {0:,,4000235494 3289746132 2516673989
1480,мгновенно,,852536512 3453505523 2549167643
1481,"ед. здоровья, затем каждые {1} сек.",pe,2007870034 3636746875 2434952423
1482,по {2:,`[,1411595400 1563418239 2393890706
1483,ед. здоровья в течение {3} сек.,,2320754304 2568631391 1676516893
1484,Лечебные лучи,oq,644620569 1532922024 1107519500
1485,Когда вы,,1042750308 1949623132 1908450410
1486,восстанавливаете,3s'lr,4143304194 1946763402 4178338367
1487,с {0:,)z8<;,2049604691 3112644647 3645637359
1488,"шансом рядом с врагом появятся лучи, наносящие {1:","v;,  Y",430326266 2790413952 2729285860
1489,Медицинский взрыв,"(k, \~",2989081 405303238 3341325138
1490,"Каждые {0} сек. атакует врага священным светом, нанося физ. урон в размере {1:",/k,1380981177 2246870092 4074715730
1491,всего полученного за это время лечения,FO,2689961990 1264967521 868775837
1492,Мин. урон,,1855089896 245667887 1421384837
1493,Похищение жизни,"||<, #T",1567591129 225460533 3809462584
1494,"При нанесении урона врагу, есть {0:","Ii, OV",3114409412 3247302717 3865371558
1495,Естественное исцеление,,206467145 3894260601 1861035083
1496,При,#(4,4681918 846883718 3812758770
1497,восстановлении,6s,3054724360 2232656232 4101829790
1498,шансом накладывает на врага {1:,1?,1532654457 3623607264 1467687159
1499,Морозное исцеление,"G], ud",1553408362 999495562 3257767101
1500,Защитное исцеление,e-;,2208080249 1732093859 1050223820
1501,шансом накладывает {1:,2P{,2191334800 3043617127 2260055215
1502,Щитов,j],1553472134 2306068884 1233685405
1503,Ранящее исцеление,x#&,442411069 273347290 2040939564
1504,Блокировка исцеления,,2322269538 3928816562 251080497
1505,Снижает эффективность,"m%G, `Yy+",2159979133 2448850019 3516024793
1506,врага на {1:,"/x""",2928871853 4118565863 145552936
1507,Ультимативное исцеление,">%, $#B, eE3",3654837298 2087875073 2093846094
1508,Запуск,;J,2624572547 207032152 793306357
1509,Контроль регенерации,iR,1821628772 2985423196 4024846365
1510,духов,"Pm,",1166141860 2973468218 2624496284
1511,очков здоровья герою каждые {0} сек.,(f,697975260 2419724928 2628264510
1512,Исцеляющая ярость,"K), By;, Z;X",3849375651 2697496958 396839592
1513,Преимущественный удар,"Vz, ;Hq",2988391714 2704547447 1548384147
1514,В начале боя запускает,rh,791418254 3760141620 2378871587
1515,Ульту,"at*;, D=, y-",3864285114 2064661208 1769952444
1516,с эффективностью,"4(, GS, RE, Ci",740016223 793501783 100580699
1517,увеличенной на {0:,"0*, 62!",4222450920 4112609889 4072025337
1518,Ультимативная энергия,"J(Q, ~l",2134784576 4119972975 3625866700
1519,После запуска,"x6, ?k, | R",707578132 3076117266 3631614039
1520,каждые {0} сек. восстанавливает {2:,,1000120200 3682141969 1344568853
1521,в течении {1} сек.,"\W, O:",2254624749 545722806 3637689218
1522,Ультимативное оглушение,"U%?, 6lr",2299878475 3393429666 2796138879
1523,оглушает противника на {0:,,340237140 1878778535 382509148
1524,"сек.(Невозможно совершить базовая атака,",^y,2304706560 1901185666 1797684877
1525,или запустить,"<.N, $4kiu",4187230300 1110871173 3379360901
1526,Заряженный урон,"@H, 9gi, ?Z",870255563 1629301113 2572618892
1527,"При нанесении урона противнику, с {0:",X9,1639758767 2656009386 601125754
1528,шансом восстанавливает {1:,.O,1745753687 806445440 3403500833
1529,Восстановление энергии,"R"", e6U, /h",3735250246 604519947 1626091449
1530,Восстанавливает {1:,"lV, f;@",1136050189 1747234268 2119529982
1531,Ультимативный щит,",{9F, y3",102521604 4024347335 272422283
1532,Ультимативный яд,"9s, zd",2819641853 1744853418 995932063
1533,накладывает на врага {1:,"0X, a|, :u",2610748381 1645632513 408700861
1534,Ультимативная заморозка,g_S4d,2498014967 1699054668 1762310088
1535,Ультимативные раны,"c-, o:m",4017249434 3773877746 758091133
1536,Стоимость энергии,`],2591472702 4040189810 3472358244
1537,Снижает восстановление,"x^, \9",618742617 773558074 4093816316
1538,противника на {0:,"/[, d@",1272997499 2043980982 2014960461
1539,Контроль Ульты,"5B, ;<, /+MC",3684644459 1532173938 4290605492
1540,на поле боя увеличивает эффект,"\}, ]4",370135626 606909667 3832039406
1541,Энергия ярости," ~9, Np, B$O",2250457092 2479718093 2688563678
1542,В состоянии ярости каждые {0} сек. восстанавливает {1:,"ym, SPr, v[",1697855158 1682656768 3826875492
1543,Ядовитый взрыв,,3041698682 1090684527 2014166212
1544,впервые опускается ниже {0:,"*=, ([",3084333395 3595548705 3848565809
1545,и мгновенно наносит урон,"oS, <I",2006558498 4191769708 1849806943
1546,Ядом,"|c, PH, )8, %>s",1864339026 4214095741 2276058955
1547,Ядовитый плащ,"}1, 1f",4261702074 3273803533 2900966693
1548,При получении урона есть {0:,3~?,1045239211 1104565660 2741253513
1549,шанс наложить на врага {1:,"/p, Zc",2408450804 3132517957 334664426
1550,Предбоевой яд,"vpF, uj, )H",419649190 2928274776 1428011677
1551,В начале боя накладывает на противника {0:,"D,, cL, ,<",2574731705 3986307520 1543951217
1552,Урон ядом,"gcDGm, G$Nv",3513133263 591211908 3045076042
1553,Когда противник получает не,8o,2271122791 3856766668 292897068
1554,ядовитый,"uJ, )'}",650815460 1693405439 2920494678
1555,"урон, он с {0:",E`J),3647976557 640206839 2853255753
1556,шансом получит дополнительно {1:,"I""v, 4m",4264611979 3466616856 2573294240
1557,ед. урона от,"e#, k`",4280848243 351956395 2467997225
1558,Стойкий яд,"giG, Df, *%",85592154 2075937564 1384654703
1559,Каждые {0} сек. накладывает на противника {1:,"L_""F[",2328793815 3430090624 2074069397
1560,Ядовитый щит,")*w, X9",2436236425 509070218 1593032094
1561,При получении,<ZS,178319315 565236790 576244114
1562,шансом накладывает на врага {1} стаков,,3972356850 3853466327 162687443
1563,Ядовитая рана,^C,203606680 1065590534 2605527193
1564,"Каждый раз, при наложении на противника","Ea, D@V",4233456999 2936473265 2363384972
1565,шансом так же накладывает {1} стаков,"9W, *u, )y",598627488 50568146 1828751051
1566,Антидот,"_JrS|, (y",2683245710 382624555 2098922657
1567,"Снижает урон, получаемый от",,3313868394 3811167561 3597666971
1568,Ядовитая заморозка,"v\, vf`, p-",1637783192 940302075 4085029790
1569,на враге дополнительно увеличивают урон от,"\<, :T(, mX0)",945221946 3040665740 2154404544
1570,Контроль яда,"s_!, G""j, Y)",3337100579 3000294022 3957155725
1571,Добавляет (количество,"a:\, -2",3837301362 4137968870 2920039152
1572,противнику каждые {0} сек.,"~S, ,|",2637020906 492438052 1154171340
1573,Ядовитая ярость,HXw,3473297450 3414334739 2215905521
1574,В состоянии ярости накладывает на противника стаки,"27, v(",2645547364 1933774504 857509863
1575,в размере (текущее значение,"%fIQR ^, siYy",3072602961 3412450937 1577076115
1576,гнева,G\,3588884753 2654415181 1698243381
1577,Ледяная звезда,"_', UQp}Z6, g9",2910668076 3560531213 2986213716
1578,"Каждые {0} сек. наносит противнику маг. урон, равный ({1:","c1B, r5Z>",2640270217 579400981 485800372
1579,текущее количество стаков,,3404126226 473017 2346252536
1580,х {2}).,,3894389104 792693449 503587759
1581,Предбоевая заморозка,"@u, {j, \J",1271216347 3331845075 4101468867
1582,Морозный урон,[{<-,3263178946 3155529140 325259436
1583,При каждом наложении,"HX, juz",2621769792 766958865 628986467
1584,на противника с {0:,"j?, UN(, 1g",3486145552 954497254 3500882099
1585,"шансом создает рядом с ним сосульки, наносящие {1:",6~`,3291526457 4274628559 1791626576
1586,ед. маг. урона.,"Lc, mY",55883202 2275070798 563891222
1587,Морозные частицы,"kF, s"", dJ",1798712605 3286580703 3293527411
1588,"При каждом получении урона, с {0:","`a4, Fe",1197950060 4062384875 3962416571
1589,шансом накладывает на противника {1:,,3390585657 1073193077 731873826
1590,Стойкая заморозка,Ou+,1527702920 190010236 186016015
1591,Ледяной щит,lh,1550300816 986152203 4244289875
1592,"Каждый раз, при получении","L!, n}",223408358 1580431526 1353646434
1593,шансом накладывает на противника {1} стаков,"l`, @_",2110729371 398366604 2026580149
1594,Морозные раны,Na,2131321073 826041528 1147616354
1595,"на противника, с {0:","t\k~, ^)",3899939478 4127887528 580721741
1596,Стойкость к заморозке,rX,530860183 2419310472 2718055502
1597,от противника на {1:,@|,3411400142 4268906600 1468821129
1598,Контроль заморозки,EO,431070291 2319332269 2871317740
1599,Морозная ярость,"! , $GaT, q)",2642001670 990001226 3978472073
1600,Финальная защита,""">, b&",4078757710 1257566571 868677621
1601,"Впервые приближаясь к смерти, герой получает {0:","@Y, PU",1033657838 3027581982 3288204776
1602,а так же накладывает {3:,"0"", IB, Cb",882280022 2232968216 2909958003
1603,каждые {2} сек. в течении {1} сек.,Ra),439399778 627338096 4203252712
1604,Предбоевая защита,"""j, Pm",394686964 2487896333 2681190380
1605,В начале боя накладывает {0:,T]U_,2955616253 959574140 898690370
1606,Мастерство защиты,QIl,2509203743 3651964000 1271331330
1607,уменьшает весь получаемый урон на {0:,,3140498749 1930697701 3267712797
1608,Кроме,A]`O,1810305623 190639453 1053267031
1609,Удар щитом,"W)3, ~3",656888786 3636340037 4045247496
1610,Каждый раз при получении,eJ,3319085825 1951398418 1416795854
1611,"создает вокруг себя и метает в противника щит, наносящий {1:","z8:, nO, Hg",1253173304 3259009423 2629127420
1612,физ. урона при попадении.,"ln, 2w",762455521 2606907297 2030830218
1613,Базовая защита,7u,1670460952 578133763 3522483259
1614,Накладывает {1:,yK,884860657 2106072002 3017144421
1615,Щитовой удар,"dOh[, RCUQ, I|",2601333219 1452900400 2067903570
1616,"Каждые {0} сек. наносит противнику маг. урон, равный общему количеству навыков веток",}k,3091079538 105466512 1342266886
1617,раны,e2,362202941 1475312159 409529663
1618,Блокировка защиты,,47356490 3952948391 1771664435
1619,противника на {1:,"5"", %w",1479309909 2726191469 1959515889
1620,Контроль щитов,"e~?, 5M",131341998 3349470693 256731093
1621,герою каждые {0} сек.,,192403749 1065751881 1726124394
1622,Защитная ярость,,327010576 4103020821 2604933493
1623,Преобразует {0:,"&1, Sv2-Q>#*, E-",2238608591 3025966514 496503975
1624,заблокированого,jR,1061931901 1326917246 3437567147
1625,щитами,s1~,738621363 663841044 1464139119
1626,урона в,"o!W, qG",3519612145 486047539 3497564520
1627,Бесконечная гроза,"Lm2, ~:",2587073778 557117502 3526871468
1628,"Бесконечные вспышки молний окружают врага каждые {0} сек., накладывая {1:",Iv,1827099376 335741419 3689200082
1629,и нанося {2:,";9, (L",1599498440 3207886473 793478801
1630,Предбоевые ранения,"*%, `A",1785914425 3459868860 3113979875
1631,Мастерство урона,"?-, C;",2413737348 3082322257 2976184953
1632,увеличивает весь наносимый врагу урон на {0:,"oy, G]",2775156714 1175643819 1220997429
1633,Проклятье времени,=/,2515331191 1375236611 878322090
1634,"Выпускает проклятое кольцо, охватывающее врага, которое каждые {0} сек. накладывает стаки",z/w,2887684741 910236128 3346938925
1635,в размере (текущее время боя в секундах х {1:,BV,3578946140 853704626 2086418130
1636,Стойкие раны,"Q}, ?[(",3850020367 1784732061 79883216
1637,Стойкость к ранам,dHFP,3407940869 1904878380 2673727560
1638,Контроль ран,Wk,4246227816 348331789 4076227136
1639,Яростные раны,p:S[,1763204664 3379685008 3129787334
1640,в размере,"nn, ir",3240951078 2725062508 856972984
1641,текущее значение,"vo=, )_",2353336477 36567774 3813282933
1642,Духи-близнецы,"1a, 3#",1167176250 207214143 3334450370
1643,В начале боя призывает {0} дополнительных,CeF,279004904 140036861 1530166624
1644,которые имеют {1:,"em, N.U$!2",3009302413 2428097006 3554189483
1645,основного,"9u, 2s%, (g",2096285903 2815519027 2850535711
1646,Вызов защитника,"jU, d[E",2438352876 3323205080 4062569090
1647,героя впервые опускается ниже {0:,"tg, 4|",2535156059 387800398 1903502346
1648,призывает для защиты {1:,"+], Yj",4061306584 1983673116 1189857901
1649,с {2:,"];, % , Ja",2382666541 4162473059 3184987984
1650,Погребение смерти,b?@,3901569695 1423620529 37092070
1651,В момент смерти,zJ|,4256451783 2214416472 3491218190
1652,"бросается к врагу и взрывается, нанося маг. урон в размере ({0:",,116853352 2516099193 2361687001
1653,Снаряды духа,r?,2148365371 903422129 326142727
1654,"на поле боя, каждые {0} сек. стреляет в противника снарядом, наносящим {1:","A9Q44)'!,  r",3772792080 2787049175 610496983
1655,ед. физ. урона.,K.Xhl,38347228 1141800408 3599750279
1656,Договор с духом,wD,1848826037 2232843252 588490467
1657,Увеличивает максимальное здоровье первого,m[),2153583019 3229985764 1415684749
1658,Изгнание духов,"zq\], _1",3857336203 3829033011 89821355
1659,Снижает максимальное здоровье,"|""B/(",3491359303 26384743 1538955807
1660,Возврат ярости,^cz,2522968211 1744323998 1359956291
1661,"умирает, герой получает","t'U}, vp",780110711 1769920130 3430862901
1662,в размере {1:,"fH, 2fR",417667049 2140225702 1755087904
1663,от максимального здоровья духа.,:VYT|l_!,4242251883 1072942167 1477710773
1664,Пылающая ярость,"K6, w-, SpmO, Mq",2028866084 40088716 135565038
1665,При вхождении в ярость получает {1:,v}`V,1532340398 2712927551 2603275224
1666,Гнева,n~,3585833671 2665262824 1020073143
1667,В состоянии ярости при угрозе смерти тратит {2},"6>U, o]*B, on63",189707786 2841811864 2518807249
1668,для уменьшения урона.,"1A, 30-",1655223209 1254459657 2457718239
1669,Выплеск ярости,"uW,",3038250962 3066048441 2961176808
1670,В состоянии ярости каждые {0} сек. наносит противнику маг.урон равный ({1:,"\(X, WC",2478053780 1346349278 995270101
1671,текущее количество,"I}i>, 1A",927453135 3076854042 3901696231
1672,х {2:,"2<, CK, bF, R@",246845735 4175635882 3245450808
1673,Забудь о боли,,2405237158 1131306088 2493899761
1674,В состоянии ярости снижает получаемый урон на {0:,$2,2387810551 2145580218 2082486347
1675,Усиление гнева,"bX, y&",977554259 1021397184 558260347
1676,Увеличивает продолжительность состояния ярости на {0:,"-W, ho?c",667888299 1380864870 1516325321
1677,сек.,,677228100 3076916754 430675820
1678,Базовая ярость,"2-~, n"", D-",385136448 698463244 3233067844
1679,При получении урона герой получает {0:,xp,787064020 3724539014 2674913565
1680,Цена гнева,"2z, r#z",135614299 44527174 1104520080
1681,Снижает получение,+c,1216085779 153953412 153510856
1682,противником на {0:,Gk,2878901905 1762988847 269566235
1683,Священная Метка Полумесяца,"TQn, shq",598930626 3245774342 2192329509
1684,"сек. выпускает полумесяц во врага, наносящий {1:",Gi,3318942002 2394587339 2942687135
1685,Предбоевое Ускорение," H, h|^",1418205569 831702254 1636222440
1686,В начале боя да,"N%, xN, Cs",2046607084 4141392118 1561442737
1687,т {0:,:T,1879591354 4102518728 1633584706
1688,Заряженная Ракета,"FO|, =-C, +&",1644838583 1656535927 3199784065
1689,"За каждые {0} срабатываний периодической способности запускает ракету, наносящую врагу {1:",,380149681 380635936 75638185
1690,Цикличность,{g,3314946574 4022950989 4113995790
1691,ускорения,"JXDo, W9",2049020978 193527020 3237179625
1692,что автоматически будет примен,jd*,3826875985 3093440211 330976027
1693,н ваш периодический навык с наивысшей эффективностью,"8N, )P",2649977910 771655296 43817937
1694,раз(а).,Q0,4099904906 1271896021 3172360165
1695,Базовое Ускорение,,1785924643 3347269967 3155907526
1696,сек. добавляет себе {1:,S){,51577215 3044395892 335482420
1697,Ускоренная Атака,CTd}A\,345272854 1298915034 424341465
1698,баз.атк,`t,3473595319 723018506 3342346011
1699,Жизненное Ускорение,"\r-, h6, ""`, O?",2012105671 3827174867 516279821
1700,сек. добавляет {1:,"y\,  <7",3477093131 2813286969 1514548939
1701,в зависимости от,"?~], #:",4068926933 57707208 1781202377
1702,не менее {2} стаков.,">), ]3",3433233542 4278054882 3865271101
1703,Морозное Ускорение,Lc)C,1512051537 2969111614 3423621101
1704,Если у врага есть стаки,"<2, zJ, ]X",1168398236 132880545 4089976695
1705,при добавлении себе,"TY, ~=",2972124466 3622320088 4235278004
1706,добавляется дополнительно {1:,~|s,3524326743 2775622049 116855676
1707,стаков.,,2665766892 1191816948 1098049301
1708,Ядовитое Ускорение,"-4, Bi",1183509144 2072465804 3185033204
1709,За каждые {0} слоев вашего,,2161326529 4037450254 2865836105
1710,эффекты,"4L, d8, {eI",2586302070 4128640906 1241932005
1711,на враге срабатывают на {1:,,1263805285 1352209616 56991131
1712,быстрее.,)i=,2246392386 993015067 1073329312
1713,Ускоренный Щит,"8T, MY, Ph",3841581593 769242593 1901366251
1714,т {1} стаков,9d,3426838925 614339191 3329777644
1715,Ускоренный Ультимейт,"}b, [rZlD",2205492255 1123798683 4118757936
1716,Каждый раз при использовании,"eG\], ,no{z",1862644629 4135780507 3787862778
1717,ульты,!}&,1319852918 2506951539 1160670033
1718,Исцеляющее Ускорение,"pI, d], Y&6",3099999689 2290518216 2882795137
1719,Каждый раз при,"@Ad!, T+, pRg",694887802 755846469 3800759641
1720,здоровья с шансом  {0:,"~\, @p",3495148918 2171585409 2335802827
1721,Ускоренная Уязвимость,?:,3892107760 766463366 1283132790
1722,Каждое наложение,")Z, QF, MM",2066349069 4268772692 135692087
1723,на врага с шансом {0:,,1138171589 1798150796 2601290029
1724,Ускоренный Крит,"!l23, tcV",4225836539 2109905314 3063928550
1725,Ускоренное Уклонение,"Q}, lm, "")D, 6`",44442657 568376942 2594366639
1726,Мастерство Ускорения,=wX,870819981 1814814250 3282785923
1727,При гибели,P.,3109678359 1378093622 818357747
1728,т ({0:,"4`:, HP^",2482296331 764680848 2245449834
1729,максимальное здоровье Духа,"EYF, RUd, ^H",1309986266 3172405490 992796364
1730,Яростное Ускорение,"3IN, co(, qo",1260811782 3866822683 3018343874
1731,При вхождении в состояние,|h,1388591014 2386963184 3963327390
1732,ярости,"ue@, MKL",2901943478 2405404193 1133747910
1733,Истощение Ускорения,hf,3296038894 3142385559 3155931475
1734,Снижает эффективность получение Ускорения врагами на {1:,O@,226387449 74363101 2228716298
1735,КОРОЛЕВСКИЙ КРИСТАЛ,lt,453327483 3627192765 2426322079
1736,Материалы для разблокировки героев в каталог (получение в магазине).,"K+#, +C'",562912571 22256924 1975036482
1737,ПРЕМИУМ-ПАСС,"&K3, 1&",1941796313 119784482 2515487042
1738,Используется для разблокировки премиум-канала наград в Руководстве по Сезону. (Получен в Магазине),~Q1eA,1848222919 399943078 2555588707
1739,ТАРО,"sV, iW",4293956739 811656293 540355406
1740,"Используйте 1 на этапах [Выбор героя] и [Выбор сокровища], чтобы обновить параметры (доступны в магазине).","40, os",38584544 336244107 3019691851
1741,Используется для покупки товаров в магазине (доступно при пополнении баланса).,wP,1407599763 29396130 4036473869
1742,ОСКОЛКА КОЛЛЕКЦИИ,jX,3177682055 380070916 1522006334
1743,Используется для обмена другими предметами в интерфейсе Коллекции. (Дубликаты будут преобразованы.),"b , wj",1797538472 2474855620 3616307940
1744,СУНДУК ДЛЯ КОЛЛЕКЦИИ,"x=C, tD.",1309220708 35888597 3979171319
1745,КОРОЛЕВСКИЙ СУНДУК,6),3388170326 3311419126 51281369
1746,"Гарантированный предмет, которым вы не владеете",/(,2722141628 4127902243 547508581
1747,Цветы,o ,2769751723 2554919978 229683702
1748,"Цветок, который можно использовать для поддержки вашего любимого игрока в турнире.","V(, Cf, .H",2029194354 1487854839 4024430930
1749,Таро - членская карта,-},4199757820 952257606 2736184523
1750,Предмет,D!,1803336641 1126324865 2472893833
1751,Скин героя,"BU%, lA",2415517513 2653220452 2606044489
1752,Поле битвы,".8, .6",3687621827 2358389453 1131976403
1753,ЭФФЕКТ ПОБЕДЫ,@#,2179344437 4273708767 2061962272
1754,ЭФФЕКТ ВХОДА,"sBV, Wr, Hz",2980390721 4120332224 3450066023
1755,АВАТАР,"t-, Lw>X",139828552 154741322 1777856451
1756,Бесконечный сундук,z'6N-,127984351 4266698116 2607307689
1757,ПРИЗЫВ ГЕРОЯ,|#,2050925517 2770270707 2291325766
1758,В боях доступные Герои в фазе [Выбор героя] +1.,?`,1673206042 1238722455 1432940776
1759,ПОЛКА С СОКРОВИЩАМИ,,3105584853 2022547825 3012152501
1760,В боях доступные Сокровища в фазе [Выбор сокровищ] +1.,%P,3576847039 830021203 2654331798
1761,"После покупки вы получаете 30 попыток получения. Каждый день можно нажать на кнопку получения и потратить 1 попытку, чтобы получить 6 таро - карт.",\0,901247506 4032336583 396285073
1762,Способы производства: Разблокированы по умолчанию),"j+, w}, +A",733691936 3070925455 3312706729
1763,Способ получения: Руководство по Сезону),"riI, UR'=, H:",42589814 1904605004 3984894859
1764,Способ получения: СУНДУК ДЛЯ КОЛЛЕКЦИИ),"j&, UH, NE",449870525 3267750770 511378840
1765,Способ получения: Коллекция),,4091749521 877002613 2630548353
1766,Способ получения: Торговый центр),M),3401959938 860766530 866380806
1767,"Способ получения: Коллекция, СУНДУК ДЛЯ КОЛЛЕКЦИИ)"," 4, MM, ~3",2423013530 3863042621 1093886368
1768,Способ получения: Суммирование по Сезону),"#[o, FXKP",2260354499 3174317388 760515788
1769,Метод Получения: Путь Славы),ky,227524542 539932185 1600480414
1770,Способ получения: Магазин-Ограниченное Предложение),"bu, FA:C, cs",4124868818 1115191139 2907512305
1771,Кристмасский ограниченный выпуск 2024 года,r%\,3827430795 3054877014 143007050
1772,Ограниченный выпуск для Нового года 2025 года,B+,729823146 2613217370 3077161372
1773,Получение: Магазин - Легендарный сундук),"k[b_^, D|",3755174814 18950255 4119458576
1774,Банда пустынных разбойников,"R?sh, jj, D&g",4034483139 2588562311 3121179134
1775,"Отбросьте бесполезные милосердие и доброту. Здесь, в пустынных песках, выживают только самые сильные!","Pl, ]5I, ""Px",103071197 797007932 2580348385
1776,Инфернальный страж,,49325361 2671971916 3603119989
1777,"Кипящая лава, пляшущие огни",29,1008131368 112727970 2589725888
1778,"даже в безжизненном месте есть те, кто охраняет свой дом.",pwg,631974006 771830914 676120397
1779,Королевский гном,"&>, `&, /}_}U",1880147322 2564956765 2275416679
1780,"О! Он действительно выглядит гораздо внушительнее, чем обычные гномы. Золото",KtK)3,1119278662 1116817087 3211898704
1781,великая вещь!,2)v,3705270570 54003914 3584339255
1782,Самурай волн,,1471528708 2921801787 546217110
1783,"Наемники моря, следующего за водой, говорят, что они могут появляться в любом месте океана, следуя течению.","71a"", t}, [v",3174840614 416514474 4086756013
1784,Племенной знахарь,"5O7, ZQos",1775923514 2713431673 3804235641
1785,Глу-глу-глу! Я добавил яд гремучей змеи в этот суп. Скоро у тебя больше не будет болеть голова!,g ,982145090 772725565 2112594941
1786,Оскверн,0&,346999919 1523786050 395083530
1787,нный доспех,2s,3899037320 1079421283 3783545420
1788,"Снаряженные продвинутым оружием апостолы хаоса, говорят, значительно повышают шанс моментально уничтожить врага!",",IO, >?3bQ",994086900 1001549964 341337189
1789,Ученик магии,Qb*,3312032568 2639598584 2000734575
1790,"Моя зеленая мантия испачкалась. Как думаешь, этот наряд мне идет?",~\$,999616274 136413336 4246493399
1791,Дикарь-марод,"/i, ak",3101731187 1764632776 1747664812
1792,Почему-то в племени появилось много мародеров. Невинных путешественников уже явно недостаточно.,]nw,570004493 1185648730 3594791314
1793,Бессмертное солнце,".*I_, 2:",3684321045 4005021212 1310541296
1794,Солнце питает всю жизнь. Давайте стремиться к славе солнца! Рррр!!!,"~58, WHZS3",1885075321 2131969275 1357043220
1795,Вождь Железных Быков,"e)~h, ]=, ;H",471694542 171477756 3721274606
1796,"Где ступают железные копыта, пыль затмевает солнце! Этот легион не знает отступления, а их боевой клич сокрушает горы.",'@1,447218315 1211790079 877913025
1797,Темный жрец,"^k, tC",2116260218 2284985684 3730432095
1798,Что они шепчут тихими голосами: молитвы об искуплении или заклинания разрушения?,"g_[, Qu, @y",2336516017 3799383832 2448639842
1799,Сияющий Свечной Дух,,1814381588 3290823283 2605979672
1800,Мерцание свечи и ледяного кристалла едино. На стыке дня и ночи увидишь его с фонар,"oo, a)",1537414574 4106317052 96988596
1801,"м, блуждающего меж талым снегом и теплым туманом.","z;, UP, -6",2404200740 3187858520 3526570252
1802,Рыцарь в Железных Латах,"K4, M,",3046384427 200980196 3018207516
1803,"Когда они бросаются в атаку, дрожит земля! Они","^ , L1, Ka",252027625 3377115944 2694947504
1804,"движущиеся крепости и живые молоты, сокрушающие ряды врагов.","?Jqe, ]$Lc",4277557420 1376718670 3054388124
1805,Спартанский страж,"XQ, Jw, \h",2157844033 3484559222 1634731874
1806,"Пока стоит армия Спарты, над этим каньоном вечно будут реять алые плащи!","$-, ^Fu.",3709827113 1944638998 2091136936
1807,Охотник на Касаток,,2668684212 939545008 2612871596
1808,"Видите плавник, рассекающий волны? Это предзнаменование страшнее любой бури! В миг, когда касатка выпрыгнет из воды, ваша мачта превратится в щепки.","l/, 3I",3580983017 1835439913 832511587
1809,Королева Эльфов,"a', _7",4049380110 3886580194 2631100252
1810,"Говорят, высшие эльфы не видят неподвижные объекты. Но никто из проверивших это не вернулся, чтобы рассказать.",@m+_-,4265469862 1620761742 1136928576
1811,Ассасин Храма,,4040007619 1997739081 953771036
1812,"Склоняюсь перед светом, служу тьме.","y>, 9XF, q~}",510444573 794546842 1292296424
1813,Страж Подземелья,:cn,805120367 3698641819 3985911843
1814,"Когда-то я был искателем приключений, пока не получил десяток стрел по всему телу.","6|, {f, 4|",3542780376 3781007108 3833398416
1815,Зел,"KjF, @M, }E",1461412402 1425709464 2539740147
1816,ный Перец-стрелок,l~,3030072652 3496355200 3656329026
1817,"Выращенный некогда в экоподсах, этот жгучий перец до сих пор не теряет боевого пыла.",az,3391613184 2554582203 1741395365
1818,Древняя Замерзшая Душа,"~uC_P, }v",3892633703 3958100335 1725457333
1819,"Вечная мерзлота, где царит вечная тишина,","Zbq, 2F, fFb",1940646150 3053318071 4222454632
1820,она же е,*!,2079586649 549065596 3530760450
1821,оковы и в то же время е,"Qr, gf, 7rL",1218997746 1642356555 655841251
1822,королевский престол.,"wEKA+bvKP, 62",1808957710 180993374 4050179155
1823,Лидер Запретной Армии,"b\S, p4",1321347168 513652435 3126253366
1824,Когда он вед,"[G, SD",1794124358 4174778851 3120035021
1825,"т бронированного аллигатора-черепаху через поле боя, вся биологическая крепость нес",,2752612105 3128273099 110339537
1826,"тся, словно красное зв",h.mw,1256626992 2666768460 501183410
1827,"здное падение, врезаясь во вражеские ряды.",:x1,4154124024 3023955552 1630115983
1828,Мифриловый Рыцарь,]h,117779112 1720635285 3707612453
1829,По тайному орнаменту мифриловой брони теч,"}5, v""",2252241612 2459986945 2010685983
1830,"т серебро луны, высвечивая путь созвездий на самом куполе небес.","L , T<",1854667382 1144837823 499501058
1831,Вечный Дух Леса,.3,2041557381 460847697 2179724399
1832,Это тело,"X%, 6q",594014971 2676409804 42761845
1833,"клятва, да процветает лес как единое целое!","n*sa, k`",53105145 3980651162 1494465176
1834,Китайский Фантом,"i>, k3",202524553 1260806927 1374998752
1835,Этот костюм источает таинственную силу с Востока.,")F, ec",732129325 1244376321 2292275667
1836,Скелет Охотник,8!,478733128 821512733 211623641
1837,"Костяная броня скрипит при броске копья, это реквием для добычи.","}l, ={0, sM",2528891457 3591398417 3079523448
1838,Маг-Ронин,"'_!e, kV",3894793779 2518436153 3248583085
1839,Рожд,",|=, G];",3476504646 660639009 2227058840
1840,"нный из огня, скитающийся угол",,732397382 2096367611 4272894348
1841,к в этом мире. Обреч,"j*, 4d, rj, uaC",3675974349 1968090954 2498421581
1842,нный на жизнь в одиночестве.,"4A, ha(!",3350175563 3152414758 3454978031
1843,Призрачный Синий Маг,"zv, OZ",2966689624 1372253866 621804499
1844,"Его магия по-прежнему сильна, но теперь каждый взмах его посоха излучает ледяную элегантность.","7:, +_",904044228 1380663685 1343304723
1845,Нага Валькирия,,1491322490 745017841 2886512726
1846,"Победительница бойцовского турнира без правил. Она не только искусный лучник, но и знает пару приемов в рукопашном бою.","}[, f]",3122140165 2537679770 2773717285
1847,Генерал Зимы,"0E9(, [R, x\f",3724143410 1182109242 1548697926
1848,"Воин из легенд, который, по слухам, появляется только в снежную бурю.",7vO),4147210603 525858313 2404354663
1849,Маг Зв,"b-, Pb-h",2867247202 1598040739 2409404617
1850,Собрав силу зв, \,700459528 985387138 1461216654
1851,"зд, один удар достигает совершенства.",,663907087 2247291492 3736219614
1852,Троянский Конь,,3624341912 2972820394 316839818
1853,"Встретив хакера, ты всегда немного боишься.","NW, -bx",3096794436 1623056491 3358464182
1854,Экспериментальный Владыка Демонов,",}, ""T",936160597 2953280374 3260874269
1855,"Искусственный Владыка Демонов, созданный безумным уч",,1076466943 3245684065 1313104346
1856,"ным, с брон",,2266511710 2313763722 3433838306
1857,"й, прикрывающей его слабые места.","|`{, <G, O]|",2510849006 3518293189 864170735
1858,Рыцарь Ч,"j*, d8, ,2, f5]",3011178022 3475958152 1279923741
1859,рного Дракона,"|~, _l",2857774895 1398674524 4261257251
1860,В ч,j),39157097 1933903269 3810368858
1861,"рной боевой броне, с алым кристаллическим копь","[_F9%, zto?",799727076 1158791746 1246152180
1862,м в руках,d.,2737397046 1817851771 585968537
1863,словно герой из мрачного мифа.,_uo,2450512462 3276293825 311908321
1864,Святая дева снежной страны,"eWd, V2$, }i",3416651141 1370142726 79373826
1865,Эльфийская святая ледяного королевства. Каждый взмах е,,1112358670 1722947245 3337749952
1866,меча вызывает метель.,"rt(_, is",149739478 2800159817 275824809
1867,Безумный Ученый,"cy|, Bp",2587282250 2330222003 1236240385
1868,Ответ,,279390877 284702318 2342262169
1869,Но в ч,i},2310146869 948636266 3375728992
1870,м был вопрос?,,4015328467 3674899393 4002008025
1871,Метаморфоза Золотой Зари,rs,906802160 1145808842 4116339055
1872,Ненависть и боль прошлого воплотились в этом ослепительном золотом и белом одеянии. Теперь он нес,,2638656437 3454989218 3071847556
1873,"т новую миссию, полную надежды и света.","1m2|r, +\",3606719516 3574784784 2241649383
1874,Золотодобывающий Бур,,3019573632 1743468101 455135302
1875,"С механическим устройством с двумя бурами на спине, он сокрушает все препятствия на сво","Rl, M@, Nd",4239003795 7574054 3803419015
1876,м пути.,"lP-Ki, ,{mu, ,W8u",2861085955 2056775951 2941020218
1877,Чемпион Арены,Ye{,1199703152 1611283483 1116837162
1878,"Золотой пояс на его талии доказывает, что и его сила, и его мастерство отточены до совершенства.",,492026933 4189469222 2051487951
1879,Пророк Тишины,?$,1815332225 1957786783 2466415294
1880,"За его яростным выпадом скрывалось леденящее душу пророчество, предвещающее обреченный конец.","cb, |H,  b",597537110 1737778292 2910502233
1881,Дух оленя из глубокого леса,,350997536 57791048 162996993
1882,"Дух оленя, что скользит меж деревьев, храня вековые тайны глубокого леса.",q7,886435839 1969917639 1407164007
1883,Великий Маг,&}_,3646305486 2217045608 2059762447
1884,"Йо-хо-хо! А сейчас я достану из шляпы монету, что больше сундука!",r#,1350908591 188151987 4190638088
1885,Огненная Повелительница,"F] , R*:{, oM",4261824503 3463273099 355032519
1886,"Посланница адского пламени из демонических миров. Владычица огня, чь",zR,2269160190 3871566109 1533798242
1887,испепеляющее пламя поглощает всех на сво,NaG,396263225 1605488418 2195228074
1888,Меха Жнец,jk,3140905334 3986482453 2027354563
1889,"Благодаря скорости механического тела и точной разведке на поле боя, этот стальной жнец носится по передовой, являясь воплощением самой смерти.","wu, g3",492896271 1828705966 3676360669
1890,Берсерк Разрушитель,,1347266450 1303935541 3070865181
1891,"Светящиеся линии под его племенными доспехами пульсируют в ритме сердца, погружая его в пучину битвы. Берсерк, живущий ради хаоса войны.","(Y, S~, w0",3816643774 1571891206 1417452597
1892,Лорд Вампиров,"XH7, dvZlC",3477298792 2014186256 3979419753
1893,Бессмертный правитель т,"}Z, e-, ](",2114844952 754325063 1629052693
1894,"мной крови, он обладает абсолютной властью над царством теней.","=c, xt",1427133965 1917748884 2267247912
1895,Повелитель Т,M'=g`W,1184605390 261170614 3374863549
1896,много Пламени,qC,970481907 2489585069 2151068509
1897,Из тлеющих глубин бездны восходит Повелитель Т,"cS*, 1v, xE",2560637172 2957413167 468571764
1898,"много Пламени. Предвестник гибели, чей взгляд обращает королевства в пепел.","h8, yd",1571541597 29639942 419959515
1899,ТЕНЕВОЙ ГРИБ,"t[J, ZuQ""",2082511753 3078150720 345409458
1900,"Предпочитая лунный свет дневному, он рыщет под ночным небом, и его яд становится еще сильнее в темноте!","ul8, G[",2752613054 1229684720 3269226895
1901,ХРАНИТЕЛЬ ГЛУБИН,"aJ, AS",2584209666 2583122413 2479656361
1902,"Хотя Атлантида затонула, он оста",)d2,2261925428 488567359 1076051026
1903,"тся, охраняя этот затонувший дворец.",Vd,2590667739 3537113045 21257125
1904,ЛУННЫЙ ОБОРОТЕНЬ,,3696333929 623520186 3046487870
1905,В ночь полнолуния сила оборотня пробудилась. Это будет безумная охота!,"W$, !YD",3115151794 2155291840 686224487
1906,Береговая охрана,"~2, ]iE",3815962256 1967653486 1835482059
1907,Пингвин,p|',1392029215 1430533284 774328337
1908,"Он будет защищать эти воды. Никакое преступление не будет совершено в этом море, о чем свидетельствует его решительный взгляд.","$<k, g'N, ]72",2313782333 3703624084 683338271
1909,КОРОЛЕВА СЕРДЦА,,2512517619 525403904 2942208432
1910,"До того как стать ведьмой, я была королевой королевства.",,618744994 996840201 1807907609
1911,ВОИН ДРАКОН,H*a,2307015055 448300361 2771074673
1912,"На древнем Востоке жил дракон, который, совершенствуя свои навыки в течение первых восемнадцати лет своей жизни, стал непобедимым.","pW, 6B, A=, kXsR",1039696112 3830630591 1648627058
1913,СМЕРТОНОСНАЯ ПАРА,"p;, 193",2739589032 446786344 2043996110
1914,Укажите мне цель! Мои две пули поразят е,"Ra, Nq",435158099 1558676320 2746492749
1915,одновременно!,"3D', Yc, hu, t1",2286195661 1077562272 3813785711
1916,Пылающий Канонир," ~, Nx",3061589503 724155050 1797543721
1917,"Огонь! Когда он говорит Шоу начинается, лучше заткните уши и следуйте ритму.",QL,575277400 3985480719 1202834539
1918,Ангел-Судья,";d57, -k",704406026 4152268861 701597172
1919,"Расправив крылья, он воплощает собой непреодолимую сферу законов","R@-T, M2S|(1",1166121048 1528431660 3584471329
1920,священный меч в его руке,"R|, na",3315709980 1246868142 3589260615
1921,"это живой кодекс, измеряющий все грехи.","$|, FFE^%",3815782540 3035617510 3897974078
1922,Стрела Затмения,"zm, 8J",3057143199 1281683216 3322618124
1923,"Когда высоко взошла фиолетовая луна, она превратилась в ночную охотницу, каждая стрела которой пронзила душу врага.",;t,446442928 2539363948 3163497488
1924,Способ получения: Турнир),"B), xJ",3544739402 1289777201 4039883150
1925,ЛАВОВЫЙ КАНЬОН,"Jl, *4?, Wm*",4068037005 3576927547 2105503344
1926,"Вдалеке течет раскаленная лава, которую, по слухам, ненавидит Ледниковый Фей.","[{!T, oXd",1454494186 2730043755 3330213485
1927,В снежную бурю,"1%d, 7DPq",245504628 1484402717 2668496218
1928,"Пустынное снежное поле, редко посещаемое людьми, где время от времени можно увидеть неуловимых анимированных снеговиков.",Nr,3988367238 557867287 3825698120
1929,ТИТАН КРЕСТ,M-,2810698299 3272014717 3174708039
1930,"Каменный гигант любит наблюдать за битвами героев, хотя он не из тех, кто платит за вход.",FF,3955160268 107090489 467208600
1931,ОЛИМП,"a~, M0MX, z\;",2817403502 2003949893 4108063450
1932,"Самая высокая горная вершина Греции, относящаяся к двенадцати наиболее почитаемым богам.","qd, uh7W",3358846751 2865439637 667758767
1933,ЗАТЕРЯННЫЙ ЛЕС,"QV[R, SR",2212247174 3334401755 1240007620
1934,"Обращайтесь с деревьями здесь бережно, иначе охраняющие лесники обрушат на вас стрелы.","Id, oJ, ]o",4243967165 2094982849 531140029
1935,ПЕРВОНАЧАЛЬНЫЙ ВЗГЛЯД,#G,3879830959 288228513 351502438
1936,Это поле битвы находится под бдительным взором существ из более высоких измерений,,2944246847 606196166 743289512
1937,давайте избегать слишком большого шума.,(r,4083463679 3079611606 3116380223
1938,Пустыня при закатах,"^., 13, S(",683088074 3168742325 3286209278
1939,Под золотой песком спрятано бесчисленное количество сокровищ.,>r,3189810047 2662096771 1704320222
1940,Земля Теневых Мечей,"O4, 4$-HKY",1975970864 3166901257 1287803028
1941,Точное клинок меча мигает холодной убийственной интентацией в тусклом свете подземного царства.,"A{, /L",1403373102 4122552350 2654860982
1942,Странная тень кораблекрушения,"[8, a&",3109479634 2703182946 2050580459
1943,"На этом корабле не хватает всего, кроме еды. -- ГЛУБИННЫЙ ГИГАНТ",,2751477144 4132949262 4050132702
1944,Золотодобывающий участок,"_\, %!U)",1916402494 1133330093 1365745639
1945,"В глубокой и опасной шахте находится огромное количество богатых руд, которые еще не были добыты.","pt, gRJ",47402626 735316008 1732763211
1946,Лавовое Поле Боя,0)!V%,3985292786 1401641593 3675965833
1947,Лава бурлит и теч,"zNj, p=, ;b",1616880258 827378784 416878961
1948,"т, освещая зазубренные скалы.",eT2,215502331 2680853792 1042704407
1949,Арена Испытаний,-v,1037380059 1126850743 3099438628
1950,"Древняя гигантская открытая арена, видевшая рождение бесчисленных чемпионов.",7l,2597990868 2185320255 165060153
1951,Атлантида,W.,776633290 728921934 2557923202
1952,"В глубинах затонувшего алтаря Атлантиды возвышается колоссальная статуя морского бога с трезубцем в руке, охраняющая этот забытый город.",";H, Lc",3427358472 1791222382 524998448
1953,Изумрудный Путь,"o4G:, UU",1818379269 233902108 2518772394
1954,"Древняя арена, оплетенная зелеными лозами, где светящиеся минералы и таинственный алтарь излучают безграничную жизненную силу.","XKbbs, sH>",1211335917 3559914593 2788546718
1955,Алтарь Сияющей Луны,"d<, &K,",2250305710 1484097689 2371500761
1956,"Стелющийся над руинами пороховой дым витает в ночи, а под взором полной луны рассыпается древний алтарь.","1UQa, TK",2091033494 2500554317 388554406
1957,Земли Демоноборцев,Gl,1400203596 3217870891 1683400610
1958,"Воздух пропитан запахом магии. Вдалеке смутно виднеется таинственный рунический круг, что, кажется, скрывает злую силу, способную вс",";z, _a, Jy, 2`",3968367441 2390541609 2110224674
1959,перевернуть.,"/d, rd, U$",585724327 1351543678 553660611
1960,Запретный Алтарь Тайн,"Ly, <], /t~T#ZX",768850596 66260088 1430468143
1961,"Святилище, окутанное тенями и ядовитым туманом, хранящее запретную силу.",c2O,2869190204 1775555907 2222207055
1962,Древний Дракон,"-g`, gs",1047013206 332434204 642770732
1963,"Повелитель бездны, восседающий в разломе пространства-времени и охраняющий древнюю печать божественной властью.",13,4017635627 1093500711 351802018
1964,ТАЙНИК ДРАКОНА,,3327816319 2056469717 3647808418
1965,"Фиолетовая бездна, где покоится скелет дракона, тайна и опасность сосуществуют.","~G, 52",1384728148 4039904749 3489166646
1966,Руническое Затмение,"9m}, hj-, D@",2786190002 132562413 3605113213
1967,"В каждую ночь глаз затмения светится призрачно-зеленым светом, затягивая живых существ, ступивших сюда, в бесконечный крестовый поход пустоты. Пока текут руны, разбитая звездная пыль переплетается с дыханием бездны",Tdz,1993069144 3299602379 2920230862
1968,только самые храбрые воины могут выжить в этой трещине между звездным светом и тенью.,Qz,1636580364 1142658973 3989380771
1969,ПЫЛАЮЩИЙ ЗАЛП,"K:, w5",1771977328 793972737 3046939496
1970,Используйте фейерверки осторожно в запрещенных местах.,"OF2>, 37",2278275391 1610713599 3676359915
1971,ЗВЕЗДЫ ГАЛАКТИКИ,,1594423030 3063600101 1496613171
1972,"Врагов, которых я побеждаю, так же много, как звезд на ночном небе.",")|}, (p",2075384997 3077985509 875900136
1973,УДАЧНЫЙ КЛЕВЕР,"lQ, 4S",4063789446 534342842 2735510179
1974,"Олицетворяет настоящую любовь, здоровье, репутацию и счастье.","~E, y-', [n",1393040242 1857258848 4147036876
1975,Флаг победы,uC,3294965403 742312151 3066634089
1976,"Красный флаг взмахивается, как рассвет победы, блестяще яркий.",Jy,2106626817 2218701334 3292840234
1977,плый солнце и радуга,",=, /^,Jf",411262778 3103931240 3428768081
1978,"плый солнце висит высоко в небе, а радуга простирается по небу.",DiD,612750538 1846260729 1104084426
1979,Луна отражает ясный свет,"3{, mV, (.",1568145371 671278073 2615271795
1980,"Холодные лавры и холодная луна далеко друг на друга смотрят, и в воздухе висит похолоданный дух.",""";Ki",1470846681 2288674163 2675102722
1981,Сияющий Лотос,"$_, GZ<, dU, |i",3915289979 3321598990 4008468557
1982,Когда лепестки раскрываются слабый свет струится через их прозрачную поверхность.,"=Y, k6",1338752012 2670132077 1247566061
1983,Песнь Звездного Кита,V;,3127094370 523758344 2008642999
1984,"Сияние сгущается в ряби звездной пыли, а зов кита становится неземным эхом, растворяющимся в безграничном звездном свете.","r7, ev2l",589264866 2521732605 2814846780
1985,Пылающий Взлет Метеора,"X{, `+o",2167127755 3931902230 2172571491
1986,"Огненный столб взметнулся ввысь, разнося боевой клич феникса, и своим пламенем поглотил вс",,306453935 524596807 3216321927
1987,сущее,Hf,4209542658 4066741063 3667874490
1988,оставив после себя лишь пепел.,,2129030750 971554285 4127360205
1989,Общегородской розыск,"t Qs, C1F",1014482796 3319030791 854295736
1990,"Запрещено увеличивать влияние, объявляя в розыск самого себя.","tMG, @S, PE",3537495618 3510329908 304848493
1991,Тыквенная Корона Триумфа,"xJ, T8",1798371798 1862092745 311535460
1992,"Когда звучит рог победы, его пронзительный взгляд и оскал озаряют тьму, словно зловещие символы ночи Хэллоуина.","L$mF, 'K",1223913620 934025237 4026205471
1993,Куриный ужин,,260462438 2108685587 1179754078
1994,"В момент победы над фермой рассветает. Петух кукарекает, его крик эхом разносится по полям","sM, Ng""",17986651 4107601752 1218945891
1995,вестник грядущего праздника.,"(y_@, $@",2702377462 3342615233 2290213582
1996,"Взгляд, Разрушающий Миры","{b, Xo!",2726099931 3696048563 3841439791
1997,"Когда багровый демонический глаз медленно открылся, пространственные барьеры рушились дюйм за дюймом под его взглядом. Одним взглядом, пронзившим измерения, он погасил всякое сопротивление.",M;,1404339617 3098394003 1340018398
1998,Сияющий триумф,"-;, D"", C\",4217999134 3852063600 2182391421
1999,"Когда наносится последний удар, из пустоты вырывается ослепительный кристальный свет. Алмазное сияние окружает вас, вырезая славу победы в магическом круге. Каждый луч света провозглашает: в этой битве вы коронованы как король.","[@, 'F",221553549 3600237537 2148797363
2000,БЛЕСКАТЕЛЬНЫЙ ДЕБЮТ,57,1764480299 4047134178 1356713025
2001,"Свет мигает, поэтому при выходе на сцену рекомендуется закрыть глаза.","U*, DX",1838762486 1680569314 3040504948
2002,ЦВЕТОЧНОЕ ВЕЛИКОЛЕПИЕ,"ih, e_H, mcB",2548346755 642880012 3548575467
2003,"Говорят, что лепестки ароматны и заслужили высокую оценку героев.","6:, 7/, 7c",1614655163 805189775 1398252624
2004,РАЗРУШИТЕЛЬНОЕ ВОЗДЕЙСТВИЕ,Pb&,1251562571 2950515204 2093291748
2005,"Пепел к пеплу, слабаки, уходите!","r<, fS, jc, wSHWD",913517002 2785799904 3297276076
2006,ВРАТА ИЗУМРУДНОЙ ТЕНИ,U#c,1615454902 108668637 4096912325
2007,"Эти лианы обучены. Наверное, они не обовьют героев. Ну, вроде бы.",*xs(,1832159724 2243155315 3680413876
2008,МОРОЗ ЗАПОЛНЯЕТ НЕБО,"cR, 5&",2229712966 4293863778 2688580633
2009,"Чистые белые ледяные кристаллы кружатся между небом и землей, как сон, словно иллюзия.",,592188222 594447385 354143702
2010,КРЫЛЬЯ ХАОСА,,648396665 2618920857 2041990786
2011,"Черные крылья растягиваются в хаосе, окутывая бесконечные неизвестности.","-zI, ]t, q)3",2738038359 2558945297 3216970999
2012,Потоковый Водный Удар,"""|, 4No, H|",3838407754 2513123733 2431524974
2013,"Сконцентрировав бушующий поток, брызги взрываются и бурлят.","bj, ,G",701095238 2198204430 2569120849
2014,Суд Священной Молнии,+2,3363107891 365226258 427243212
2015,"Столп молнии, несущий кару небесную, пронзает арену, и трескучие дуги взмывают ввысь.","ia#, x{",1485848130 3841346606 3992477170
2016,Благословение Леса,?7|,4263773216 732097950 3632748858
2017,Защитный барьер из переплетенных лоз и теней цветов.,"CXH\P, na, SJ",37427404 2358352809 29114082
2018,Голос Музыки,":/hy, wRI, J9D,",624935414 3380004720 2959855846
2019,"зды складываются в мелодию. Падая, отражаясь и приводя вс",",b, 1UY",3773586747 3606667499 1926749900
2020,в движение.,,478013519 637273290 2634192737
2021,Лазурный Приговор,"FdHO, nF]1",21922207 2155155549 2638807288
2022,"Над ясным небом, огромный меч из чистой энергии рассекает облачный вихрь, обрушиваясь на землю, словно божественный приговор.","^], Zag",3631547206 3055466334 2934238929
2023,Пробуждение Скорпиона,"ddKM, Vj",1436626925 2355759131 3831143395
2024,"нный в лазурной туманности, фантом Скорпиона разрывает пустоту, неся ярость самих зв","pR!v, ""f",886037799 4127307057 3805824259
2025,зд.,,656705888 3465625246 1758689836
2026,Сказочный Снежный Домик,/~4,672284973 328674516 3337158892
2027,"Сказочный домик, затерянный в зимней сказке, с хрустальными сосульками на карнизах и пушистым снегом на сосновых ветвях.","p{, N)",2413747412 3764331199 4154251413
2028,Сияние звездного кольца,"CO-, Sc, -*",2113261655 3598295868 358840314
2029,"Звездные кольца спиралью спускаются из пустоты, полосы света вздымаются, как галактика. Центральное око испускает ослепительный столб света. Каждый луч несет в себе мощь падающих звезд, возвещая о вашем появлении.","Ad, H[g]",3777798364 3502135867 1945795292
2030,МЛедяной владыка,"EA, 95, AD, JD",3555559699 1463301929 1507629427
2031,Свидетельство о закрытом тестировании,"jAp, H8, pnp",220835309 1902973624 443539824
2032,Теневой демон-Повелитель Т,v]w,2552544885 1751521574 3615714435
2033,Топ-100 по рангу,"h"", vv",638910843 3805690267 1989149889
2034,Топ-10 по рангу,oy,1501653082 11379857 2987804590
2035,Первый по рангу,"nWC, `Y",2205651139 2105990855 2985100173
2036,Топ-100 списка Победы,"E;P, dP",2816812526 3548135595 2998469762
2037,Топ-10 списка Победы,,3075900008 220717788 3577032839
2038,списка Победы,"n!, BW",2000704553 1450679779 3324536652
2039,Медоед в ином мире,"Lh0, C}",309533480 447144191 892948898
2040,Ткач Мира,"RN, WK, OF",3686283257 2702882822 2951364632
2041,Первое место в турнире,"/b, G:",155366782 3190088838 3153107323
2042,Второе место в турнире," x, 1Y",748278557 2258451029 3729289747
2043,Третье место в турнире,,3612701063 3415301048 2323534028
2044,Способ получения: эксклюзивный для внутреннего тестирования),",Z\kT, xo(",117736594 3880900681 2843804877
2045,"Кажется, этот медоед испытывает настоящую страсть к созданию видео.",z^mm,3191672659 1300264349 3728705122
2046,"Награждаются великие участники, которые внесли огромный вклад в развитие игры. Те, кто с помощью языка строят мосты и соединяют миры.","?E[, <z:21P",9451799 328753342 125248930
2047,"После открытия, случайно получите следующие предметы:","ShC, 0S",671503987 2026479867 240584529
2048,КОРОЛЕВСКИЙ КРИСТАЛЛ,"rX, !q, ;a",902259303 3777102766 3382696313
2049,Используется для разблокировки премиум-канала наград в Руководстве по Сезону.,^>,3232312750 2627692303 2106484927
2050,Получайте карты Таро ежедневно,eT,3830608476 3448367081 157076634
2051,ЕЖЕМЕСЯЧНЫЙ ПАК,A4!,1668928898 299738327 4207139821
2052,Содержит Таро,"!Y, GO, KD, t9",1100874092 4022937793 2447194565
2053,и Королевский кристалл,,4076338435 252190245 1963082938
2054,ЕЖЕДНЕВНЫЙ БОНУС,p7,2775705041 3360281112 3439420096
2055,БОНУС КАРТЫ МЕСЯЦА,,3865346201 4248396451 3948634330
2056,Получите карты Таро,"""{, G~",2100780559 720465827 3417687771
2057,в день,"VO, b[",2601688179 675660132 750191767
2058,Удачи,"Ls, a3, SC",3399583571 4009485436 3765698102
2059,ПАК ТАРО,"inYM, HE",595593768 2310889717 3408293860
2060,КРИСТАЛЛ ПАК,]Ih,2557125167 2986316831 2449938968
2061,АЛМАЗНЫЙ ПАК,"PHP, @u,2",1750225125 3588323604 824783570
2062,Кристальный Сундук,]*,2885636438 881882837 1078022867
2063,Удачи!,"J?, :8, zE, _#",4270645427 1863175069 415406786
2064,Кристальные сундуки открываются автоматически при получении. Полученные предметы можно посмотреть в меню,"5T, cST",894971229 2938801694 1964723516
2065,Коллекция,"ej, CW[, -Q",1129829990 1357208157 2973918135
2066,Шансы выпадения предметов из одного сундука:,"LR, b_",3379244614 3151900994 196531781
2067,"При получении предмета из Коллекции, который у вас уже есть, он будет преобразован в [{1}] в зависимости от его редкости (можно использовать для обмена на предметы Коллекции). Коэффициенты преобразования:",w;,639584363 247768265 2637576720
2068,Руководство,"0x/, y_, A-",3271859972 1442522896 3191766902
2069,НАВЫК],"OT]6, +M}e",1227040017 1002907037 126538095
2070,Навыки делятся на,,641476009 327621905 799105350
2071,Общие навыки,Z3,3284622260 2324427529 243433804
2072,Редкие навыки,"8b, J<n",345698346 1329246394 3658297843
2073,Мифические навыки,"-#S, ""z, @G"", MN",1925623251 2773687076 3641801264
2074,При изучении они соответственно увеличьте 1,"t@, 9_D",890190383 2993372609 1107536467
2075,опыта ветки.,"yd#, 5Q",443200332 3193309738 1680353987
2076,"начинают появляться, когда соответствующая школа достигла 1 звезды, а при достижении 2 звезд они обязательно появятся.",Bh<,855364598 922951992 3179220066
2077,Легендарные навыки,"=/,  Q",3631991675 2789330041 1098880213
2078,"начинают появляться, когда школа достигает 3 звезд. Если в магазине остались свободные места, они обязательно появятся при достижении 4 звезд.","/d, bf",1394781296 2866225617 3649268358
2079,Навыки дают значительные бонусы при достижении самого высокого уровня.,,1274697721 3799486396 2060765283
2080,ЗВЕЗДА ВЕТКИ],"I!, 6ML.",2489064650 1795632834 3096905085
2081,Каждый навык принадлежит 1-2 конкретным веткам.,"}h, ip",2812585795 3783960672 4211477820
2082,"Изучение навыка увеличивает звездный уровень ветки и дает эффекты, специфичные для ветки.","4;=, A#, J1e",1495490639 4012248086 2199919172
2083,"Когда ветка достигает максимального уровня, она дает существенные бонусы.",>6,3866403070 1372284519 1390824488
2084,УРОВЕНЬ ГЕРОЯ],",GM0\, 4f",26218013 2683927126 2181733340
2085,При повышении уровня ветки уровень героя увеличивается синхронно.,ZI,2863696838 2054242765 4122462707
2086,При повышении уровня герой дополнительно получает,]<,3037945583 1951373251 137277511
2087,СТАТИСТИКА],,746788360 2607431435 4143308599
2088,Максимальное значение,"t+Y%, IK",4204347875 4038094536 3223206349
2089,в бою составляет 75 каждый.,L_,2209994390 973277480 2227280506
2090,Множитель урона по умолчанию для,"@??, >S, *L",1003693936 194851266 241464227
2091,Критических атак,J'0,1212016717 32269874 613676291
2092,равен 75. 200,"3i, U?, ao",1358178744 2285616416 3715798656
2093,"В дополнение к базовой регенерации энергии и регенерации энергии, основанной на навыках, потеря определенного процента","""N, W r",3270694492 1909565524 1867046297
2094,дает определенное количество,"Nd, B*=",3997672805 88339727 1816912537
2095,"Когда оглушены, базовые атаки, уклонение и ультимативные навыки использовать нельзя.","6], X_, E , -6",453880431 3607360688 1740606664
2096,ТИП,,2139412945 3325989089 1731815214
2097,Базовые атаки,Ga8,2378927892 571756271 2036648093
2098,по умолчанию считаются,"q7, +qu, S=",3950857537 2516806583 74491912
2099,Физическим уроном,"{i, 7p, %2",1782928223 3525026430 2203027785
2100,и на них влияют,0/,2264167389 3041391596 3933089756
2101,Обычно ассоциируется с,"4Y, ;<",133375923 3170346972 2533451880
2102,Ультимейты,og,3547863940 2619413518 3385805240
2103,"или навыки, и по умолчанию не может","c>, GE",2850202696 887845588 1269431394
2104,критического,"uQ, YfH",3990085247 3351664862 1731885995
2105,или быть,"W', TX",1444855447 2470980492 3226027238
2106,уклоненным,"]0r, #M, f2",131480645 4203234775 1620803207
2107,Ядовитый урон],"gG, 2$",819091864 3908854286 1257278410
2108,Урон зависит от,"9!Y, lH, #A",765787279 3457342642 1640740703
2109,количества стаков яда,+H,3484533181 1419070066 2745751850
2110,и по умолчанию не может,"pk, 4+, 8Z",4191868397 414056406 3053037705
2111,или от него,"NC, V^@1",2814716069 3888919997 4230624153
2112,Святой урон],"AP|.-, Cs, H0",2657938255 3470946033 3833242396
2113,"На него не действуют все бонусы, кроме ускорения боя, от него нельзя",$w,3103194807 304695293 3772250827
2114,увернуться,B4,934211624 3919562071 2786454470
2115,блокирует,2Xt,3959851447 1690668955 3400522806
2116,Щиты,"X,",2328826786 1992823678 549645748
2117,или общие для,"[)S, #a",1835915110 1660466036 410942615
2118,ДЕТАЛИ ФИЛИАЛА],"G6, N0, fa, CZ",416887309 3037897519 135684193
2119,не срабатывают при полном,=a,1490863596 242528806 3118014772
2120,каждый стак Щита блокирует 1 урон при получении урона и нейтрализует,"=Saj$, rQB",2938603891 1965865444 783686499
2121,каждая стопка РАНЕ увеличивает получаемый урон на 1 и нейтрализует,]d]3d,370680844 3471403365 3391041508
2122,"вызывает духов на поле битвы. Нажмите на дух, чтобы просмотреть его долю",,949797793 2105197853 249398941
2123,Несколько духов распределяют урон вместе.,">b, 2C3",210407855 1404884146 1885304399
2124,НАСТРОЙКИ МАТЧА],/;,129056484 3352722237 140032701
2125,"Для каждого матча случайным образом выбираются 8 веток, а остальные запрещаются.",_0,888226560 3512083422 3686454675
2126,"Пул навыков общий, и общее количество каждого навыка ограничено. Когда игрок выбывает, некоторые из его изученных навыков возвращаются в магазин.","o3.6, Fm",3106249313 3705051890 3988945210
2127,При выполнении условий звездного уровня игроки могут изучить,Nf,2748514206 525499873 3095403918
2128,из случайного набора навыков.,"IJ, }-,",548336172 2798446835 2044986908
2129,"Если битва длится слишком долго, она ускоряется, увеличивая весь урон на поле.",KP,668563354 3007386373 1861892204
2130,Урон ИГРОКУ],"b\, >X",1064408683 2671596246 302944498
2131,"Игроки начинают с уроном по умолчанию, равным 1. Победа в битве увеличивает урон, а поражение уменьшает урон.",{WX,2588154945 583875618 2620615477
2132,"Урон имеет верхний и нижний пределы, которые постепенно увеличиваются с каждым раундом.",x98b ,1377004815 1521456238 2918479505
2133,ЗЕРКАЛО],"d>, [5",3164191216 526984600 3542549078
2134,"Если на поле нечетное количество игроков, случайный игрок копируется в зеркальном отображении.",Kj,3490379858 3167657088 3633798043
2135,Победа над копией не наносит вреда исходному игроку.,"qeB, O2",2381637927 3751349636 349023164
2136,"В боях нажмите на игрока, чтобы просмотреть статистику.","x$!, 5o, #\",635027541 1157704351 1805940251
2137,"Нажмите на любую статистику, чтобы просмотреть подробные данные.","I$2, ICs, KA",3384450792 1277700524 2908576614
2138,ЗОЛОТОЙ ДОХОД],"Qz, mV",1733162087 835821517 3076424843
2139,В бою золото используется для покупки навыков.,"gH1,XX, b{",2479979509 2043660240 2869488806
2140,Базовый доход:,"(jwq, QP",2522754173 2735023193 2786026240
2141,Автоматически получайте 300-400 золота каждый раунд. Сумма увеличивается с каждым раундом.,"_kR, }zF",4200986145 4027084364 3436849133
2142,Проценты:,"1*, '~, v&",3035133425 2620038033 1612387038
2143,"За каждые 100 золота в конце раунда вы получаете 10 бонусного золота в следующем, максимум до 50.",0P,2130485721 2349506919 257717104
2144,Победа:,6*,3459356241 1864086211 1100831679
2145,Получите 50 золота за победу в бою.,QD,1253493017 3416235768 4223309680
2146,Серия побед:,"Lde;[, w+",2943621973 3158187548 2102509467
2147,"Получайте 10 дополнительного золота за каждую победу подряд, максимум до 30.",,914256273 2751543591 2565372477
2148,Компенсация за поражение:,2r,1148456309 2924697619 1288418033
2149,"Получите 30 золота за каждую единицу здоровья игрока, потерянную от врага.",oe,3708792039 3631969897 616999887
2150,ПРО,"RK"", #?",3080886377 3931162049 1671909684
2151,"Легко построить. Поскольку в этом раунде запрещена ветка ?Заморозка?, это может быть лучшим выбором.","km, R<, h?#",4166370813 320309190 3868896660
2152,"Быстро наносите базовый урон от атаки, используя эффекты звезд веток.","p$>Q, f>\, qF}",1570690274 2485089846 3266615326
2153,"Замораживание замедляет скорость атаки, а рост уклонения затруднен. Учитывайте это, когда функция","7o, OF, )8&[",2883538398 138155024 2241130065
2154,недоступна.,rb,746750860 2731172928 1714496162
2155,Уделяйте приоритетное внимание обновлению Уклонения для выживания и нанесения урона. Не рекомендуется новичкам.,*),613889029 2920398409 143880385
2156,"Магическое уклонение + высокое значение уклонения, позволяет додж почти от любого урона, кроме яда и священного урона.","i$a, 3r, h)",1631428150 3987542656 3038779827
2157,Оковы ловкости и Ядовитый урон могут противостоять.,"*5, HE",1620011289 2314889620 2595108133
2158,Изначально все,"1N, *t",2049515477 3490572586 1196373206
2159,"могут нанести критический удар, доступны дополнительные продвинутые стратегии магического взрыва.","<f, uM, &y",3702286891 4009982578 1078803731
2160,Ключевым моментом является улучшение Крит и увеличение частоты Физического урона для взрывного урона.,"lz, zH, 5Y",3083446509 1728218292 1278198353
2161,"Помимо Защиты от крита, наблюдайте за составом урона противника, чтобы выработать эффективную стратегию.",F[,1352278652 921559354 917251937
2162,"Связь, запускаемая","i^ D{tL, VR",3333721967 1238473829 468978701
2163,является наиболее стабильной,|WN,1874112751 1003129230 1233727207
2164,сосредоточьтесь на увеличении здоровья героя на более поздних этапах.,"D+7, [2",1694118483 2066335501 467890830
2165,Отдавайте приоритет максимальному,"(h, 2y",3766794468 750063175 2049842266
2166,"полагайтесь на Удар здоровьем, Яд и т. д., чтобы нанести урон.","Hb), d5",3025553494 3506456415 3471801555
2167,Кража,T*]_,3001794327 3325430993 313938616
2168,очень эффективен против,"lJ[Xw, ""i",2541956551 2014176825 2727390483
2169,"Не рекомендуется новичкам в качестве основной ветки, поскольку в первых 10 раундах эффект восстановления лучше.",UI,447335503 3911529611 1124234675
2170,Увеличьте количество восстановления и частоту срабатываний,,4285731305 789246894 2729548287
2171,раннее естественное заживление имеет высокую экономическую эффективность.,"2>i., `/",1976798235 1955971322 1612128584
2172,Нарушение исцеления значительно уменьшает количество восстановления противника.,"D7, `A, 0E",234185224 2729468738 3536603858
2173,"Выбирайте, когда нет ветки",,2235355371 2005716561 2180435000
2174,или Щита.,,2118130631 713234352 142249757
2175,"Быстрое восстановление энергии для высокочастотных заклинаний Ульты, а также важно проявлять инициативу.","w9, W=",268150418 1630810461 2130868757
2176,"Уменьшите восстановление энергии противника, увеличьте количество звезд ветки",vtM,3326045677 1943890787 1272212988
2177,а предбоевой щит предотвращает мгновенное убийство.,"7q, _d",3492100325 830234985 2000525390
2178,"Сильная ветка со многими навыками, связанными с ядом, может попробовать ветки Яд+Заморозка.","P+, Y$",2248059729 2438242295 1841321000
2179,"Увеличьте количество стаков яда и урон от одного яда, при этом последний имеет приоритет.",99m,517400050 1214772009 4274977914
2180,"За исключением противоядия от яда, наблюдайте за накоплением яда противника и координацией действий для противодействия.","<[/, .3",3190609583 3213769839 2312586644
2181,"Лучший выбор для Маг. Урона, блестяще работает с Магическим критом.",='(M,3891752261 967695630 865447692
2182,"Активируйте Урон от заморозки для нанесения урона, а триггерные навыки не обязательно должны быть на максимальном уровне.","z&, aj, oX Qx, 53)",1414483600 3443532747 2248888672
2183,"Противоядие от заморозки уменьшает количество стаков заморозки, и вам следует обращать внимание на метод срабатывания противника.", ycq,792445356 2943722305 310612135
2184,"это ядро, увеличивающее срабатывание щита, с усилением критического удара в качестве поддержки.",FF,2440217037 3781952317 1628741649
2185,"Постарайтесь максимально использовать Удар щитом и получить все навыки щита, не обязательно на максимальном уровне.","HU, zz, Ho",4193905513 3030853310 2256857046
2186,Разрушение щита,"iWg, ""%, @_",1545388287 1333062534 4229551985
2187,Уворот от ускорения,$~7T,1842716892 3497269997 1588726018
2188,Базовая ветка АТК может быстро расходовать заряды.,2j,1318001150 2556631665 2320838172
2189,"Ветка поддержки и повышения урона может быть основной веткой, когда ветки",ms,2096718209 3847497126 1606425685
2190,и Щит запрещены.,"nKf, P|, Dh|",129040188 1826707335 4017999674
2191,"Увеличьте количество стаков РАН, насколько это возможно, используя Бесконечный гром в качестве основного урона.","b4, ^^",427708107 2348471617 2416491943
2192,Щиты напрямую нейтрализуют раны. Иммунитет к ранам снижает количество стаков,Z{-x,2520039981 3545419855 3061682231
2193,"Ветка, получившая урон, может быть методом поддержки выживания, даже не являясь основной веткой.","5E, {l, je, `Fl",4270694039 1023770213 339737391
2194,"В качестве основного урона отдайте приоритет ДУХ КОНТРАКТ, ДВОЙНЫЕ ДУХИ, Эльфийские пули или суммирующимся баффам.",,4119440129 4206781454 3964720005
2195,"Пока духи противника уничтожены, противник по сути побежден.","YG, brA, T`}, S=",1847685926 406871577 3036752248
2196,Ярость значительно увеличивает урон во время своего действия.,xm,1549980845 3909974933 407727791
2197,"Накопите больше ярости, обеспечьте длительную ярость и добивайтесь более высоких бонусов к урону.",,3756994206 1893092367 1290529083
2198,"Уменьшите эффективность накопления ярости противника, насколько это возможно, избегайте высокой частоты и метода нанесения низкого урона.",L|,805489733 3552059344 2475892268
2199,Ускоряет интервал произнесения Периодических Способностей,"/_, +q^*",2073558100 1315151601 728775605
2200,"Изучите как можно больше Периодических Способностей и ускорьте интервалы произнесения, чтобы быстро активировать Заряженную Ракету","yV, Wy, @R5, u""",3432722478 2699222024 1824859377
2201,вызывайте многочисленные Священные Метки Полумесяца через Цикличность,"_:@, 6)|, ( ",1763264339 1350945646 2735831604
2202,Используйте Заморозку для противодействия Ускорению,YN,1314513211 3319247247 2425304112
2203,Истощение Ускорения снижает эффективность получения Ускорения,{\,1347667459 1368826606 2934225766
2204,"Нажмите на духи в сцене,чтобы просмотреть их здоровье","Sr@, 12,z",1959293480 3716559400 771882065
2205,"В игре есть горячие клавиши. Когда курсор мыши наводится на них,отображаются кнопки. Также их можно отключить в настройках","ZG, TW, |C",3535916266 280119193 3469973085
2206,Хотите переучить учебник для новичков? Нажмите на кнопку руководства на главном интерфейсе. Также есть уникальные стратегии школ и советы,"vk, +Wd, Hj",3302505846 3464747732 746675340
2207,Некоторые сокровища не появляются на всех этапах. Вы можете переключить этапы в иллюстрированном руководстве для просмотра,"?y, Y ,",3383204965 831016416 1075004326
2208,"После того, как соответствующие ветки будут заблокированы, связанные с ним герои не будут появляться.","FZd, Ct, ~M",2273026242 1704322218 2453340416
2209,Хотите быстро понять ситуацию? Попробуйте нажать клавишу,"GC, z`",530101999 926034491 1172293797
2210,в игре,"s*, Ua",2608057920 1666967422 2906331668
2211,Клавиша,,2421923568 4121288605 1616442165
2212,может закрыть большинство всплывающих интерфейсов,,3146581182 2741869394 1398871809
2213,"Что делать,когда встречается игрок,который делает неподходящие замечания? Нажмите на его аватар и сообщите о нем!","[d, g^",1198448107 359872298 3640004927
2214,"Число в мече рядом с аватаром в игре представляет собой урон,причиненный игроку после победы","Lz, LF",424626836 3774180079 2163273206
2215,Код обмена вводится в настройках в правом верхнем углу главного интерфейса. Присоединение к официальному сообществе позволяет получить последние коды обмена,gV,47386218 3069094431 1024054447
2216,Отравление нельзя уклониться и оно не относится к магическому урону,",iMM",1738696085 766480462 1243942554
2217,В каждой игре появится только 8 школ навыков,i1^j4$,149699487 3157271219 968703053
2218,"Все когда-то были новичками. Пожалуйста,относитесь с пониманием к новым игрокам.","N(?, 9V, FF",1275702209 2266405302 3082520711
2219,Знаете ли вы? Вы можете просмотреть информацию нажав на героя во время битвы,*N,4176933324 937987388 1596903879
2220,"На некоторые сокровища необходимо нажать,чтобы использовать их","28,  dB, 0J#p",588795357 2783960290 2694396883
2221,"По умолчанию,Уворот и Критический удар действуют только на физический урон","(kB, /5NN, ^.",1717656487 4183208179 1785491081
2222,Вы можете взять с собой тр,"1a, }h",2287261207 4024371219 304189205
2223,х или семь друзей что бы поиграть в,"y^, Z[, &Dr@",3436725948 1710402572 1238862862
2224,вместе,"bp, ^3, |_C",2080830196 3883064510 3808528735
2225,"Говорят,что в командных играх будет дополнительный бонус очков","@3, -w,  %`",282684903 364509887 1220101277
2226,Количество каждого навыка ограничено,"%~, .2",2822011591 3070667954 1284776751
2227,"Когда игрок выбывает из игры, некоторые из изученных им навыков возвращаются в магазин.","5\, rw, .f",3114922014 1415404636 1010622611
2228,"Обратите внимание, что",0g,3087278844 1230097358 2949872800
2229,выпустил {1} бомбу!!!,C5H,727756748 2472806769 3706419144
2230,обезвредил бомбу!,"YP!_, vh, ,X",3488626477 4137754653 1471026255
2231,Бомба {0} была передана,"rB, 7p",4009326899 3399197876 3888468724
2232,Бомба {0} была передана от,"-2-, K], *U",1141865749 231874565 476605863
2233,"Вам нужно получить {0} навыков {1} до конца этапа подготовки, чтобы обезвредить бомбу.",p]O#\,3302708857 2327092823 45473675
2234,Бомба взорвалась в месте,"CZA, +T3L",3466825439 569353862 3978016431
2235,Опасность!,"$Y, f`X",3601257253 428389188 3844373304
2236,Безопасность!,"H%, UkI,",3925177126 1990453503 4284684256
2237,Ограничение на покупку {0},9W|!5,290638202 1596165091 3518026922
2238,Подарочный набор для Рождества,"SU, kj",1598035302 2202619931 4147606484
2239,"Включает в себя аватар рыцаря-паладина, 20 карт Таро и 600 кристаллов Броула.",2.,729982899 2039025244 2182596099
2240,Подарочный набор к Новому году,"{Q,, nFYk, )R",2857505423 2850035861 599754098
2241,"Включает аватар Рыцаря-волка, 20 таро-карт и 600 кристаллов арены.",1N,3081207796 2787422280 1035244220
2242,Еженедельный подарочный набор с картами таро,";jb, Ju, .o",3692619949 4005172224 1019012646
2243,Он содержит 50 карт таро.,yn,3548105767 272848444 2850071017
2244,Спецпредложение,"_-R, *5, m|",2400038847 2645604764 1813104367
2245,Поздравляем вас с достижением ранга {0}!,"e.e1, 72, bF, DmQR",3424018711 3280701396 2423652166
2246,Вы получили аватар {1}.,=V`,3651964687 3039287157 4249264425
2247,"Поздравляем вас с тем, что вы заняли {0}-е место в рейтинге!",,4110985985 2849846911 2112684527
2248,"Поздравляем вас с тем, что вы заняли {0}-е место в рейтинге","dJ, ""|",3911732546 3479323453 1977492187
2249,Сезон скоро будет обновл,"7S, '_K",2315507420 4144889521 2944033499
2250,"н. Пожалуйста, обратите внимание на время окончания сезона. Пожалуйста, забирайте награды в Пути Славы как можно скорее!",Z?[,4081489962 2670536510 860021022
2251,часов,"lR,  I",2523083926 420724503 2464351599
2252,минут,,4058306336 4091546778 2861491733
2253,Привязать почту,@\4o,1127448062 1380077921 290774141
2254,Изменить почту,KA~(,1997348824 1541257858 3126986341
2255,Изменить пароль,0Y,3944969891 4075286321 149506730
2256,Создать аккаунт,"N5, `c",1181435469 3603907735 2881717575
2257,Забыли пароль,#-,3465603249 4259725371 4182322560
2258,Ошибка адреса почты!,QF,831814045 866963698 1126261949
2259,Пароли не совпадают.,tt!,2072699707 3689417639 1333123779
2260,Ошибка кода подтверждения!,"\PJ, vg""}",3042899332 812388682 952367224
2261,Этот адрес уже используется!,"Ub-^, xz",701076384 2941475473 2646634357
2262,Почта:,,2394268441 4114891230 1648401643
2263,Не привязано,seD,4263472657 3130592418 2036886152
2264,Неверный пароль!,"Xasw, 7'",4060294227 125622788 2366901402
2265,Пароль: 6-20 символов!,"ad, Ee",2322486857 1151031629 3244999291
2266,Войти,"yL, &k",3179761219 2771881593 2091530927
2267,Заполните все поля!,"5Ao+, Lp",2500203345 1424241284 143054939
2268,Аккаунт не существует.,"7K2, wm",1201829916 2938744895 622438489
2269,Осталось:{0},".4, Q(, v}, &v",3278050673 4287413279 1330787139
2270,Действ.{0},v-,4055250058 1581692190 2404030354
2271,Ошибка данных входа.,.P,3165758302 527378042 2101346333
2272,Пользователь не существует.,"z""",3987239102 2009778814 2856097150
2273,Почта,"eZu, =m, I6",972633412 2471607787 552126283
2274,Гость,f$,3246129137 1672298529 2866785954
2275,Гостевой режим небезопасен и ограничен.,":LZ}, Nd, El, dO2",2500862957 2938409428 49607712
2276,Привязать гостевой аккаунт к почте?,_d,519564062 3743300238 3016532202
2277,Успешно привязано!,"bO, Ut, !p",790165617 3598156679 3513085133
2278,Создать,"l#, BC",2955447750 4280050401 571850820
2279,Привязать,I!d,3699836128 2056998568 3773118136
2280,Тайм-аут запроса!,~U:9,3751038676 4158781800 1152001560
2281,Платеж успешен,"PuN, cKq",1944323221 1001053536 4002121739
2282,Последний вход:,"~|, 0R",2258193124 891877095 1699227252
2283,Рейтинг,"Q&, m>, hk",2474521118 3431110468 333183089
2284,Герой,"""q, d2",4037889409 4141252238 1413173443
2285,Серия побед,ccO,1641132354 1407966639 764854418
2286,Артефакт,Dk,2757495242 3377399245 3630383521
2287,Счастливый звезда,j]nX,4109592928 2098506800 655911762
2288,Не удалось получить аккаунт,,906346332 4238696870 3807287695
2289,"Пожалуйста, перезапустите клиент","c@, ?$, zK)S4, F)",1910183248 2205758668 3842946686
2290,Выбор скина,"@j;NHt, hdn",606422652 520842252 3281758788
2291,До начала турнира,",>UPx, -0U",3253473079 1938676491 4019321240
2292,Фаза ставок,">H-/, \?>, 5p",1591221710 2817172219 3752726467
2293,Подготовка к групповому этапу,"O9, #\Zh",1796538993 803509656 235996608
2294,Групповой этап,"d:, fu/",4199750158 925903840 1962403393
2295,Подготовка к финалу,1:KF8J .,2487201745 4258304796 2096487110
2296,Финальный этап,"rX, /#, 3x, -op",3850763024 4069038385 768312100
2297,Ставка,"l~:, N[:",1053665558 2735667575 4068583998
2298,Группа,"M~, fRvk",685989824 2078437254 1541178276
2299,Статус,/iM_,3808856985 3449500415 2042967047
2300,Популярность,u[,410534502 575718494 3755281359
2301,Популярность определяется количеством полученных цветов. Один выбывший игрок с наибольшим количеством цветов проходит в финал.,E|,3424941006 2308791558 1812796025
2302,Поддержка,"m`, +f",3032450116 2946695486 2750902296
2303,Наблюдать,f*,2607909625 3780130304 1883498791
2304,Коэффициент,"((, dY, 2S",1490745963 294696785 4085209955
2305,"Множитель награды, если этот игрок станет чемпионом.","7N5, ra",1674027612 1571019639 755956589
2306,Мои ставки,jU,1594307406 4279721184 2611770268
2307,Обновить через {0} секунд,"k%, ?gTu",1813730839 2337199281 2111028953
2308,Выбыл,"d=_N, -e, %^",4035885719 312050474 1212532478
2309,Не готов,"AV<, 53]",3937526240 2347279193 3026398002
2310,В бою,"LB8, N', =]",1804469041 42913368 3656991889
2311,Готов,"P4, gG8i",1144265530 1805171744 2818964430
2312,Поражение,,2593987998 1248684698 1660574371
2313,Прошел,"h;, A?",2926473564 3038997347 1461320416
2314,Ошибка,"&v,  6",3688262127 789356760 2396512691
2315,е место,"t7[Y, Fem",3342543920 1688647602 3656510930
2316,Отсутствие,"m*, `G",1224939310 1256174351 1951757695
2317,Финал, qN4,2732939163 2309158504 631137034
2318,Коэффициенты ставок:,"3!, }g",2414321416 3032581293 803330073
2319,Сумма ставки:,")j, Cx{Bk",3657272646 4093622681 996866022
2320,Из-за отмены турнира возвращено {0} {1},"I,",17068137 3323403645 2450362967
2321,Ставка не удалась. Возвращено {0} {1},nV,3096209764 398951074 3105069400
2322,Финал турнира отмен,GGe6,3324455391 946206514 1283231025
2323,н. Возвращено {0} {1},_\e,2215947244 534752860 2939099427
2324,Примечание: {0}-й цветок в каждом турнире бесплатный,"'U, b:, AQ",1447585075 2386280849 1835525120
2325,Текущий коэффициент:,"qc, RPuL`",3017894130 3358077350 4164755393
2326,Совет: Максимум {0} карт Таро можно использовать для поддержки игроков,Gin,2507574312 66940458 708457589
2327,Наблюдение успешно!!!,uE,606489625 1286193098 1029050484
2328,Требуется завершение турнира,\\,1544060616 2014461217 2337906818
2329,Несовпадение версии,"f9*, @&, _r",1460716666 2028517044 2079315188
2330,Турнира,,3732996203 452390302 4256960
2331,Перезайдите в игру.,,1862179319 1811999382 1563747128
2332,Некорректное количество предметов!,|3~L(,1898826948 1851214025 3983629754
2333,Недостаточно предметов!,Pc,2014565153 3914147049 1523662560
2334,Превышен лимит ставок,,196870673 2502898327 76552387
2335,Ставка не удалась,"S?, @9?I, `A",1168054183 1876026685 3578665307
2336,Ставка успешна,"&?, {iZ",3639657759 1738345412 3902107835
2337,Ставка пуста!,"Qh, dV",4102999827 2950189089 3023563888
2338,Ниже минимального количества!,>8,4249674898 1321267967 4267598790
2339,Ставка на турнир не удалась,,3269440155 1538460464 419882654
2340,Ставка на турнир успешна,"13?, IG",2348731070 1284772970 2893036809
2341,Не удалось отправить цветы,2 ,382996541 2427435807 1053416405
2342,Цветы отправлены,"60, h4I+, 0n",4245564049 679619266 1672506843
2343,Наблюдать можно только в лобби!,"]N, \)",3695015631 2624209291 498522600
2344,Покиньте группу для наблюдения!,$w,358985581 85074985 684148406
2345,Сервер не найден. Обновите игру!!!,"7K, q6, {V, A8, ""9",2982252664 1953967279 2805034674
2346,Наблюдение не удалось,"P\, gQ",2751094819 665391467 1450684421
2347,Ошибка просмотра. Перезапустите игру!,"U., M1",4012861429 15800852 2124209171
2348,Ошибка просмотра,"iD, BV, +)",3592558527 3931690137 1770788268
2349,Завершение только в лобби!,",>, N7",1885099433 25166903 693047333
2350,Ошибка завершения турнира,"ZyW, yH, 0X",3535884840 425728715 2585416427
2351,Ваш турнир заверш,,3378540399 2822897490 2546063576
2352,Ставки только в лобби!,Wu,400697440 3204082496 2674751651
2353,Нельзя делать ставки во время поиска!,"A6, >x, <M, a;",3320426780 2733727109 858069953
2354,Нельзя делать ставки в группе!,"*x, C4, R{ApE",1863569767 2279314068 1027601711
2355,Расч,"bz, 2=, 0h",681165727 4260988792 3269318449
2356,т ставок только в лобби!,"p0, ""|",2430021236 3504898633 2651159700
2357,Ошибка расч,M_2,1174624181 2605862090 4213716559
2358,та ставок,".0, m%?, 2?, Q|",601088 1960809971 1155645000
2359,Ваши ставки завершены,"+I4, !g, fe",2140545800 3343574850 1597977941
2360,Ошибка запроса рейтинга,,2758356853 1944503160 662430823
2361,Невозможно искать матч во время ставки,"U_=t@, ,;uT",553502877 2788623825 4265296287
2362,Нельзя начать матч вручную!,"hvZ&, a4",233047464 1334177982 2676813749
2363,Турнир начн,"X{, _a, !S",2461534545 793142300 4060464444
2364,тся через {0},"^_, xI",1200310537 1938379116 2160387005
2365,Вступление в команду успешно,,4156032623 1550459146 3849231990
2366,Турнир заверш,"@>/', lqj",3812683318 116570526 2347269050
2367,н. Поздравляем {0} с победой!!!,"J,, q/",4013075907 4174305956 1427901274
2368,Турнир начался. Подготовьтесь и проверьте детали,"AV, 5A, WR",3485439524 3583465641 2531056232
2369,Турнир отмен,+!,2642971896 1084648119 3526613206
2370,н. Подробности в интерфейсе Турнира,V>,532467995 1484578187 612558206
2371,Турнир,UY.,1974498878 2372699216 1499945154
2372,Команда турнира,":<, I&",2644874325 3153104526 2540001232
2373,команды:,,4231860795 2499594563 1197638069
2374,Группа {0},Ak,402402338 1254550464 3818576017
2375,Поздравляем! Вы прошли в финал по количеству цветов!,oW-,3731373459 2510001007 3772718268
2376,В процессе,kCdd,2079585035 3393087460 3606627858
2377,Не в списке,l6,3751739862 3386232252 754830372
2378,Капитуляция в турнире запрещена!,;E>,554306744 63290526 348321563
2379,Награды за ранг,+(,1908776310 1986838433 642584058
2380,Ошибка получения награды,"N9, p`",2689986996 3386814828 4033995926
2381,Путь Славы,"2%, <7",1720033477 744028602 2490326834
2382,"Пожалуйста, попробуйте еще раз.","fh, 2:, ~i",4271444107 224967937 2796801995
2383,Требуемый ранг еще не достигнут.,'9y,1003509164 1041110461 3777746299
2384,переш,">g, =Oh",3353207979 869016032 1671697440
2385,л в стадию ставок! Кто станет чемпионом?,"aN, $:K",3596090676 2515799690 769987897
2386,отправил(а) {1} {2} цветка.,"N<, \c^",2248363895 856739375 1610625660
2387,"Из-за вашего недавнего аномального командного поведения, победные очки будут уменьшены на {0}","-g, o/, N9",511635785 2440119273 211730913
2388,"Чтобы уменьшить штраф, объединитесь в команду с игроками аналогичного уровня навыков или играйте в одиночку."," N6, Lk, 5B",3869504018 3162561214 553709003
2389,Артефакт [{0}] успешно использован!,"uI, VW",637532114 3601372519 1535002720
2390,Ускорение,"=yg, [G",4167548244 792169647 361568267
2391,Наивысшая эффективность,-t,1991335133 3386069001 473601850
2392,Эффективность периодических навыков от высшего к низшему: МИФИЧЕСКИЙ,4K]k,2420355866 1578185497 2289884842
2393,ЗОЛОТОЙ РЕДКИЙ,"cu1, GZl, )I",3174019104 1479842879 775209658
2394,ЗОЛОТОЙ ОБЩИЙ,"Uu, uXg",3896373032 2490691045 3948231373
2395,МАКС. РЕДКИЙ,"Vt, vC",3842913716 3722560026 830513818
2396,МАКС. ОБЩИЙ,"##8, 1Bu""b, g"")",1727749864 1169175312 2363394679
2397,ТАЛАНТ ГЕРОЯ,"pq3, /0, }R",1186636731 3886981558 608548493
2398,УЛЬТИМАТ ГЕРОЯ,"d B, dt",1459617864 92266301 4001227135
2399,РЕДКИЙ УР.2,!\'b8,874203627 1907985675 1754529240
2400,ОБЩИЙ УР.4,"\K, 4d, >#=",2347811150 227753291 19730879
2401,ОБЩИЙ УР.3,"=@K, 0`",3918282444 1174184215 3461188401
2402,РЕДКИЙ УР.1,"'T, d!",2812858650 883747777 1243213275
2403,ОБЩИЙ УР.2,,3451581353 2574172805 1337310657
2404,"ОБЩИЙ УР.1. Если уровень одинаков, выбирается навык с наибольшим временем перезарядки. Если время перезарядки равно, происходит случайный выбор среди навыков с наибольшим временем перезарядки.",z',863350802 3387497845 3888576430
2405,Периодическая Способность,,201609653 480606310 423973145
2406,Внесенная Сумма:,.K|c,3045883584 2713901008 4019316313
2407,Полученные Проценты:,"{9, ,'",2330502917 4201111152 1822574731
2408,Каждый стак,"66S, :w, OQE",2209688568 3197590086 853146973
2409,увеличивает скорость срабатывания способностей с периодическим действием. Стаки,B4,389114695 3009555599 1951733422
2410,автоматически уменьшаются каждую,6V,1077719149 1805492558 884116198
2411,секунду и противодействуют,"9O, s<(b",3569487619 2684402677 4044224843
2412,Заморозке,,2320595480 1215152344 1779113188
2413,"Способности, которые действуют через фиксированные промежутки времени. Светло-синее число указывает интервал активации.",p-,1608920818 3438447462 7529743
2414,Текущее снижение скорости атаки: {0},,2325403625 1334129009 1403238753
2415,Текущее снижение скорости снарядов: {0},"Cq, /L, tx",3180998427 2822838918 2425733905
2416,Текущее увеличение скорости атаки: {0},"uD, =3<",3307429025 2750577740 2188827520
2417,Текущее ускорение периодических способностей: {0},".y, /9",3851967905 739166606 1896802267
2418,"Наблюдение не удалось, несоответствие версий","Sti, o2~",4197942062 2985071038 3918003708
2419,Блокировать,"MK, fL, cH0l#",605470506 102746679 961352696
2420,Разблокировать,"*', |6L, zYo",4253371096 48526689 1050338509
2421,Этот контент был заблокирован.,~jN,212119395 832226795 1805369149
2422,Сервер проверки,">{, GWCs, 6P",1253947019 744540676 1723484254
2423,Функция возрождения на перезарядке! Нельзя использовать сейчас. Осталось до перезарядки: {0} турниров.,"M;q, <M",3240141873 977607804 2237938662
2424,Вы уже достигли максимального количества запретов.,;/TMI,4088845572 674453785 226847726
2425,Включить {0},"Bw, ]c",1922335308 2473784260 3001184953
2426,Отключить {0},a~&,2755238392 2506464295 3383994369
2427,Включить,yn,3808090796 65346567 1083329791
2428,Отключить," e, ;#",1621953024 87491000 1402893415
2429,Включено,"e.F, !H",2281459837 2200702710 1537595510
2430,Отключено,"O., ISV+, vh'",728549630 1852992317 2529087116
2431,Отключено: {0},"--L, z5Q",1656479398 254845688 2240448663
2432,Доступно для отключения: {1}),"iA, O#gL",760053900 3391917160 1507835990
2433,"Когда количество имеющихся у вас {0} превышает {1}, вы можете свободно отключить лишние",&u,2282335866 1136861163 1049589659
2434,в количестве {2}. Во время боя отключ,,1743177681 2718898228 2217024783
2435,нные {3} не будут доступны для выбора.,h6k,2996242090 3554916405 2792238112
2436,"Нажмите, чтобы включить","[y, _#",3781282227 3903084216 413704364
2437,"Нажмите, чтобы отключить","u4, te",1215559856 137443576 4088146883
2438,"У противника нет навыков, которые вы можете изучить","Z*, (N+, sm",4108561378 1351943518 3639571454
2439,"Нет доступных для выбора {0}, заполняем случайным {1}.","v=, tP",1567781657 2347635199 584480025
2440,"Вы уверены, что хотите удалить аккаунт?","^s, $h",3506651823 2695714737 3395422288
2441,Запрос на удаление отправлен. Ваш аккаунт будет удален через 30 дней. Вход в игру в течение этого периода автоматически отменит запрос на удаление.,"hmY(, }N",827410063 269064825 3832329856
2442,Ошибка запроса. Пожалуйста попроуйте снова,@o,1105213847 2219192421 3703170055
2443,Ставки завершены,"!i, .##, ZZ",91027518 505161725 2832722801
2444,"Когда {0} выиграет свой следующий бой, вы получите награду!",83,3667324563 529562049 48653371
2445,Невозможно наблюдать за матчем,"Fa, |;",320021493 5601584 924099569
2446,Количество Таро не может превышать {0}.,VG,4091356114 99092347 1504722367
2447,"Количество, дополнительно Таро предоставляемое владельцем комнаты, не может превышать {0}.","]e, bc",2227657957 3357928159 1387437502
2448,Общее количество вознаграждений не может превышать {0},,2373274059 4131085948 4219955808
2449,Общее количество наград не может быть меньше {0}.,"E<FWJ, (|, ky, 3d",1936260652 2139195942 2476051848
2450,Название комнаты не может быть пустым.,"8.M@,  OB{",3056879168 1567106101 1668398914
2451,Приватная,"O^, :d, R=",2100488136 3452779772 2123289827
2452,Публичная,'3,1420528831 2274718195 691954995
2453,"Для входа в эту комнату требуются билеты: {0} за каждый матч. Вы уверены, что хотите присоединиться?","RT, ;m",1542320833 3263060162 2341573516
2454,Недостаточно Таро,,1059598732 646338194 444981001
2455,"Игра может начаться только тогда, когда комната заполнена и все игроки готовы.","/(, HB, kn",3187626230 4223606258 237293696
2456,Вы получили {0} наград!,"Hr, 9~C",3149922026 2068688334 1364652764
2457,Исключение,kc,2015129784 1784778413 1511728365
2458,Матч завершился аварийно. Награда была распределена между выжившими игроками. Вы получили {0} наград.,*],2070403414 663884691 1445629232
2459,"Вы не можете присоединиться к матчу, так как у вас недостаточно билетов.",ob,3011006883 3020063760 2575438107
2460,Из-за вашего длительного бездействия команда была переведена в приватный режим.,YSP'K,31359313 3908783785 3263015979
2461,Соревновательная комната,,2341135205 3528502816 3460410990
2462,Соревновательный,".w, =<",1103376361 1518289026 974604035
2463,"Произошла ошибка в соревновательной комнате. Пожалуйста, создайте новую или присоединитесь к другой.","57, jS",11502015 3549765527 2191327088
2464,"Не удалось запросить список соревновательных комнат. Пожалуйста, попробуйте снова.",o(\W,1106271583 4158098789 3618111888
2465,Вы уже находитесь в комнате и не можете присоединиться к другой.,"dU, Z: , !3",87205835 3346115048 3168274924
2466,Вы уже находитесь в комнате и не можете создать соревновательную комнату.,hp,1580006520 2027962255 1552783643
2467,Вы в бою и не можете управлять соревновательной комнатой.,"p:, jK, *h",2054686218 2693975985 3873289785
2468,Не удалось приобрести Мифический сундук,f?,148567596 3656999084 1387536661
2469,Бесплатно,l:a,3048271030 3430435574 3974074464
2470,Мифический сундук,zF,2364260790 2810750041 541426556
2471,й раз,"&a, ;)",3187439360 3756730125 468240408
2472,Правила Призыва Мифического сундука,<QmR,2192661039 2621671833 3862764954
2473,Каждый призыв гарантированно да,"y[, APFM}, ]v",522741490 960366651 904431492
2474,т нового персонажа! Если у вас есть все,"_^3m, {!",3155769346 297579611 2549153036
2475,последующие призывы в этом сезоне бесплатны.,"9D^, )K?, S-",3116875033 3439171036 934165168
2476,Стоимость Призыва,i9;p,2362891878 3249450229 4115565036
2477,Базовый шанс,"X`U, O:",719037600 4227665218 3746687542
2478,Вы можете присоединиться только после достижения ранга {0} {1}.,{w@,1629097593 1279159093 2315479366
2479,Турнирные испытания,"/=3, [c",2633352459 3671089085 241534712
2480,Комната турнирного-испытания установлена как приватная.,"|K, Z1, z;",3123732663 3615785544 1235638306
2481,"Навык_2481 (w?5w, 8Fv7O)","w?5w, 8Fv7O",1100464380 3536553413 3675587089
2482,"Навык_2482 (0wLe, /O, '0W)","0wLe, /O, '0W",2725909440 2758250913 1162574354
2483,Навык_2483 (Zlf),Zlf,1169263738 2855665998 3699473095
2484,Навык_2484 (~zT),~zT,4204972439 3693269754 2053257119
2485,Навык_2485 (),,3380784943 2669803501 2663078983
2486,"Навык_2486 (=i, ! )","=i, ! ",3293033008 3604150323 769729880
2487,"Навык_2487 (NH, ({Dc,)","NH, ({Dc,",3284820654 598418559 4189459663
2488,Навык_2488 (uf),uf,2866525685 4230651968 2236808701
2489,"Навык_2489 (E=, ?d/C)","E=, ?d/C",2039479624 827800050 2927989343
2490,"Навык_2490 (_G, ,?H)","_G, ,?H",1479876649 216042476 985081410
2491,"Навык_2491 (+Fo, H!i)","+Fo, H!i",2382462230 4001219081 4008286701
2492,"Навык_2492 (MOI, v*, Fl)","MOI, v*, Fl",3624202896 734174876 4293449364
2493,Навык_2493 (bBD),bBD,3699751285 2550679900 3611033254
2494,"Навык_2494 (CG, n0)","CG, n0",4079868809 4239669927 3591591951
2495,Навык_2495 (q ),q ,3082878487 1319548706 3892127060
2496,Навык_2496 (?V),?V,480983891 3284382258 2869354078
2497,"Навык_2497 (X&b, X), ^5, C!)","X&b, X), ^5, C!",2012718647 509086645 1931486320
2498,"Навык_2498 (Sc, uT, $>*_)","Sc, uT, $>*_",3832824993 1878510252 2532395824
2499,Навык_2499 (),,2866202583 1016559620 967425220
2500,"Навык_2500 (Wlb, WLf)","Wlb, WLf",3039204440 3348904912 2108414732
2501,"Навык_2501 (:G, h}Q, -w)",":G, h}Q, -w",4226150508 2419245962 1982473287
2502,Навык_2502 (Cc),Cc,1073391446 2063043874 3533177134
2503,Навык_2503 (),,3216732321 3611385314 2535827973
2504,"Навык_2504 (LajJo., )C`, Ba)","LajJo., )C`, Ba",975870458 1017237611 1090596978
2505,"Навык_2505 (5k, f,))","5k, f,)",4262755850 1708013488 2914216110
2506,"Навык_2506 (|j, wVav, Pgc~;K)","|j, wVav, Pgc~;K",4148800790 856091388 2029371447
2507,Навык_2507 (),,3772351763 101205735 1497234867
2508,"Навык_2508 (v>, ix*G)","v>, ix*G",1020273794 2776537080 3191630133
2509,"Навык_2509 (Tl, v<)","Tl, v<",4280505703 3926820185 720598600
2510,"Навык_2510 (qki-', 5B, gr, @(H)","qki-', 5B, gr, @(H",1746373652 2385602127 2232231801
2511,Навык_2511 (KT),KT,1366446274 2449578941 3497215702
2512,Навык_2512 ({B),{B,1301877744 1459657645 94159175
2513,Навык_2513 (7/D),7/D,2392421265 1144430455 1406324494
2514,"Навык_2514 (~xV, .D)","~xV, .D",1181892339 3475139766 1279104592
2515,Навык_2515 (g[#),g[#,311311793 3895057589 3694813593
2516,Навык_2516 (ogWp),ogWp,2184561314 3188756628 1158498876
2517,Навык_2517 (),,3673432001 1735491064 599380234
2518,"Навык_2518 (5}, XQCeO)","5}, XQCeO",4213526451 312979278 241698167
2519,"Навык_2519 (hS, G')","hS, G'",1088185554 3173386794 509521664
2520,"Навык_2520 (K*., M+kp+$N)","K*., M+kp+$N",1365030411 1500251888 569318397
2521,Навык_2521 (),,4166573773 518745469 1072324096
2522,"Навык_2522 (PC, ~V)","PC, ~V",2138204191 3718316367 4019865039
2523,Навык_2523 (%I),%I,2622322539 2479043255 3143680622
2524,Навык_2524 ([$),[$,155278293 3775178435 3276032618
2525,"Навык_2525 (bh, <\Y)","bh, <\Y",2815088356 4094145523 1381806678
2526,Навык_2526 (_T),_T,3018645114 265029993 597380800
2527,"Навык_2527 (NH[i, bE)","NH[i, bE",1172612813 380798113 3549066707
2528,Навык_2528 ({c),{c,3640228826 1462396908 3655541326
2529,Навык_2529 (Z<),Z<,361111458 4255144389 2550627353
2530,Навык_2530 (QK),QK,1216628002 3154212645 943576829
2531,Навык_2531 (D;),D;,2103041779 1482806584 3448679096
2532,"Навык_2532 (Y(H@2, a<, (6)","Y(H@2, a<, (6",1566887458 4267916500 209368360
2533,"Навык_2533 (8Vm, =g)","8Vm, =g",812896300 2490248572 2601329990
2534,"Навык_2534 (&N, <\s, <})","&N, <\s, <}",3524651906 2447959737 3788535851
2535,"Навык_2535 (-&, Qrw)","-&, Qrw",362364826 582974477 3388271750
2536,"Навык_2536 (P7J, aYj)","P7J, aYj",3748054531 3529278945 2025416931
2537,Навык_2537 (/l),/l,423741019 1264967348 1206220008
2538,Навык_2538 (b_~Kp/:),b_~Kp/:,3127425609 3348862837 3575475098
2539,"Навык_2539 (zK, L^, U8)","zK, L^, U8",3852522212 2899431939 3734044018
2540,"Навык_2540 (?3O, S~, It)","?3O, S~, It",361240202 3549397679 1900242982
2541,"Навык_2541 (m=, r~)","m=, r~",1517460801 346660597 3312291489
2542,"Навык_2542 (mMu, Yx)","mMu, Yx",837021998 1830272509 706437436
2543,"Навык_2543 (U], ~j)","U], ~j",961000377 2536994696 661752717
2544,Навык_2544 (EKFT),EKFT,3296866085 419043526 64115950
2545,"Навык_2545 (k4, #A3)","k4, #A3",3251800612 3866510681 1371745643
2546,Навык_2546 (On|v),On|v,622136754 3804882598 1731325722
2547,Навык_2547 (),,3324575278 4034700660 175130233
2548,"Навык_2548 ()A, 7<)",")A, 7<",3896420347 763859467 1784289997
2549,"Навык_2549 (h&>r, D:)","h&>r, D:",688366111 1839278643 76590838
2550,Навык_2550 (qnm),qnm,3310449530 3941206843 2732537832
2551,Навык_2551 (U/),U/,3704430012 4044574811 68196020
2552,"Навык_2552 (D_`, N<()","D_`, N<(",1056276967 1390372889 1512636807
2553,Навык_2553 (G!3V),G!3V,2725788491 1399617277 1083272680
2554,"Навык_2554 ()W, &/I|?2, w8)",")W, &/I|?2, w8",2837450763 1822725381 3250605096
2555,Навык_2555 (?36),?36,2002249533 2461079120 2267986551
2556,"Навык_2556 (,3, ;3rZ)",",3, ;3rZ",241473130 1734473180 447559949
2557,"Навык_2557 (3\, ESS)","3\, ESS",1150362352 1201690610 1400415787
2558,Навык_2558 (),,639705874 1983211115 4216358035
2559,"Навык_2559 (gY, arw, ?j-)","gY, arw, ?j-",4242979085 3515951256 3279198562
2560,Навык_2560 (),,642014214 636592680 1992233050
2561,Навык_2561 (u5),u5,1179722013 3634266546 2622899520
2562,Навык_2562 (oy),oy,2431338468 2085156195 2469160188
2563,Навык_2563 (@}),@},4019208560 3302616067 3628713041
2564,"Навык_2564 (Ca, KkN)","Ca, KkN",4032536529 2466389856 4040747671
2565,"Навык_2565 (\s, ':, !M)","\s, ':, !M",771951906 3806644039 288809115
2566,"Навык_2566 (|6, 1^, ^4)","|6, 1^, ^4",3989141327 216815198 229154247
2567,Навык_2567 ([Y\f?),[Y\f?,1829077866 1107015225 1411954845
2568,Навык_2568 (),,2909208261 668868347 2384572956
2569,Навык_2569 (Rt),Rt,3247386905 1669492692 3932269482
2570,"Навык_2570 (q7, :R)","q7, :R",2177805373 3868660184 1989230801
2571,"Навык_2571 (.9, np$, *()",".9, np$, *(",2912155098 2315229566 2211826054
2572,Навык_2572 (z's0[y ),z's0[y ,1147870996 1215296095 2590869898
2573,Навык_2573 (MpU),MpU,2420850281 3624975973 1031746717
2574,Навык_2574 (),,500271913 4163197389 260715617
2575,"Навык_2575 ({?, O;, NF, r"")","{?, O;, NF, r""",251599693 2317611444 3858962562
2576,"Навык_2576 (#_, |g)","#_, |g",1221776038 3315328087 559268909
2577,Навык_2577 ((~),(~,1166216219 68431790 1802005007
2578,Навык_2578 (B!v6'),B!v6',994063504 1114636471 813678622
2579,Навык_2579 (lKM;\H),lKM;\H,1071948981 2555371865 2989962108
2580,"Навык_2580 (#s, &Nn)","#s, &Nn",198671038 2844615491 2972665231
2581,"Навык_2581 (""Z, o))","""Z, o)",547207680 521135393 598297572
2582,"Навык_2582 (SB, )*, Aqd)","SB, )*, Aqd",901842763 3657730210 1102723036
2583,"Навык_2583 (xo, 3i, .;, W$)","xo, 3i, .;, W$",1657200676 358903494 3446282052
2584,Навык_2584 (Ql),Ql,4154201230 125675239 2155550227
